Transaction_ID,Customer_ID,Category,Item,Price_Per_Unit,Quantity,Total_Spent,Payment_Method,Location,Transaction_Date,Discount_Applied
TXN_9458126,CUST_06,Beverages,Item_16_BEV,27.50,9.00,247.50,"Credit Card",Online,2022-05-07,
TXN_7482416,CUST_09,Patisserie,,0.00,10.00,200.00,"Credit Card",Online,2023-11-30,
TXN_2490363,CUST_09,"Milk Products",Item_16_MILK,27.50,2.00,55.00,"Digital Wallet",Online,2022-05-22,
TXN_1809665,CUST_14,Beverages,,24.50,0.00,0.00,"Credit Card",In-store,2022-05-11,
TXN_9634894,CUST_15,"Milk Products",,0.00,10.00,275.00,"Digital Wallet",Online,2022-04-17,
TXN_9939063,CUST_14,Beverages,Item_7_BEV,14.00,9.00,126.00,"Digital Wallet",In-store,2024-01-14,
TXN_8685338,CUST_15,"Milk Products",,0.00,3.00,105.00,"Credit Card",In-store,2023-10-29,
TXN_6547964,CUST_10,"Electric household essentials",Item_4_EHE,9.50,7.00,66.50,Cash,In-store,2022-08-15,
TXN_1494700,CUST_12,"Electric household essentials",Item_21_EHE,35.00,9.00,315.00,"Credit Card",In-store,2024-03-07,
TXN_1621497,CUST_06,Patisserie,,23.00,0.00,0.00,Cash,In-store,2023-02-18,
TXN_8312797,CUST_14,Beverages,Item_11_BEV,20.00,5.00,100.00,"Digital Wallet",Online,2022-06-03,
TXN_1019817,CUST_16,"Electric household essentials",Item_10_EHE,18.50,5.00,92.50,Cash,Online,2022-08-01,
TXN_1110407,CUST_25,Butchers,Item_24_BUT,39.50,7.00,276.50,"Digital Wallet",In-store,2022-10-21,
TXN_6276518,CUST_24,Beverages,Item_8_BEV,15.50,3.00,46.50,Cash,In-store,2024-04-08,
TXN_4740738,CUST_25,Food,Item_3_FOOD,8.00,1.00,8.00,"Digital Wallet",In-store,2022-04-19,
TXN_8425168,CUST_25,"Milk Products",Item_16_MILK,27.50,7.00,192.50,Cash,In-store,2022-03-12,
TXN_9451794,CUST_24,"Milk Products",Item_19_MILK,32.00,3.00,96.00,"Credit Card",Online,2024-01-28,
TXN_2383377,CUST_15,Furniture,Item_7_FUR,14.00,3.00,42.00,"Digital Wallet",In-store,2023-04-02,
TXN_6966182,CUST_02,Furniture,Item_16_FUR,27.50,9.00,247.50,Cash,Online,2024-09-06,
TXN_6340470,CUST_17,Butchers,Item_2_BUT,6.50,6.00,39.00,"Credit Card",In-store,2022-10-12,
TXN_2719047,CUST_03,Butchers,Item_20_BUT,33.50,4.00,134.00,"Credit Card",Online,2023-11-21,
TXN_7363165,CUST_25,Beverages,Item_4_BEV,9.50,7.00,66.50,"Digital Wallet",In-store,2023-03-25,
TXN_2780662,CUST_02,"Milk Products",Item_19_MILK,32.00,10.00,320.00,"Digital Wallet",In-store,2023-01-19,
TXN_3933685,CUST_09,"Computers and electric accessories",Item_20_CEA,33.50,10.00,335.00,"Credit Card",Online,2022-04-15,
TXN_8955685,CUST_24,Food,Item_20_FOOD,33.50,2.00,67.00,"Digital Wallet",Online,2023-04-24,
TXN_7821493,CUST_07,Patisserie,Item_17_PAT,29.00,10.00,290.00,"Credit Card",In-store,2024-12-17,
TXN_8244728,CUST_08,Food,Item_7_FOOD,14.00,1.00,14.00,"Credit Card",In-store,2024-04-27,
TXN_3858145,CUST_17,Furniture,Item_21_FUR,35.00,3.00,105.00,"Digital Wallet",Online,2023-04-01,
TXN_2414530,CUST_24,"Milk Products",Item_8_MILK,15.50,8.00,124.00,Cash,Online,2024-06-20,
TXN_7296720,CUST_18,Patisserie,Item_4_PAT,9.50,5.00,47.50,Cash,Online,2024-09-12,
TXN_1958345,CUST_08,"Electric household essentials",Item_4_EHE,9.50,8.00,76.00,Cash,In-store,2024-06-28,
TXN_1528585,CUST_15,"Electric household essentials",Item_6_EHE,12.50,1.00,12.50,"Credit Card",In-store,2024-09-17,
TXN_7209607,CUST_25,Food,Item_18_FOOD,30.50,6.00,183.00,"Credit Card",In-store,2023-08-25,
TXN_9464391,CUST_04,Food,Item_18_FOOD,30.50,10.00,305.00,Cash,Online,2023-11-17,
TXN_7956502,CUST_06,Butchers,Item_8_BUT,15.50,7.00,108.50,"Credit Card",In-store,2024-04-30,
TXN_1352831,CUST_04,Food,Item_22_FOOD,36.50,3.00,109.50,"Credit Card",Online,2023-10-31,
TXN_9204828,CUST_07,"Computers and electric accessories",Item_25_CEA,41.00,7.00,287.00,Cash,Online,2022-03-05,
TXN_8215469,CUST_17,"Milk Products",Item_23_MILK,38.00,10.00,380.00,"Digital Wallet",In-store,2024-03-16,
TXN_2878134,CUST_18,Butchers,Item_8_BUT,15.50,9.00,139.50,"Credit Card",In-store,2024-05-10,
TXN_3123571,CUST_15,Furniture,Item_23_FUR,38.00,3.00,114.00,"Digital Wallet",Online,2022-08-07,
TXN_1112365,CUST_19,Food,Item_24_FOOD,39.50,10.00,395.00,Cash,Online,2023-09-24,
TXN_2953434,CUST_25,Furniture,Item_25_FUR,41.00,10.00,410.00,"Credit Card",In-store,2023-08-10,
TXN_1249742,CUST_05,"Milk Products",Item_24_MILK,39.50,10.00,395.00,"Digital Wallet",Online,2024-03-21,
TXN_4633046,CUST_13,"Computers and electric accessories",Item_2_CEA,6.50,5.00,32.50,"Digital Wallet",Online,2023-08-25,
TXN_6149882,CUST_09,Beverages,Item_20_BEV,33.50,1.00,33.50,"Credit Card",Online,2023-01-22,
TXN_8809000,CUST_23,"Milk Products",Item_3_MILK,8.00,3.00,24.00,Cash,In-store,2023-01-10,
TXN_5008001,CUST_03,"Electric household essentials",Item_10_EHE,18.50,6.00,111.00,"Credit Card",Online,2024-11-04,
TXN_3541663,CUST_25,Furniture,Item_2_FUR,6.50,5.00,32.50,"Digital Wallet",In-store,2023-07-19,
TXN_1390866,CUST_09,Patisserie,Item_6_PAT,12.50,2.00,25.00,"Digital Wallet",In-store,2024-03-30,
TXN_1804192,CUST_20,Furniture,Item_8_FUR,15.50,9.00,139.50,Cash,Online,2024-06-07,
TXN_1882210,CUST_13,Food,Item_14_FOOD,24.50,4.00,98.00,"Digital Wallet",In-store,2022-03-02,
TXN_1336269,CUST_19,Beverages,Item_7_BEV,14.00,6.00,84.00,"Digital Wallet",Online,2024-12-25,
TXN_2479337,CUST_10,Patisserie,Item_25_PAT,41.00,7.00,287.00,"Credit Card",In-store,2023-08-05,
TXN_8784273,CUST_25,"Computers and electric accessories",Item_14_CEA,24.50,4.00,98.00,Cash,In-store,2022-05-02,
TXN_7771182,CUST_10,"Electric household essentials",Item_19_EHE,32.00,6.00,192.00,"Credit Card",In-store,2022-01-20,
TXN_1132339,CUST_01,Beverages,Item_11_BEV,20.00,4.00,80.00,"Credit Card",Online,2023-07-12,
TXN_9496190,CUST_18,"Computers and electric accessories",Item_18_CEA,30.50,3.00,91.50,Cash,Online,2024-02-24,
TXN_1821423,CUST_22,Furniture,Item_25_FUR,41.00,2.00,82.00,"Credit Card",Online,2022-01-13,
TXN_8460432,CUST_15,Furniture,Item_5_FUR,11.00,8.00,88.00,"Digital Wallet",Online,2022-02-05,
TXN_6630594,CUST_07,"Milk Products",Item_3_MILK,8.00,5.00,40.00,Cash,In-store,2023-12-03,
TXN_2611065,CUST_04,"Milk Products",Item_15_MILK,26.00,8.00,208.00,Cash,In-store,2023-02-05,
TXN_2749184,CUST_24,Food,Item_20_FOOD,33.50,5.00,167.50,"Credit Card",Online,2023-04-18,
TXN_1484334,CUST_01,Butchers,Item_7_BUT,14.00,3.00,42.00,Cash,Online,2023-03-19,
TXN_3557526,CUST_21,"Computers and electric accessories",Item_16_CEA,27.50,9.00,247.50,"Digital Wallet",In-store,2023-12-25,
TXN_1402493,CUST_24,Furniture,Item_24_FUR,39.50,5.00,197.50,"Credit Card",In-store,2024-11-27,
TXN_1588276,CUST_20,Butchers,Item_8_BUT,15.50,3.00,46.50,"Digital Wallet",In-store,2022-10-08,
TXN_7804271,CUST_22,Patisserie,,0.00,8.00,40.00,Cash,Online,2023-02-10,
TXN_6926974,CUST_22,"Computers and electric accessories",Item_4_CEA,9.50,5.00,47.50,"Credit Card",Online,2024-10-16,
TXN_1747548,CUST_04,Beverages,Item_25_BEV,41.00,2.00,82.00,"Digital Wallet",Online,2024-11-06,
TXN_8786633,CUST_16,Patisserie,Item_24_PAT,39.50,3.00,118.50,"Credit Card",Online,2022-09-14,
TXN_4174281,CUST_19,Butchers,Item_1_BUT,5.00,7.00,35.00,"Digital Wallet",In-store,2023-04-18,
TXN_3805794,CUST_05,Butchers,Item_23_BUT,38.00,5.00,190.00,"Credit Card",Online,2024-08-29,
TXN_1811555,CUST_15,Food,,30.50,0.00,0.00,Cash,Online,2023-07-31,
TXN_4878744,CUST_02,"Electric household essentials",Item_10_EHE,18.50,4.00,74.00,"Digital Wallet",Online,2022-06-26,
TXN_3303186,CUST_06,Food,Item_5_FOOD,11.00,6.00,66.00,"Credit Card",In-store,2022-06-10,
TXN_7214951,CUST_04,Beverages,Item_25_BEV,41.00,5.00,205.00,Cash,In-store,2023-10-12,
TXN_1583510,CUST_11,"Computers and electric accessories",Item_5_CEA,11.00,10.00,110.00,Cash,Online,2024-01-29,
TXN_3755291,CUST_09,"Milk Products",Item_2_MILK,6.50,1.00,6.50,Cash,Online,2022-11-15,
TXN_3187729,CUST_18,"Electric household essentials",Item_25_EHE,41.00,9.00,369.00,"Digital Wallet",In-store,2024-06-25,
TXN_9667841,CUST_11,Patisserie,Item_22_PAT,36.50,7.00,255.50,"Digital Wallet",Online,2024-06-05,
TXN_3433195,CUST_24,"Electric household essentials",,0.00,7.00,150.50,Cash,Online,2023-03-30,
TXN_6339738,CUST_25,Butchers,Item_12_BUT,21.50,7.00,150.50,"Credit Card",In-store,2022-04-01,
TXN_8912717,CUST_05,"Milk Products",Item_2_MILK,6.50,10.00,65.00,"Credit Card",In-store,2022-07-28,
TXN_9840878,CUST_07,"Computers and electric accessories",Item_9_CEA,17.00,10.00,170.00,"Digital Wallet",In-store,2023-10-17,
TXN_6001621,CUST_15,Furniture,Item_8_FUR,15.50,1.00,15.50,"Credit Card",In-store,2022-10-09,
TXN_2077907,CUST_16,Furniture,Item_14_FUR,24.50,1.00,24.50,"Digital Wallet",In-store,2022-06-20,
TXN_6429566,CUST_01,"Milk Products",Item_24_MILK,39.50,3.00,118.50,Cash,Online,2023-03-08,
TXN_9130896,CUST_03,Food,,20.00,0.00,0.00,"Digital Wallet",In-store,2022-05-17,
TXN_9538956,CUST_10,"Computers and electric accessories",Item_5_CEA,11.00,5.00,55.00,Cash,In-store,2022-02-22,
TXN_6906173,CUST_02,Patisserie,Item_7_PAT,14.00,7.00,98.00,Cash,Online,2024-11-04,
TXN_3317964,CUST_25,"Milk Products",Item_8_MILK,15.50,2.00,31.00,"Digital Wallet",In-store,2024-07-01,
TXN_4654673,CUST_20,Butchers,Item_23_BUT,38.00,1.00,38.00,Cash,In-store,2024-09-14,
TXN_7571093,CUST_17,"Milk Products",,0.00,9.00,99.00,"Digital Wallet",In-store,2022-11-18,
TXN_1130823,CUST_13,"Computers and electric accessories",Item_9_CEA,17.00,10.00,170.00,"Credit Card",In-store,2024-11-02,
TXN_2655759,CUST_23,Furniture,Item_25_FUR,41.00,3.00,123.00,Cash,In-store,2024-09-18,
TXN_3096445,CUST_17,"Computers and electric accessories",,32.00,0.00,0.00,"Digital Wallet",In-store,2024-06-25,
TXN_8404227,CUST_03,Beverages,Item_2_BEV,6.50,9.00,58.50,"Digital Wallet",Online,2023-12-29,
TXN_2374689,CUST_19,Beverages,Item_2_BEV,6.50,1.00,6.50,Cash,In-store,2024-05-21,
TXN_4944574,CUST_19,Patisserie,Item_24_PAT,39.50,6.00,237.00,"Digital Wallet",Online,2024-04-11,
TXN_8685820,CUST_05,Beverages,Item_1_BEV,5.00,10.00,50.00,"Digital Wallet",Online,2023-03-23,
TXN_4160315,CUST_05,"Milk Products",Item_19_MILK,32.00,9.00,288.00,"Digital Wallet",Online,2022-08-20,
TXN_8838958,CUST_01,"Computers and electric accessories",,15.50,0.00,0.00,Cash,In-store,2024-11-08,
TXN_9279646,CUST_08,"Milk Products",Item_9_MILK,17.00,7.00,119.00,"Credit Card",Online,2022-10-11,
TXN_3841425,CUST_24,"Milk Products",Item_8_MILK,15.50,6.00,93.00,"Credit Card",In-store,2024-10-01,
TXN_3427896,CUST_15,Patisserie,Item_12_PAT,21.50,3.00,64.50,Cash,In-store,2024-12-26,
TXN_7315614,CUST_22,Furniture,Item_15_FUR,26.00,10.00,260.00,"Digital Wallet",In-store,2024-02-10,
TXN_5441868,CUST_05,Furniture,Item_5_FUR,11.00,5.00,55.00,"Digital Wallet",Online,2022-03-07,
TXN_6260961,CUST_16,"Electric household essentials",Item_25_EHE,41.00,1.00,41.00,Cash,In-store,2024-10-25,
TXN_2139409,CUST_23,Food,Item_13_FOOD,23.00,9.00,207.00,"Digital Wallet",Online,2022-05-21,
TXN_5940844,CUST_23,Beverages,Item_19_BEV,32.00,2.00,64.00,"Credit Card",In-store,2023-09-12,
TXN_6676210,CUST_02,"Computers and electric accessories",Item_17_CEA,29.00,8.00,232.00,"Digital Wallet",Online,2023-11-27,
TXN_4181012,CUST_21,Patisserie,Item_8_PAT,15.50,6.00,93.00,Cash,Online,2024-06-24,
TXN_1475212,CUST_11,Beverages,Item_11_BEV,20.00,6.00,120.00,Cash,Online,2023-10-14,
TXN_4374445,CUST_12,Food,Item_25_FOOD,41.00,10.00,410.00,"Digital Wallet",Online,2024-10-17,
TXN_2496138,CUST_22,Food,,11.00,0.00,0.00,Cash,Online,2023-10-04,
TXN_9041908,CUST_22,"Electric household essentials",Item_25_EHE,41.00,8.00,328.00,Cash,Online,2022-06-22,
TXN_6035994,CUST_15,Beverages,Item_6_BEV,12.50,8.00,100.00,"Credit Card",In-store,2024-10-30,
TXN_9583800,CUST_17,"Electric household essentials",Item_12_EHE,21.50,2.00,43.00,Cash,Online,2023-09-18,
TXN_7043807,CUST_24,Furniture,,0.00,7.00,182.00,"Digital Wallet",In-store,2022-02-07,
TXN_2540564,CUST_24,"Computers and electric accessories",Item_5_CEA,11.00,1.00,11.00,Cash,Online,2023-08-18,
TXN_1783309,CUST_08,Patisserie,Item_15_PAT,26.00,9.00,234.00,"Credit Card",Online,2023-01-17,
TXN_7738273,CUST_06,Beverages,Item_3_BEV,8.00,9.00,72.00,Cash,Online,2024-03-23,
TXN_9409545,CUST_05,"Electric household essentials",Item_22_EHE,36.50,7.00,255.50,"Credit Card",Online,2022-02-24,
TXN_5426614,CUST_19,"Milk Products",Item_15_MILK,26.00,7.00,182.00,"Digital Wallet",Online,2022-08-06,
TXN_1712455,CUST_25,Butchers,Item_5_BUT,11.00,9.00,99.00,"Credit Card",In-store,2024-03-11,
TXN_7017598,CUST_04,Patisserie,Item_4_PAT,9.50,6.00,57.00,"Credit Card",Online,2023-06-07,
TXN_7383288,CUST_10,"Milk Products",,26.00,0.00,0.00,"Digital Wallet",In-store,2022-08-12,
TXN_9564689,CUST_18,Patisserie,Item_14_PAT,24.50,4.00,98.00,Cash,Online,2022-04-06,
TXN_7177109,CUST_05,Furniture,Item_14_FUR,24.50,4.00,98.00,Cash,In-store,2023-06-12,
TXN_3673808,CUST_23,Patisserie,Item_19_PAT,32.00,10.00,320.00,"Digital Wallet",In-store,2023-11-18,
TXN_1386646,CUST_24,Patisserie,Item_11_PAT,20.00,6.00,120.00,"Digital Wallet",Online,2022-12-07,
TXN_3840387,CUST_19,Beverages,Item_7_BEV,14.00,5.00,70.00,Cash,In-store,2024-12-29,
TXN_9352178,CUST_24,Patisserie,Item_2_PAT,6.50,8.00,52.00,"Digital Wallet",In-store,2023-03-24,
TXN_8348586,CUST_03,"Electric household essentials",,0.00,8.00,220.00,"Credit Card",Online,2022-08-12,
TXN_2676761,CUST_15,"Electric household essentials",Item_17_EHE,29.00,9.00,261.00,"Digital Wallet",In-store,2024-04-03,
TXN_1409260,CUST_08,"Electric household essentials",Item_8_EHE,15.50,1.00,15.50,"Credit Card",In-store,2022-09-21,
TXN_5744111,CUST_13,Beverages,Item_3_BEV,8.00,3.00,24.00,"Credit Card",Online,2024-08-21,
TXN_5319794,CUST_01,Beverages,Item_16_BEV,27.50,10.00,275.00,"Credit Card",Online,2023-05-01,
TXN_3342497,CUST_18,Patisserie,Item_9_PAT,17.00,4.00,68.00,"Credit Card",In-store,2023-07-03,
TXN_7235181,CUST_22,"Milk Products",Item_3_MILK,8.00,8.00,64.00,"Digital Wallet",Online,2023-12-13,
TXN_4570770,CUST_12,"Electric household essentials",Item_11_EHE,20.00,3.00,60.00,"Credit Card",In-store,2023-04-29,
TXN_1544024,CUST_20,Patisserie,Item_17_PAT,29.00,8.00,232.00,Cash,Online,2024-11-16,
TXN_2771813,CUST_17,"Electric household essentials",,41.00,0.00,0.00,"Digital Wallet",Online,2022-06-10,
TXN_2461753,CUST_12,"Computers and electric accessories",Item_19_CEA,32.00,10.00,320.00,Cash,Online,2022-10-18,
TXN_9014066,CUST_01,Butchers,Item_12_BUT,21.50,3.00,64.50,"Digital Wallet",Online,2022-11-20,
TXN_3864156,CUST_10,Butchers,Item_12_BUT,21.50,8.00,172.00,"Credit Card",In-store,2023-05-25,
TXN_5675339,CUST_20,"Electric household essentials",Item_20_EHE,33.50,4.00,134.00,"Credit Card",Online,2024-01-12,
TXN_7927802,CUST_20,Butchers,Item_22_BUT,36.50,8.00,292.00,"Digital Wallet",Online,2023-06-30,
TXN_1607995,CUST_23,"Electric household essentials",Item_19_EHE,32.00,6.00,192.00,"Credit Card",In-store,2023-12-24,
TXN_7377480,CUST_23,Food,Item_10_FOOD,18.50,6.00,111.00,Cash,Online,2024-03-13,
TXN_5387201,CUST_14,Furniture,Item_2_FUR,6.50,6.00,39.00,"Digital Wallet",Online,2024-11-06,
TXN_7739969,CUST_17,"Computers and electric accessories",Item_12_CEA,21.50,3.00,64.50,Cash,Online,2023-12-14,
TXN_2610751,CUST_05,Butchers,Item_25_BUT,41.00,5.00,205.00,Cash,Online,2022-05-30,
TXN_5372618,CUST_08,"Electric household essentials",Item_15_EHE,26.00,7.00,182.00,"Digital Wallet",In-store,2022-05-18,
TXN_9725690,CUST_21,"Electric household essentials",Item_8_EHE,15.50,6.00,93.00,"Credit Card",Online,2022-08-30,
TXN_1619388,CUST_01,"Computers and electric accessories",Item_15_CEA,26.00,1.00,26.00,"Digital Wallet",Online,2024-05-23,
TXN_8846502,CUST_25,Patisserie,Item_9_PAT,17.00,6.00,102.00,Cash,In-store,2024-08-07,
TXN_5361643,CUST_19,Food,,0.00,2.00,46.00,"Digital Wallet",Online,2023-12-19,
TXN_3791514,CUST_16,Patisserie,Item_4_PAT,9.50,2.00,19.00,"Digital Wallet",Online,2023-01-08,
TXN_1354667,CUST_08,Beverages,Item_8_BEV,15.50,5.00,77.50,Cash,Online,2022-04-04,
TXN_1597974,CUST_08,"Milk Products",Item_18_MILK,30.50,2.00,61.00,Cash,Online,2023-10-20,
TXN_3795673,CUST_14,Butchers,Item_5_BUT,11.00,7.00,77.00,Cash,In-store,2024-02-02,
TXN_4897743,CUST_01,Food,,0.00,9.00,193.50,"Credit Card",In-store,2024-03-18,
TXN_1565398,CUST_25,Food,,0.00,8.00,148.00,"Credit Card",In-store,2022-06-15,
TXN_5579136,CUST_24,Beverages,Item_14_BEV,24.50,8.00,196.00,"Digital Wallet",In-store,2023-05-12,
TXN_9472812,CUST_04,Food,,11.00,0.00,0.00,"Digital Wallet",Online,2024-08-16,
TXN_9837294,CUST_23,Beverages,Item_4_BEV,9.50,4.00,38.00,"Digital Wallet",In-store,2024-06-15,
TXN_5240854,CUST_16,"Computers and electric accessories",Item_21_CEA,35.00,6.00,210.00,Cash,Online,2024-10-09,
TXN_8101203,CUST_18,Food,Item_5_FOOD,11.00,10.00,110.00,"Credit Card",In-store,2022-04-14,
TXN_1830813,CUST_15,"Milk Products",Item_22_MILK,36.50,8.00,292.00,"Credit Card",Online,2023-11-05,
TXN_4126221,CUST_03,Furniture,Item_2_FUR,6.50,1.00,6.50,Cash,Online,2023-07-03,
TXN_3948610,CUST_07,Furniture,,33.50,0.00,0.00,"Digital Wallet",In-store,2023-02-24,
TXN_4597218,CUST_23,Patisserie,Item_2_PAT,6.50,10.00,65.00,"Credit Card",Online,2024-06-19,
TXN_7993933,CUST_13,"Milk Products",Item_13_MILK,23.00,6.00,138.00,"Credit Card",Online,2022-09-12,
TXN_6454565,CUST_24,Furniture,Item_6_FUR,12.50,3.00,37.50,"Credit Card",Online,2022-05-07,
TXN_4827758,CUST_06,"Milk Products",Item_9_MILK,17.00,3.00,51.00,Cash,In-store,2023-11-16,
TXN_7002371,CUST_25,Butchers,Item_1_BUT,5.00,3.00,15.00,Cash,In-store,2022-01-15,
TXN_3087080,CUST_23,"Computers and electric accessories",Item_19_CEA,32.00,7.00,224.00,"Digital Wallet",In-store,2022-04-23,
TXN_2221021,CUST_11,Beverages,Item_22_BEV,36.50,5.00,182.50,"Digital Wallet",In-store,2022-01-09,
TXN_2947270,CUST_12,Furniture,Item_5_FUR,11.00,3.00,33.00,"Digital Wallet",In-store,2022-12-12,
TXN_7169040,CUST_21,Furniture,Item_1_FUR,5.00,10.00,50.00,"Digital Wallet",In-store,2022-04-07,
TXN_9951872,CUST_16,"Electric household essentials",Item_24_EHE,39.50,7.00,276.50,Cash,Online,2024-11-10,
TXN_6586324,CUST_15,Butchers,,0.00,6.00,183.00,"Digital Wallet",In-store,2024-05-08,
TXN_3490623,CUST_09,Patisserie,Item_8_PAT,15.50,2.00,31.00,"Credit Card",Online,2022-03-02,
TXN_6440999,CUST_04,"Milk Products",Item_8_MILK,15.50,2.00,31.00,"Digital Wallet",Online,2022-06-28,
TXN_4189415,CUST_03,Food,Item_2_FOOD,6.50,4.00,26.00,"Credit Card",In-store,2024-03-08,
TXN_8955882,CUST_09,"Milk Products",Item_13_MILK,23.00,10.00,230.00,"Digital Wallet",Online,2023-12-03,
TXN_5430099,CUST_08,Patisserie,Item_8_PAT,15.50,6.00,93.00,"Credit Card",Online,2023-08-10,
TXN_6053212,CUST_08,"Electric household essentials",Item_2_EHE,6.50,10.00,65.00,"Credit Card",In-store,2023-11-02,
TXN_3543865,CUST_09,"Computers and electric accessories",Item_12_CEA,21.50,1.00,21.50,Cash,In-store,2023-11-20,
TXN_1865764,CUST_08,"Computers and electric accessories",Item_21_CEA,35.00,8.00,280.00,"Credit Card",Online,2024-12-10,
TXN_4354993,CUST_15,"Milk Products",Item_21_MILK,35.00,7.00,245.00,Cash,In-store,2023-10-09,
TXN_1099045,CUST_21,Patisserie,Item_10_PAT,18.50,6.00,111.00,"Digital Wallet",Online,2022-09-12,
TXN_4464985,CUST_14,Butchers,Item_13_BUT,23.00,8.00,184.00,"Digital Wallet",Online,2022-12-02,
TXN_6117973,CUST_10,"Electric household essentials",Item_15_EHE,26.00,7.00,182.00,Cash,Online,2022-05-15,
TXN_3761426,CUST_11,Furniture,Item_11_FUR,20.00,1.00,20.00,"Credit Card",In-store,2024-12-16,
TXN_5930319,CUST_16,"Electric household essentials",Item_15_EHE,26.00,3.00,78.00,Cash,In-store,2022-08-29,
TXN_3141947,CUST_14,Food,Item_17_FOOD,29.00,7.00,203.00,"Credit Card",In-store,2022-08-10,
TXN_6126899,CUST_10,"Milk Products",Item_13_MILK,23.00,7.00,161.00,"Credit Card",In-store,2023-11-08,
TXN_8788021,CUST_25,Food,Item_17_FOOD,29.00,3.00,87.00,"Digital Wallet",In-store,2024-11-26,
TXN_5636224,CUST_23,"Computers and electric accessories",Item_12_CEA,21.50,4.00,86.00,Cash,Online,2024-10-04,
TXN_9191575,CUST_01,"Milk Products",Item_4_MILK,9.50,7.00,66.50,"Digital Wallet",In-store,2024-01-28,
TXN_6205992,CUST_11,Beverages,Item_8_BEV,15.50,6.00,93.00,"Credit Card",In-store,2023-07-08,
TXN_9717999,CUST_03,Furniture,Item_14_FUR,24.50,2.00,49.00,"Digital Wallet",In-store,2022-04-29,
TXN_7037115,CUST_07,Furniture,Item_5_FUR,11.00,5.00,55.00,"Credit Card",In-store,2024-02-23,
TXN_1534987,CUST_04,Food,Item_6_FOOD,12.50,3.00,37.50,Cash,Online,2022-07-03,
TXN_5910508,CUST_08,Patisserie,Item_8_PAT,15.50,10.00,155.00,"Digital Wallet",In-store,2022-11-15,
TXN_8827064,CUST_02,Food,Item_5_FOOD,11.00,2.00,22.00,"Credit Card",Online,2022-11-10,
TXN_9007323,CUST_12,Furniture,Item_8_FUR,15.50,9.00,139.50,Cash,In-store,2022-05-08,
TXN_5114872,CUST_10,"Computers and electric accessories",Item_2_CEA,6.50,1.00,6.50,Cash,In-store,2024-01-27,
TXN_1931979,CUST_25,Beverages,Item_15_BEV,26.00,6.00,156.00,Cash,In-store,2024-10-21,
TXN_6267373,CUST_19,Food,Item_17_FOOD,29.00,6.00,174.00,"Digital Wallet",Online,2022-05-29,
TXN_5544428,CUST_18,"Computers and electric accessories",Item_13_CEA,23.00,8.00,184.00,"Credit Card",Online,2023-07-25,
TXN_1459286,CUST_03,Furniture,Item_20_FUR,33.50,1.00,33.50,Cash,Online,2024-11-18,
TXN_1714958,CUST_10,Beverages,Item_17_BEV,29.00,5.00,145.00,Cash,Online,2023-05-17,
TXN_4250184,CUST_05,Furniture,Item_12_FUR,21.50,10.00,215.00,"Credit Card",Online,2023-08-27,
TXN_5288250,CUST_11,Furniture,Item_5_FUR,11.00,4.00,44.00,"Credit Card",In-store,2022-12-01,
TXN_2992398,CUST_23,"Milk Products",Item_13_MILK,23.00,1.00,23.00,"Digital Wallet",In-store,2023-09-13,
TXN_8933445,CUST_06,Food,Item_13_FOOD,23.00,5.00,115.00,"Digital Wallet",Online,2025-01-16,
TXN_4141037,CUST_18,"Computers and electric accessories",Item_23_CEA,38.00,3.00,114.00,Cash,In-store,2022-05-02,
TXN_4978776,CUST_04,Butchers,Item_25_BUT,41.00,8.00,328.00,"Credit Card",Online,2024-03-17,
TXN_2228646,CUST_12,"Computers and electric accessories",Item_18_CEA,30.50,9.00,274.50,"Digital Wallet",In-store,2022-02-12,
TXN_1644496,CUST_25,Butchers,Item_21_BUT,35.00,6.00,210.00,Cash,Online,2022-06-30,
TXN_6771103,CUST_11,Butchers,Item_1_BUT,5.00,3.00,15.00,Cash,Online,2024-06-17,
TXN_2885265,CUST_19,"Computers and electric accessories",Item_25_CEA,41.00,6.00,246.00,"Digital Wallet",In-store,2022-08-07,
TXN_3904812,CUST_23,Beverages,Item_15_BEV,26.00,9.00,234.00,"Credit Card",Online,2022-03-22,
TXN_5743023,CUST_22,"Electric household essentials",Item_12_EHE,21.50,2.00,43.00,"Credit Card",Online,2022-12-17,
TXN_5005963,CUST_12,"Milk Products",Item_1_MILK,5.00,5.00,25.00,"Credit Card",Online,2024-03-27,
TXN_3330819,CUST_21,"Computers and electric accessories",Item_2_CEA,6.50,6.00,39.00,"Digital Wallet",In-store,2022-01-19,
TXN_5554744,CUST_07,Furniture,Item_25_FUR,41.00,9.00,369.00,"Digital Wallet",In-store,2024-07-07,
TXN_5258958,CUST_07,Butchers,Item_11_BUT,20.00,10.00,200.00,"Digital Wallet",Online,2024-11-23,
TXN_1871813,CUST_10,Beverages,Item_7_BEV,14.00,1.00,14.00,Cash,In-store,2022-08-09,
TXN_4967670,CUST_02,Patisserie,Item_4_PAT,9.50,9.00,85.50,Cash,In-store,2022-07-15,
TXN_5926696,CUST_12,Butchers,Item_20_BUT,33.50,8.00,268.00,"Credit Card",Online,2022-08-24,
TXN_1550220,CUST_13,Food,Item_6_FOOD,12.50,10.00,125.00,"Credit Card",In-store,2023-02-03,
TXN_7005877,CUST_06,"Electric household essentials",Item_12_EHE,21.50,8.00,172.00,"Digital Wallet",Online,2022-11-25,
TXN_4385983,CUST_25,"Milk Products",Item_13_MILK,23.00,3.00,69.00,"Digital Wallet",Online,2024-08-24,
TXN_8482271,CUST_23,Patisserie,,20.00,0.00,0.00,Cash,Online,2022-01-05,
TXN_5367164,CUST_20,Furniture,Item_15_FUR,26.00,8.00,208.00,"Credit Card",In-store,2023-12-13,
TXN_9856909,CUST_10,Patisserie,Item_14_PAT,24.50,7.00,171.50,Cash,In-store,2022-07-10,
TXN_3104119,CUST_19,Furniture,Item_4_FUR,9.50,2.00,19.00,Cash,Online,2022-04-19,
TXN_7205141,CUST_04,"Milk Products",Item_5_MILK,11.00,1.00,11.00,Cash,In-store,2022-05-29,
TXN_4327459,CUST_14,Beverages,Item_14_BEV,24.50,7.00,171.50,"Credit Card",In-store,2022-01-09,
TXN_8321866,CUST_01,Furniture,Item_8_FUR,15.50,4.00,62.00,"Credit Card",Online,2023-08-27,
TXN_6016690,CUST_06,"Computers and electric accessories",Item_11_CEA,20.00,3.00,60.00,"Credit Card",Online,2023-12-13,
TXN_5236248,CUST_21,Food,Item_10_FOOD,18.50,9.00,166.50,Cash,Online,2025-01-15,
TXN_2694098,CUST_09,"Milk Products",Item_11_MILK,20.00,10.00,200.00,Cash,Online,2024-10-20,
TXN_6159011,CUST_21,Furniture,Item_2_FUR,6.50,1.00,6.50,"Digital Wallet",Online,2022-07-20,
TXN_9618417,CUST_24,"Electric household essentials",Item_5_EHE,11.00,10.00,110.00,Cash,Online,2022-10-05,
TXN_1134117,CUST_18,Beverages,Item_20_BEV,33.50,1.00,33.50,Cash,Online,2024-12-30,
TXN_6322703,CUST_17,"Milk Products",Item_1_MILK,5.00,2.00,10.00,Cash,In-store,2023-07-11,
TXN_3402387,CUST_22,Food,Item_4_FOOD,9.50,3.00,28.50,"Credit Card",Online,2023-11-30,
TXN_7068372,CUST_23,"Computers and electric accessories",,23.00,0.00,0.00,"Digital Wallet",In-store,2022-12-10,
TXN_3120139,CUST_23,Food,Item_4_FOOD,9.50,6.00,57.00,"Credit Card",Online,2024-02-11,
TXN_3348274,CUST_11,Food,Item_20_FOOD,33.50,4.00,134.00,Cash,Online,2022-03-24,
TXN_4722486,CUST_04,Furniture,Item_20_FUR,33.50,2.00,67.00,Cash,Online,2023-12-11,
TXN_7434102,CUST_21,Butchers,Item_20_BUT,33.50,7.00,234.50,Cash,Online,2022-12-11,
TXN_2862297,CUST_11,Butchers,Item_7_BUT,14.00,9.00,126.00,"Credit Card",In-store,2022-09-08,
TXN_5498786,CUST_11,"Computers and electric accessories",Item_25_CEA,41.00,7.00,287.00,"Credit Card",In-store,2024-07-18,
TXN_2329223,CUST_15,Food,Item_22_FOOD,36.50,10.00,365.00,"Credit Card",Online,2024-07-15,
TXN_1972761,CUST_23,Patisserie,,0.00,10.00,80.00,"Credit Card",In-store,2024-10-24,
TXN_5366697,CUST_01,"Milk Products",Item_1_MILK,5.00,1.00,5.00,"Credit Card",In-store,2023-07-25,
TXN_1608137,CUST_20,Beverages,Item_11_BEV,20.00,8.00,160.00,Cash,Online,2022-03-13,
TXN_8487838,CUST_18,"Computers and electric accessories",,0.00,4.00,44.00,"Digital Wallet",Online,2023-02-04,
TXN_4657003,CUST_06,Butchers,Item_8_BUT,15.50,10.00,155.00,Cash,In-store,2024-07-05,
TXN_3147709,CUST_04,Butchers,Item_2_BUT,6.50,1.00,6.50,"Credit Card",Online,2025-01-05,
TXN_4445756,CUST_15,Patisserie,,0.00,4.00,164.00,"Credit Card",In-store,2023-10-26,
TXN_8678885,CUST_21,"Milk Products",Item_3_MILK,8.00,6.00,48.00,Cash,In-store,2022-06-01,
TXN_7634598,CUST_06,"Electric household essentials",Item_8_EHE,15.50,7.00,108.50,Cash,In-store,2022-04-30,
TXN_8664749,CUST_24,"Milk Products",Item_7_MILK,14.00,7.00,98.00,Cash,In-store,2024-08-17,
TXN_4693988,CUST_06,Butchers,Item_13_BUT,23.00,10.00,230.00,Cash,Online,2023-04-15,
TXN_7914914,CUST_19,Patisserie,Item_1_PAT,5.00,4.00,20.00,Cash,In-store,2025-01-04,
TXN_9410325,CUST_25,"Electric household essentials",Item_15_EHE,26.00,9.00,234.00,"Digital Wallet",Online,2023-09-13,
TXN_4104691,CUST_18,Beverages,Item_9_BEV,17.00,7.00,119.00,"Digital Wallet",Online,2024-05-23,
TXN_7557655,CUST_11,Furniture,Item_20_FUR,33.50,8.00,268.00,"Credit Card",Online,2022-04-04,
TXN_9637396,CUST_19,"Electric household essentials",,21.50,0.00,0.00,Cash,Online,2024-09-04,
TXN_5135315,CUST_25,Furniture,Item_1_FUR,5.00,5.00,25.00,"Credit Card",Online,2022-03-12,
TXN_3609446,CUST_01,Butchers,Item_3_BUT,8.00,9.00,72.00,"Digital Wallet",In-store,2022-12-27,
TXN_6957171,CUST_16,Butchers,Item_23_BUT,38.00,7.00,266.00,Cash,Online,2024-05-20,
TXN_5083807,CUST_09,Butchers,Item_10_BUT,18.50,4.00,74.00,Cash,Online,2023-01-03,
TXN_8359203,CUST_11,"Electric household essentials",Item_9_EHE,17.00,9.00,153.00,"Credit Card",In-store,2023-10-30,
TXN_1814138,CUST_06,Beverages,Item_25_BEV,41.00,10.00,410.00,"Credit Card",In-store,2024-11-16,
TXN_5044125,CUST_02,Furniture,Item_25_FUR,41.00,7.00,287.00,"Digital Wallet",Online,2024-01-30,
TXN_6337676,CUST_07,Furniture,Item_5_FUR,11.00,9.00,99.00,"Digital Wallet",In-store,2023-02-28,
TXN_8431366,CUST_12,Butchers,Item_25_BUT,41.00,9.00,369.00,"Credit Card",Online,2024-01-01,
TXN_7893748,CUST_24,Beverages,Item_12_BEV,21.50,5.00,107.50,Cash,Online,2022-06-06,
TXN_1929919,CUST_21,Butchers,Item_7_BUT,14.00,6.00,84.00,Cash,In-store,2023-07-27,
TXN_4250712,CUST_24,"Milk Products",Item_11_MILK,20.00,5.00,100.00,"Credit Card",Online,2022-10-17,
TXN_3512388,CUST_14,Furniture,,0.00,10.00,110.00,"Digital Wallet",In-store,2024-03-30,
TXN_3665861,CUST_23,Furniture,Item_18_FUR,30.50,1.00,30.50,"Credit Card",Online,2023-01-30,
TXN_4732308,CUST_14,"Milk Products",Item_13_MILK,23.00,4.00,92.00,"Credit Card",In-store,2022-11-28,
TXN_8905154,CUST_09,Butchers,,0.00,5.00,115.00,"Credit Card",In-store,2022-10-24,
TXN_5084402,CUST_12,Butchers,Item_22_BUT,36.50,1.00,36.50,Cash,In-store,2024-04-06,
TXN_9979595,CUST_14,Butchers,Item_22_BUT,36.50,4.00,146.00,"Digital Wallet",Online,2023-03-02,
TXN_4285730,CUST_17,Patisserie,Item_24_PAT,39.50,6.00,237.00,Cash,Online,2022-01-14,
TXN_8824415,CUST_10,"Computers and electric accessories",Item_10_CEA,18.50,4.00,74.00,"Credit Card",In-store,2023-06-11,
TXN_5634366,CUST_24,Patisserie,Item_19_PAT,32.00,2.00,64.00,Cash,Online,2023-06-12,
TXN_2718523,CUST_25,"Electric household essentials",Item_15_EHE,26.00,5.00,130.00,"Credit Card",In-store,2024-08-27,
TXN_6203639,CUST_11,Beverages,Item_19_BEV,32.00,5.00,160.00,"Digital Wallet",Online,2022-06-07,
TXN_8217860,CUST_04,"Computers and electric accessories",Item_17_CEA,29.00,10.00,290.00,"Credit Card",In-store,2022-07-23,
TXN_2515470,CUST_07,Food,,8.00,0.00,0.00,"Credit Card",Online,2023-09-20,
TXN_6576597,CUST_03,"Computers and electric accessories",Item_10_CEA,18.50,9.00,166.50,Cash,Online,2023-02-09,
TXN_2823534,CUST_06,Food,Item_3_FOOD,8.00,1.00,8.00,"Digital Wallet",In-store,2024-03-28,
TXN_9187149,CUST_18,Butchers,Item_24_BUT,39.50,6.00,237.00,Cash,In-store,2022-01-13,
TXN_7189749,CUST_24,Butchers,Item_10_BUT,18.50,6.00,111.00,Cash,Online,2022-07-17,
TXN_2848606,CUST_21,"Electric household essentials",Item_20_EHE,33.50,6.00,201.00,Cash,In-store,2022-12-20,
TXN_5376341,CUST_16,Food,Item_9_FOOD,17.00,6.00,102.00,"Credit Card",Online,2022-02-22,
TXN_4107798,CUST_25,"Computers and electric accessories",Item_18_CEA,30.50,6.00,183.00,Cash,Online,2022-09-08,
TXN_3499525,CUST_02,Beverages,,15.50,0.00,0.00,"Digital Wallet",Online,2024-02-16,
TXN_3499898,CUST_12,Furniture,Item_20_FUR,33.50,3.00,100.50,"Credit Card",Online,2024-03-28,
TXN_5928440,CUST_19,Furniture,Item_14_FUR,24.50,2.00,49.00,"Digital Wallet",In-store,2022-04-29,
TXN_3264150,CUST_19,"Milk Products",Item_4_MILK,9.50,10.00,95.00,"Credit Card",Online,2023-03-24,
TXN_4999688,CUST_18,"Computers and electric accessories",Item_12_CEA,21.50,7.00,150.50,"Credit Card",In-store,2023-01-13,
TXN_9981851,CUST_03,Furniture,Item_25_FUR,41.00,9.00,369.00,"Digital Wallet",Online,2024-11-27,
TXN_2024330,CUST_02,Patisserie,Item_23_PAT,38.00,9.00,342.00,"Credit Card",Online,2024-06-29,
TXN_6956313,CUST_04,Beverages,Item_2_BEV,6.50,10.00,65.00,Cash,In-store,2023-09-04,
TXN_2334740,CUST_25,"Electric household essentials",Item_8_EHE,15.50,2.00,31.00,"Credit Card",In-store,2022-11-11,
TXN_8322817,CUST_23,Patisserie,,0.00,8.00,304.00,"Digital Wallet",In-store,2022-06-15,
TXN_3426280,CUST_24,"Computers and electric accessories",Item_12_CEA,21.50,5.00,107.50,"Digital Wallet",In-store,2024-02-28,
TXN_8355918,CUST_25,"Electric household essentials",Item_6_EHE,12.50,1.00,12.50,"Digital Wallet",In-store,2024-06-03,
TXN_8295482,CUST_23,"Electric household essentials",Item_20_EHE,33.50,3.00,100.50,Cash,Online,2022-11-09,
TXN_8420316,CUST_07,Food,Item_14_FOOD,24.50,7.00,171.50,"Digital Wallet",In-store,2024-02-21,
TXN_9003488,CUST_11,"Computers and electric accessories",Item_4_CEA,9.50,7.00,66.50,Cash,Online,2022-10-22,
TXN_2510850,CUST_08,Beverages,Item_12_BEV,21.50,7.00,150.50,Cash,In-store,2024-02-15,
TXN_4104623,CUST_09,Butchers,Item_15_BUT,26.00,2.00,52.00,Cash,Online,2024-10-25,
TXN_7948898,CUST_25,Patisserie,Item_14_PAT,24.50,2.00,49.00,Cash,Online,2022-07-17,
TXN_3974668,CUST_24,Furniture,Item_8_FUR,15.50,3.00,46.50,"Digital Wallet",Online,2024-03-22,
TXN_5980975,CUST_13,Furniture,,5.00,0.00,0.00,"Credit Card",Online,2023-08-01,
TXN_9454633,CUST_16,Butchers,Item_20_BUT,33.50,5.00,167.50,"Credit Card",In-store,2024-04-04,
TXN_4298148,CUST_18,Butchers,Item_12_BUT,21.50,8.00,172.00,"Credit Card",Online,2022-01-11,
TXN_7145436,CUST_24,"Milk Products",Item_24_MILK,39.50,8.00,316.00,Cash,In-store,2024-08-18,
TXN_9066396,CUST_09,Furniture,Item_10_FUR,18.50,2.00,37.00,"Digital Wallet",Online,2023-03-21,
TXN_1638586,CUST_06,Food,Item_6_FOOD,12.50,6.00,75.00,"Digital Wallet",Online,2023-05-19,
TXN_9193765,CUST_11,"Milk Products",Item_16_MILK,27.50,10.00,275.00,"Digital Wallet",In-store,2023-09-13,
TXN_8466158,CUST_06,Patisserie,Item_23_PAT,38.00,4.00,152.00,"Credit Card",Online,2023-04-08,
TXN_4421171,CUST_23,Patisserie,Item_20_PAT,33.50,10.00,335.00,Cash,Online,2023-01-15,
TXN_9573978,CUST_14,"Computers and electric accessories",Item_17_CEA,29.00,10.00,290.00,Cash,Online,2022-03-03,
TXN_5094937,CUST_09,Patisserie,Item_12_PAT,21.50,4.00,86.00,"Digital Wallet",In-store,2022-10-25,
TXN_2035631,CUST_14,"Milk Products",Item_22_MILK,36.50,7.00,255.50,Cash,In-store,2024-02-27,
TXN_3088090,CUST_18,Furniture,Item_8_FUR,15.50,1.00,15.50,Cash,Online,2024-01-14,
TXN_7727282,CUST_14,Food,Item_6_FOOD,12.50,6.00,75.00,"Credit Card",In-store,2024-06-09,
TXN_3710081,CUST_25,Furniture,Item_25_FUR,41.00,10.00,410.00,"Digital Wallet",In-store,2023-08-12,
TXN_1118935,CUST_08,Butchers,Item_8_BUT,15.50,7.00,108.50,"Digital Wallet",Online,2022-06-20,
TXN_7113206,CUST_09,"Milk Products",,27.50,0.00,0.00,"Digital Wallet",In-store,2023-07-28,
TXN_1668933,CUST_02,Beverages,Item_12_BEV,21.50,2.00,43.00,Cash,In-store,2022-05-14,
TXN_4123250,CUST_12,"Milk Products",Item_13_MILK,23.00,9.00,207.00,Cash,In-store,2024-05-27,
TXN_4196751,CUST_08,Butchers,Item_21_BUT,35.00,9.00,315.00,Cash,Online,2022-12-24,
TXN_2571677,CUST_22,"Computers and electric accessories",Item_25_CEA,41.00,5.00,205.00,"Credit Card",In-store,2023-10-24,
TXN_2100964,CUST_23,"Computers and electric accessories",Item_5_CEA,11.00,1.00,11.00,"Digital Wallet",Online,2022-09-12,
TXN_5006011,CUST_10,Butchers,,0.00,8.00,280.00,Cash,In-store,2022-01-11,
TXN_2246737,CUST_23,"Computers and electric accessories",Item_21_CEA,35.00,3.00,105.00,"Credit Card",Online,2022-06-05,
TXN_9648937,CUST_19,Beverages,Item_24_BEV,39.50,10.00,395.00,Cash,In-store,2022-08-25,
TXN_7709385,CUST_14,"Computers and electric accessories",Item_21_CEA,35.00,1.00,35.00,"Credit Card",In-store,2023-08-03,
TXN_5898104,CUST_06,Beverages,Item_7_BEV,14.00,9.00,126.00,Cash,Online,2024-03-29,
TXN_4237576,CUST_10,"Milk Products",Item_6_MILK,12.50,8.00,100.00,"Credit Card",In-store,2024-09-13,
TXN_7165462,CUST_08,Food,Item_13_FOOD,23.00,7.00,161.00,"Credit Card",Online,2024-09-01,
TXN_7032586,CUST_23,Patisserie,Item_20_PAT,33.50,10.00,335.00,Cash,In-store,2022-06-03,
TXN_8962804,CUST_04,"Electric household essentials",Item_7_EHE,14.00,5.00,70.00,"Credit Card",Online,2022-03-13,
TXN_9057009,CUST_24,Furniture,Item_25_FUR,41.00,9.00,369.00,"Credit Card",In-store,2022-03-28,
TXN_4697638,CUST_15,Furniture,Item_21_FUR,35.00,1.00,35.00,Cash,Online,2023-02-18,
TXN_4255098,CUST_05,Beverages,Item_2_BEV,6.50,1.00,6.50,"Credit Card",In-store,2023-08-08,
TXN_3391475,CUST_10,Beverages,Item_14_BEV,24.50,1.00,24.50,"Digital Wallet",In-store,2024-05-01,
TXN_3259197,CUST_06,"Computers and electric accessories",Item_18_CEA,30.50,8.00,244.00,"Digital Wallet",Online,2022-01-09,
TXN_8954821,CUST_14,"Milk Products",,0.00,9.00,45.00,"Digital Wallet",In-store,2024-06-12,
TXN_7243028,CUST_15,Food,Item_25_FOOD,41.00,1.00,41.00,"Credit Card",In-store,2024-03-07,
TXN_5838065,CUST_01,Food,Item_1_FOOD,5.00,2.00,10.00,"Digital Wallet",Online,2023-05-27,
TXN_8308325,CUST_13,Furniture,Item_15_FUR,26.00,10.00,260.00,"Digital Wallet",In-store,2023-08-22,
TXN_6414336,CUST_01,Furniture,Item_5_FUR,11.00,8.00,88.00,"Credit Card",In-store,2022-01-13,
TXN_9637464,CUST_18,Furniture,Item_8_FUR,15.50,8.00,124.00,Cash,Online,2022-03-25,
TXN_4501715,CUST_17,"Computers and electric accessories",Item_13_CEA,23.00,2.00,46.00,Cash,In-store,2022-03-24,
TXN_6618865,CUST_21,Furniture,Item_24_FUR,39.50,9.00,355.50,"Credit Card",In-store,2023-03-02,
TXN_4864960,CUST_11,Butchers,Item_16_BUT,27.50,9.00,247.50,"Credit Card",In-store,2023-02-02,
TXN_9471304,CUST_16,Patisserie,Item_3_PAT,8.00,8.00,64.00,Cash,Online,2022-08-13,
TXN_5615246,CUST_21,"Computers and electric accessories",Item_20_CEA,33.50,6.00,201.00,"Digital Wallet",In-store,2023-02-10,
TXN_5540233,CUST_09,"Electric household essentials",Item_4_EHE,9.50,7.00,66.50,"Credit Card",Online,2024-11-02,
TXN_3832393,CUST_04,Furniture,Item_23_FUR,38.00,7.00,266.00,Cash,In-store,2023-08-11,
TXN_2867343,CUST_02,Food,Item_3_FOOD,8.00,8.00,64.00,"Credit Card",In-store,2023-01-07,
TXN_1512582,CUST_06,Butchers,Item_2_BUT,6.50,9.00,58.50,"Credit Card",In-store,2024-12-02,
TXN_2294670,CUST_04,"Computers and electric accessories",Item_14_CEA,24.50,3.00,73.50,Cash,Online,2023-01-18,
TXN_5299299,CUST_18,Butchers,Item_2_BUT,6.50,6.00,39.00,"Credit Card",In-store,2023-07-31,
TXN_6489506,CUST_01,Furniture,Item_13_FUR,23.00,5.00,115.00,"Digital Wallet",In-store,2023-12-25,
TXN_4947241,CUST_05,Butchers,Item_12_BUT,21.50,5.00,107.50,"Credit Card",Online,2023-01-13,
TXN_5912098,CUST_21,Patisserie,Item_4_PAT,9.50,6.00,57.00,"Credit Card",Online,2022-02-17,
TXN_7411959,CUST_22,"Milk Products",Item_8_MILK,15.50,10.00,155.00,"Credit Card",In-store,2022-07-10,
TXN_7793637,CUST_14,Furniture,Item_6_FUR,12.50,3.00,37.50,"Digital Wallet",In-store,2022-03-01,
TXN_3879677,CUST_14,Food,Item_14_FOOD,24.50,6.00,147.00,"Digital Wallet",In-store,2022-04-24,
TXN_3053471,CUST_16,Beverages,,29.00,0.00,0.00,Cash,Online,2024-06-09,
TXN_8447557,CUST_15,"Milk Products",Item_1_MILK,5.00,1.00,5.00,Cash,Online,2024-08-16,
TXN_8508332,CUST_13,"Milk Products",,0.00,10.00,80.00,"Digital Wallet",In-store,2022-06-23,
TXN_6599014,CUST_19,Furniture,Item_5_FUR,11.00,5.00,55.00,Cash,Online,2024-01-02,
TXN_6474038,CUST_05,Butchers,Item_2_BUT,6.50,10.00,65.00,"Credit Card",In-store,2023-01-08,
TXN_5649317,CUST_20,Food,Item_4_FOOD,9.50,4.00,38.00,Cash,Online,2022-06-16,
TXN_1269546,CUST_13,Beverages,Item_11_BEV,20.00,6.00,120.00,"Digital Wallet",In-store,2022-10-19,
TXN_4417465,CUST_15,"Computers and electric accessories",Item_11_CEA,20.00,2.00,40.00,"Credit Card",In-store,2024-02-13,
TXN_6063632,CUST_22,Furniture,Item_23_FUR,38.00,2.00,76.00,"Digital Wallet",In-store,2022-06-14,
TXN_2139981,CUST_25,Food,Item_14_FOOD,24.50,3.00,73.50,"Digital Wallet",Online,2023-02-17,
TXN_6086093,CUST_19,Beverages,Item_4_BEV,9.50,7.00,66.50,"Digital Wallet",Online,2024-03-13,
TXN_1174715,CUST_17,Patisserie,Item_23_PAT,38.00,1.00,38.00,"Digital Wallet",Online,2022-06-09,
TXN_3577635,CUST_23,Butchers,Item_21_BUT,35.00,8.00,280.00,Cash,Online,2024-01-09,
TXN_5053624,CUST_19,Furniture,Item_21_FUR,35.00,10.00,350.00,Cash,In-store,2023-05-22,
TXN_7297595,CUST_19,Furniture,,39.50,0.00,0.00,Cash,In-store,2022-01-07,
TXN_5656754,CUST_11,Beverages,Item_2_BEV,6.50,5.00,32.50,"Digital Wallet",Online,2023-10-14,
TXN_8895462,CUST_22,"Electric household essentials",Item_15_EHE,26.00,8.00,208.00,"Digital Wallet",Online,2023-02-16,
TXN_8470761,CUST_25,Furniture,Item_6_FUR,12.50,5.00,62.50,Cash,In-store,2022-04-22,
TXN_6159552,CUST_03,Butchers,Item_2_BUT,6.50,3.00,19.50,Cash,In-store,2023-01-04,
TXN_4813752,CUST_23,"Electric household essentials",Item_6_EHE,12.50,2.00,25.00,"Digital Wallet",In-store,2022-10-19,
TXN_6281747,CUST_11,Beverages,Item_20_BEV,33.50,7.00,234.50,Cash,In-store,2023-11-05,
TXN_7120961,CUST_17,"Milk Products",Item_17_MILK,29.00,3.00,87.00,"Digital Wallet",In-store,2024-06-13,
TXN_8958850,CUST_03,Food,Item_10_FOOD,18.50,8.00,148.00,"Credit Card",Online,2022-04-14,
TXN_1792761,CUST_11,Food,,0.00,7.00,77.00,"Digital Wallet",Online,2022-01-26,
TXN_3867637,CUST_10,Furniture,Item_11_FUR,20.00,5.00,100.00,Cash,Online,2022-11-27,
TXN_5286184,CUST_22,"Computers and electric accessories",Item_12_CEA,21.50,1.00,21.50,Cash,Online,2022-06-28,
TXN_3394201,CUST_17,"Computers and electric accessories",,0.00,8.00,256.00,Cash,Online,2024-11-04,
TXN_3821059,CUST_25,Butchers,Item_18_BUT,30.50,3.00,91.50,"Credit Card",Online,2023-09-21,
TXN_6136490,CUST_03,Food,Item_24_FOOD,39.50,10.00,395.00,Cash,Online,2024-06-14,
TXN_9262032,CUST_20,Food,Item_18_FOOD,30.50,4.00,122.00,"Credit Card",Online,2023-05-16,
TXN_2396304,CUST_09,Food,Item_4_FOOD,9.50,5.00,47.50,"Credit Card",In-store,2023-05-14,
TXN_9454592,CUST_07,"Milk Products",Item_6_MILK,12.50,10.00,125.00,Cash,In-store,2023-12-13,
TXN_1966346,CUST_23,Patisserie,Item_11_PAT,20.00,10.00,200.00,Cash,In-store,2022-11-29,
TXN_2010518,CUST_22,"Electric household essentials",Item_25_EHE,41.00,2.00,82.00,"Digital Wallet",In-store,2023-04-21,
TXN_9718881,CUST_11,Furniture,Item_14_FUR,24.50,3.00,73.50,"Credit Card",In-store,2022-09-23,
TXN_9078821,CUST_18,"Milk Products",Item_6_MILK,12.50,9.00,112.50,Cash,Online,2023-02-02,
TXN_6249236,CUST_02,Beverages,Item_12_BEV,21.50,10.00,215.00,"Digital Wallet",In-store,2023-07-04,
TXN_7086158,CUST_24,Patisserie,Item_17_PAT,29.00,9.00,261.00,"Digital Wallet",In-store,2023-02-10,
TXN_5543359,CUST_09,Beverages,Item_13_BEV,23.00,2.00,46.00,"Credit Card",In-store,2022-12-04,
TXN_7689814,CUST_19,Furniture,Item_18_FUR,30.50,3.00,91.50,"Credit Card",In-store,2022-08-05,
TXN_9759054,CUST_20,"Milk Products",Item_2_MILK,6.50,8.00,52.00,Cash,In-store,2022-12-09,
TXN_2720890,CUST_03,Patisserie,Item_23_PAT,38.00,7.00,266.00,Cash,In-store,2023-11-17,
TXN_1930560,CUST_15,Furniture,Item_15_FUR,26.00,2.00,52.00,"Digital Wallet",Online,2022-09-09,
TXN_1276885,CUST_23,Patisserie,,5.00,0.00,0.00,Cash,In-store,2024-12-30,
TXN_7729357,CUST_08,"Milk Products",,14.00,0.00,0.00,"Credit Card",Online,2024-06-19,
TXN_7926454,CUST_12,"Electric household essentials",Item_25_EHE,41.00,5.00,205.00,Cash,In-store,2023-01-12,
TXN_1624367,CUST_01,Furniture,Item_15_FUR,26.00,3.00,78.00,"Digital Wallet",In-store,2023-09-07,
TXN_4825647,CUST_07,Butchers,Item_1_BUT,5.00,5.00,25.00,"Credit Card",Online,2024-04-24,
TXN_2687302,CUST_11,"Milk Products",Item_1_MILK,5.00,7.00,35.00,Cash,In-store,2022-09-09,
TXN_1124993,CUST_03,Patisserie,Item_17_PAT,29.00,10.00,290.00,"Credit Card",In-store,2023-06-09,
TXN_4146011,CUST_17,"Electric household essentials",Item_19_EHE,32.00,9.00,288.00,Cash,In-store,2022-03-22,
TXN_7547448,CUST_05,Beverages,Item_10_BEV,18.50,10.00,185.00,"Credit Card",In-store,2022-08-07,
TXN_5315119,CUST_10,Patisserie,,0.00,3.00,28.50,"Digital Wallet",Online,2024-09-01,
TXN_2164614,CUST_07,Furniture,,6.50,0.00,0.00,"Digital Wallet",Online,2023-05-18,
TXN_1247741,CUST_01,Butchers,Item_4_BUT,9.50,10.00,95.00,"Credit Card",In-store,2024-08-18,
TXN_4642106,CUST_18,"Computers and electric accessories",Item_14_CEA,24.50,7.00,171.50,Cash,In-store,2024-02-19,
TXN_4036118,CUST_06,Furniture,,0.00,6.00,228.00,Cash,In-store,2023-01-28,
TXN_9589484,CUST_11,Furniture,Item_24_FUR,39.50,5.00,197.50,"Credit Card",In-store,2023-03-23,
TXN_5530545,CUST_01,Food,Item_2_FOOD,6.50,10.00,65.00,"Digital Wallet",Online,2023-11-26,
TXN_8427033,CUST_19,Food,Item_6_FOOD,12.50,2.00,25.00,"Digital Wallet",Online,2024-06-23,
TXN_2098200,CUST_18,"Computers and electric accessories",Item_7_CEA,14.00,5.00,70.00,Cash,Online,2022-11-13,
TXN_5011391,CUST_19,Patisserie,Item_18_PAT,30.50,5.00,152.50,Cash,Online,2022-12-22,
TXN_8334423,CUST_05,"Electric household essentials",Item_15_EHE,26.00,2.00,52.00,Cash,In-store,2023-04-01,
TXN_5219093,CUST_12,Beverages,Item_1_BEV,5.00,3.00,15.00,Cash,In-store,2024-01-31,
TXN_6528218,CUST_17,Beverages,Item_24_BEV,39.50,9.00,355.50,"Digital Wallet",Online,2023-12-20,
TXN_6687809,CUST_20,Butchers,Item_12_BUT,21.50,10.00,215.00,"Credit Card",Online,2023-03-14,
TXN_2916979,CUST_09,Furniture,Item_21_FUR,35.00,10.00,350.00,"Credit Card",In-store,2024-04-04,
TXN_3500430,CUST_04,Furniture,Item_1_FUR,5.00,5.00,25.00,"Digital Wallet",Online,2022-02-19,
TXN_7707333,CUST_04,Beverages,Item_21_BEV,35.00,9.00,315.00,Cash,Online,2022-08-31,
TXN_7512121,CUST_08,Furniture,Item_5_FUR,11.00,4.00,44.00,"Credit Card",Online,2024-07-14,
TXN_5856842,CUST_03,Furniture,Item_11_FUR,20.00,6.00,120.00,"Credit Card",Online,2022-12-04,
TXN_2226741,CUST_11,"Electric household essentials",Item_18_EHE,30.50,3.00,91.50,Cash,Online,2024-03-09,
TXN_5983420,CUST_03,"Milk Products",Item_16_MILK,27.50,8.00,220.00,Cash,In-store,2024-02-25,
TXN_8097558,CUST_15,"Computers and electric accessories",Item_15_CEA,26.00,9.00,234.00,"Credit Card",Online,2022-11-15,
TXN_3578887,CUST_22,"Electric household essentials",Item_23_EHE,38.00,4.00,152.00,Cash,In-store,2024-06-24,
TXN_2629807,CUST_03,Beverages,Item_20_BEV,33.50,6.00,201.00,"Credit Card",In-store,2024-05-17,
TXN_6325008,CUST_22,Butchers,Item_12_BUT,21.50,10.00,215.00,"Credit Card",Online,2022-02-13,
TXN_5140179,CUST_08,"Computers and electric accessories",Item_20_CEA,33.50,6.00,201.00,Cash,Online,2022-10-23,
TXN_1618504,CUST_17,Beverages,Item_9_BEV,17.00,1.00,17.00,"Credit Card",In-store,2023-12-28,
TXN_5737875,CUST_01,"Electric household essentials",Item_12_EHE,21.50,6.00,129.00,Cash,In-store,2022-08-16,
TXN_4205123,CUST_14,"Milk Products",Item_4_MILK,9.50,4.00,38.00,"Credit Card",In-store,2023-10-31,
TXN_3988616,CUST_01,Butchers,,38.00,0.00,0.00,"Digital Wallet",In-store,2024-09-17,
TXN_5040560,CUST_18,Beverages,Item_22_BEV,36.50,8.00,292.00,"Digital Wallet",Online,2022-11-20,
TXN_7288819,CUST_15,"Milk Products",Item_11_MILK,20.00,6.00,120.00,Cash,Online,2024-03-28,
TXN_4210328,CUST_11,Food,Item_25_FOOD,41.00,5.00,205.00,Cash,In-store,2024-01-27,
TXN_5069186,CUST_17,"Electric household essentials",,6.50,0.00,0.00,"Credit Card",Online,2023-01-10,
TXN_9305851,CUST_09,"Computers and electric accessories",Item_5_CEA,11.00,2.00,22.00,"Digital Wallet",Online,2022-05-04,
TXN_2433285,CUST_25,Beverages,Item_20_BEV,33.50,10.00,335.00,Cash,In-store,2022-08-09,
TXN_6028561,CUST_25,"Milk Products",Item_16_MILK,27.50,7.00,192.50,Cash,In-store,2022-05-01,
TXN_7567638,CUST_17,"Computers and electric accessories",Item_6_CEA,12.50,8.00,100.00,Cash,Online,2024-05-08,
TXN_9780001,CUST_20,Patisserie,Item_9_PAT,17.00,6.00,102.00,"Credit Card",Online,2024-02-17,
TXN_7466675,CUST_04,Food,Item_12_FOOD,21.50,5.00,107.50,"Credit Card",Online,2023-07-24,
TXN_6110225,CUST_10,"Computers and electric accessories",Item_10_CEA,18.50,4.00,74.00,Cash,In-store,2023-03-05,
TXN_4994381,CUST_02,Furniture,Item_5_FUR,11.00,6.00,66.00,"Credit Card",In-store,2023-02-20,
TXN_1716471,CUST_04,"Milk Products",Item_4_MILK,9.50,3.00,28.50,"Digital Wallet",Online,2022-03-02,
TXN_2621567,CUST_05,Beverages,Item_23_BEV,38.00,4.00,152.00,"Credit Card",Online,2024-11-01,
TXN_3737148,CUST_23,Butchers,Item_11_BUT,20.00,10.00,200.00,"Credit Card",In-store,2024-02-18,
TXN_5394514,CUST_18,Patisserie,Item_1_PAT,5.00,3.00,15.00,Cash,In-store,2022-04-19,
TXN_2596812,CUST_25,Patisserie,Item_2_PAT,6.50,8.00,52.00,Cash,Online,2025-01-17,
TXN_6632861,CUST_16,Furniture,Item_1_FUR,5.00,8.00,40.00,"Digital Wallet",Online,2023-08-22,
TXN_6856774,CUST_05,Patisserie,Item_17_PAT,29.00,3.00,87.00,"Credit Card",Online,2023-02-20,
TXN_1110932,CUST_24,Butchers,Item_20_BUT,33.50,9.00,301.50,Cash,Online,2024-04-07,
TXN_4338722,CUST_13,Furniture,Item_16_FUR,27.50,10.00,275.00,"Digital Wallet",In-store,2024-07-25,
TXN_1375185,CUST_01,Patisserie,Item_6_PAT,12.50,2.00,25.00,Cash,In-store,2022-03-02,
TXN_8152154,CUST_24,Beverages,Item_14_BEV,24.50,2.00,49.00,Cash,Online,2024-12-02,
TXN_9371539,CUST_20,Food,Item_17_FOOD,29.00,4.00,116.00,Cash,In-store,2024-12-26,
TXN_2279824,CUST_10,Beverages,Item_18_BEV,30.50,2.00,61.00,Cash,Online,2023-10-08,
TXN_1624195,CUST_13,Furniture,Item_12_FUR,21.50,4.00,86.00,"Credit Card",Online,2024-12-31,
TXN_4665128,CUST_05,Beverages,Item_9_BEV,17.00,9.00,153.00,"Digital Wallet",Online,2024-10-11,
TXN_8183110,CUST_24,Patisserie,Item_12_PAT,21.50,6.00,129.00,"Digital Wallet",In-store,2024-12-06,
TXN_1441889,CUST_16,"Electric household essentials",Item_22_EHE,36.50,3.00,109.50,Cash,In-store,2024-06-29,
TXN_8642140,CUST_01,Beverages,Item_17_BEV,29.00,1.00,29.00,"Credit Card",Online,2022-07-02,
TXN_9837356,CUST_13,Food,Item_12_FOOD,21.50,10.00,215.00,Cash,In-store,2023-07-18,
TXN_5178719,CUST_14,"Electric household essentials",Item_1_EHE,5.00,10.00,50.00,"Credit Card",Online,2024-12-13,
TXN_3101287,CUST_10,"Milk Products",Item_11_MILK,20.00,3.00,60.00,Cash,In-store,2022-10-01,
TXN_8190786,CUST_03,"Computers and electric accessories",Item_20_CEA,33.50,4.00,134.00,Cash,Online,2022-02-11,
TXN_1598304,CUST_22,"Electric household essentials",Item_19_EHE,32.00,9.00,288.00,Cash,In-store,2023-04-22,
TXN_3687330,CUST_10,"Computers and electric accessories",Item_5_CEA,11.00,4.00,44.00,"Credit Card",Online,2023-09-01,
TXN_9419671,CUST_07,Butchers,Item_20_BUT,33.50,10.00,335.00,"Credit Card",In-store,2022-01-05,
TXN_3626927,CUST_09,"Milk Products",Item_13_MILK,23.00,2.00,46.00,"Digital Wallet",Online,2022-06-24,
TXN_7610031,CUST_03,"Electric household essentials",Item_22_EHE,36.50,2.00,73.00,"Digital Wallet",In-store,2023-07-27,
TXN_6126106,CUST_10,"Milk Products",,30.50,0.00,0.00,"Digital Wallet",Online,2022-08-31,
TXN_9316310,CUST_15,"Computers and electric accessories",Item_12_CEA,21.50,4.00,86.00,"Digital Wallet",In-store,2024-12-10,
TXN_8736526,CUST_21,"Electric household essentials",Item_22_EHE,36.50,6.00,219.00,"Digital Wallet",In-store,2023-04-09,
TXN_7419638,CUST_10,"Electric household essentials",Item_17_EHE,29.00,7.00,203.00,Cash,Online,2022-09-12,
TXN_5914951,CUST_01,Food,Item_5_FOOD,11.00,2.00,22.00,"Digital Wallet",Online,2023-08-29,
TXN_3650970,CUST_14,Food,Item_17_FOOD,29.00,10.00,290.00,"Credit Card",Online,2025-01-06,
TXN_7908251,CUST_03,Food,Item_4_FOOD,9.50,3.00,28.50,"Digital Wallet",Online,2023-04-22,
TXN_6662670,CUST_10,Furniture,Item_23_FUR,38.00,7.00,266.00,Cash,Online,2024-10-11,
TXN_2472234,CUST_08,Butchers,Item_15_BUT,26.00,8.00,208.00,"Credit Card",Online,2022-01-23,
TXN_9469569,CUST_08,Food,,12.50,0.00,0.00,"Digital Wallet",In-store,2023-10-09,
TXN_1951562,CUST_07,Butchers,Item_25_BUT,41.00,3.00,123.00,"Credit Card",Online,2022-02-02,
TXN_3904911,CUST_01,Food,Item_18_FOOD,30.50,10.00,305.00,"Credit Card",Online,2024-02-14,
TXN_4046056,CUST_09,"Electric household essentials",,0.00,5.00,182.50,"Credit Card",In-store,2024-02-04,
TXN_7136040,CUST_23,Butchers,Item_11_BUT,20.00,4.00,80.00,Cash,Online,2023-05-29,
TXN_5479660,CUST_17,"Computers and electric accessories",Item_16_CEA,27.50,8.00,220.00,"Digital Wallet",Online,2023-02-11,
TXN_5984056,CUST_14,"Electric household essentials",Item_8_EHE,15.50,3.00,46.50,"Credit Card",Online,2023-04-16,
TXN_4369363,CUST_25,Beverages,Item_4_BEV,9.50,6.00,57.00,"Credit Card",In-store,2024-12-29,
TXN_8536076,CUST_07,Furniture,Item_25_FUR,41.00,9.00,369.00,"Digital Wallet",In-store,2022-02-12,
TXN_1691436,CUST_21,"Electric household essentials",Item_16_EHE,27.50,2.00,55.00,Cash,Online,2024-02-02,
TXN_7900945,CUST_15,Beverages,Item_8_BEV,15.50,5.00,77.50,"Credit Card",In-store,2022-06-23,
TXN_4197095,CUST_03,"Milk Products",Item_2_MILK,6.50,3.00,19.50,"Credit Card",In-store,2024-08-19,
TXN_8713672,CUST_04,Patisserie,Item_15_PAT,26.00,5.00,130.00,"Credit Card",In-store,2022-09-17,
TXN_3750711,CUST_17,Food,Item_20_FOOD,33.50,9.00,301.50,Cash,In-store,2022-06-30,
TXN_7660150,CUST_06,Food,Item_4_FOOD,9.50,10.00,95.00,"Digital Wallet",In-store,2023-08-17,
TXN_1484633,CUST_20,Butchers,Item_16_BUT,27.50,3.00,82.50,"Digital Wallet",Online,2024-03-23,
TXN_6900244,CUST_15,Beverages,Item_24_BEV,39.50,6.00,237.00,Cash,In-store,2022-06-25,
TXN_8557302,CUST_02,Furniture,Item_7_FUR,14.00,6.00,84.00,"Digital Wallet",In-store,2024-03-26,
TXN_4070908,CUST_07,Food,Item_14_FOOD,24.50,6.00,147.00,"Digital Wallet",In-store,2024-12-24,
TXN_3226549,CUST_15,"Computers and electric accessories",Item_12_CEA,21.50,3.00,64.50,Cash,In-store,2022-12-21,
TXN_3954012,CUST_02,Furniture,,12.50,0.00,0.00,"Credit Card",In-store,2024-05-29,
TXN_4176280,CUST_16,Food,Item_17_FOOD,29.00,4.00,116.00,Cash,In-store,2024-02-27,
TXN_9231727,CUST_23,Food,Item_1_FOOD,5.00,6.00,30.00,Cash,Online,2023-09-10,
TXN_9569469,CUST_08,Beverages,,0.00,8.00,328.00,"Digital Wallet",Online,2024-02-12,
TXN_8927647,CUST_15,Patisserie,Item_12_PAT,21.50,6.00,129.00,Cash,Online,2023-01-20,
TXN_9090630,CUST_22,Patisserie,Item_12_PAT,21.50,7.00,150.50,Cash,In-store,2022-02-03,
TXN_2486150,CUST_23,Furniture,Item_16_FUR,27.50,9.00,247.50,Cash,In-store,2024-04-30,
TXN_2987168,CUST_17,"Computers and electric accessories",Item_7_CEA,14.00,3.00,42.00,Cash,In-store,2023-04-07,
TXN_1189082,CUST_23,Beverages,Item_3_BEV,8.00,1.00,8.00,"Credit Card",In-store,2022-06-03,
TXN_7809540,CUST_18,"Computers and electric accessories",Item_20_CEA,33.50,6.00,201.00,"Credit Card",Online,2024-09-25,
TXN_1619861,CUST_19,Butchers,Item_7_BUT,14.00,8.00,112.00,Cash,In-store,2023-04-07,
TXN_9045446,CUST_15,Butchers,Item_12_BUT,21.50,7.00,150.50,"Digital Wallet",Online,2025-01-16,
TXN_5652811,CUST_21,"Milk Products",Item_16_MILK,27.50,2.00,55.00,Cash,Online,2022-07-14,
TXN_7187427,CUST_25,"Electric household essentials",Item_2_EHE,6.50,6.00,39.00,"Digital Wallet",Online,2024-05-26,
TXN_7955724,CUST_08,"Milk Products",Item_6_MILK,12.50,10.00,125.00,"Credit Card",In-store,2023-03-23,
TXN_9235569,CUST_18,Patisserie,Item_6_PAT,12.50,6.00,75.00,"Credit Card",In-store,2023-10-01,
TXN_9036387,CUST_01,Beverages,Item_2_BEV,6.50,7.00,45.50,Cash,In-store,2022-10-03,
TXN_2165107,CUST_17,"Electric household essentials",Item_17_EHE,29.00,10.00,290.00,"Digital Wallet",Online,2023-11-10,
TXN_9074150,CUST_16,Beverages,Item_22_BEV,36.50,1.00,36.50,Cash,Online,2024-02-05,
TXN_9292794,CUST_09,Food,Item_12_FOOD,21.50,2.00,43.00,Cash,In-store,2023-10-04,
TXN_2314426,CUST_23,"Electric household essentials",Item_1_EHE,5.00,9.00,45.00,Cash,Online,2023-07-21,
TXN_1350756,CUST_24,Beverages,Item_8_BEV,15.50,2.00,31.00,"Digital Wallet",In-store,2023-10-07,
TXN_6865143,CUST_09,Butchers,Item_20_BUT,33.50,3.00,100.50,"Digital Wallet",Online,2024-07-29,
TXN_4789450,CUST_21,"Computers and electric accessories",Item_7_CEA,14.00,3.00,42.00,"Digital Wallet",In-store,2022-11-18,
TXN_4055867,CUST_14,"Milk Products",Item_6_MILK,12.50,10.00,125.00,"Credit Card",Online,2023-11-11,
TXN_8232819,CUST_05,Butchers,Item_20_BUT,33.50,2.00,67.00,"Digital Wallet",Online,2023-08-19,
TXN_4135051,CUST_01,Patisserie,Item_11_PAT,20.00,3.00,60.00,"Credit Card",Online,2024-03-24,
TXN_9643714,CUST_09,Food,Item_25_FOOD,41.00,9.00,369.00,"Digital Wallet",Online,2022-03-13,
TXN_7450962,CUST_19,Butchers,Item_12_BUT,21.50,10.00,215.00,Cash,Online,2022-01-30,
TXN_2525392,CUST_04,"Computers and electric accessories",Item_15_CEA,26.00,4.00,104.00,"Credit Card",Online,2022-11-15,
TXN_3625111,CUST_02,Patisserie,Item_16_PAT,27.50,6.00,165.00,"Digital Wallet",Online,2024-02-04,
TXN_5312362,CUST_09,Furniture,Item_1_FUR,5.00,4.00,20.00,"Credit Card",In-store,2024-12-06,
TXN_8282608,CUST_14,"Milk Products",Item_20_MILK,33.50,10.00,335.00,"Digital Wallet",Online,2022-12-22,
TXN_6706381,CUST_22,Butchers,Item_6_BUT,12.50,10.00,125.00,"Credit Card",Online,2022-08-15,
TXN_2547094,CUST_02,"Electric household essentials",Item_12_EHE,21.50,6.00,129.00,Cash,Online,2023-05-09,
TXN_1187419,CUST_22,Butchers,Item_20_BUT,33.50,5.00,167.50,"Credit Card",Online,2022-02-03,
TXN_4829772,CUST_19,Butchers,Item_3_BUT,8.00,6.00,48.00,Cash,Online,2024-09-01,
TXN_3149790,CUST_12,Butchers,Item_20_BUT,33.50,7.00,234.50,"Credit Card",In-store,2025-01-11,
TXN_9553069,CUST_03,Butchers,Item_25_BUT,41.00,9.00,369.00,Cash,In-store,2022-07-24,
TXN_5814096,CUST_01,Patisserie,Item_9_PAT,17.00,3.00,51.00,"Digital Wallet",In-store,2022-08-08,
TXN_4854448,CUST_13,"Milk Products",Item_5_MILK,11.00,3.00,33.00,"Credit Card",In-store,2023-04-25,
TXN_3228310,CUST_18,Furniture,Item_24_FUR,39.50,6.00,237.00,Cash,Online,2023-05-07,
TXN_4489065,CUST_22,Beverages,Item_22_BEV,36.50,4.00,146.00,"Digital Wallet",Online,2024-08-16,
TXN_8930302,CUST_14,Butchers,Item_22_BUT,36.50,5.00,182.50,Cash,In-store,2022-07-08,
TXN_6948660,CUST_21,"Computers and electric accessories",Item_19_CEA,32.00,5.00,160.00,Cash,In-store,2023-12-12,
TXN_2537089,CUST_16,"Computers and electric accessories",Item_18_CEA,30.50,10.00,305.00,"Credit Card",Online,2023-03-11,
TXN_1432829,CUST_21,"Milk Products",Item_15_MILK,26.00,9.00,234.00,"Credit Card",In-store,2023-08-16,
TXN_8987298,CUST_22,Beverages,Item_1_BEV,5.00,2.00,10.00,"Credit Card",Online,2023-06-16,
TXN_6509362,CUST_16,Furniture,Item_16_FUR,27.50,9.00,247.50,Cash,In-store,2022-05-05,
TXN_6506236,CUST_07,Patisserie,Item_17_PAT,29.00,1.00,29.00,"Credit Card",Online,2022-12-25,
TXN_6822752,CUST_21,"Computers and electric accessories",Item_5_CEA,11.00,10.00,110.00,"Digital Wallet",Online,2022-01-13,
TXN_5921416,CUST_11,Butchers,Item_3_BUT,8.00,2.00,16.00,Cash,Online,2024-04-05,
TXN_3349701,CUST_02,Butchers,Item_25_BUT,41.00,1.00,41.00,"Credit Card",In-store,2024-07-16,
TXN_2231201,CUST_04,"Electric household essentials",Item_15_EHE,26.00,5.00,130.00,Cash,Online,2024-05-23,
TXN_7431980,CUST_01,Butchers,Item_8_BUT,15.50,9.00,139.50,"Credit Card",Online,2024-06-15,
TXN_6600908,CUST_14,Food,Item_14_FOOD,24.50,6.00,147.00,Cash,Online,2023-08-25,
TXN_8362642,CUST_04,Beverages,Item_7_BEV,14.00,8.00,112.00,Cash,In-store,2024-02-23,
TXN_7216070,CUST_08,Butchers,Item_11_BUT,20.00,5.00,100.00,"Credit Card",Online,2024-02-06,
TXN_1065130,CUST_09,Butchers,Item_25_BUT,41.00,3.00,123.00,Cash,Online,2022-09-14,
TXN_2026101,CUST_10,Patisserie,,24.50,0.00,0.00,Cash,In-store,2023-05-14,
TXN_5770780,CUST_16,"Electric household essentials",Item_8_EHE,15.50,2.00,31.00,"Credit Card",In-store,2023-08-18,
TXN_3307692,CUST_21,Furniture,Item_25_FUR,41.00,6.00,246.00,Cash,Online,2022-06-27,
TXN_3746709,CUST_13,"Milk Products",Item_2_MILK,6.50,4.00,26.00,"Digital Wallet",Online,2022-05-13,
TXN_6786362,CUST_22,"Milk Products",Item_13_MILK,23.00,8.00,184.00,"Digital Wallet",Online,2024-05-17,
TXN_6800602,CUST_06,"Milk Products",Item_1_MILK,5.00,4.00,20.00,Cash,Online,2022-03-03,
TXN_4759881,CUST_05,Beverages,Item_12_BEV,21.50,8.00,172.00,"Credit Card",In-store,2024-08-06,
TXN_6862740,CUST_02,Food,Item_7_FOOD,14.00,3.00,42.00,"Credit Card",Online,2024-08-13,
TXN_9450304,CUST_20,Food,Item_5_FOOD,11.00,2.00,22.00,"Digital Wallet",Online,2023-04-22,
TXN_6291669,CUST_06,"Computers and electric accessories",Item_12_CEA,21.50,5.00,107.50,Cash,In-store,2023-09-01,
TXN_6312219,CUST_09,"Electric household essentials",Item_13_EHE,23.00,8.00,184.00,"Digital Wallet",In-store,2023-04-13,
TXN_8299684,CUST_14,"Computers and electric accessories",Item_20_CEA,33.50,2.00,67.00,"Credit Card",In-store,2022-07-06,
TXN_9245633,CUST_08,Furniture,Item_7_FUR,14.00,8.00,112.00,Cash,Online,2022-01-07,
TXN_8769977,CUST_04,"Computers and electric accessories",Item_1_CEA,5.00,5.00,25.00,Cash,In-store,2024-07-03,
TXN_7615768,CUST_21,Butchers,Item_19_BUT,32.00,2.00,64.00,"Credit Card",Online,2023-10-19,
TXN_9777501,CUST_23,Beverages,Item_17_BEV,29.00,4.00,116.00,"Digital Wallet",In-store,2024-08-08,
TXN_9282380,CUST_09,Butchers,Item_23_BUT,38.00,5.00,190.00,"Digital Wallet",In-store,2024-09-22,
TXN_8084251,CUST_16,"Electric household essentials",,26.00,0.00,0.00,"Digital Wallet",In-store,2024-01-03,
TXN_7288669,CUST_09,Beverages,Item_2_BEV,6.50,4.00,26.00,Cash,Online,2023-04-27,
TXN_1818683,CUST_10,"Milk Products",,0.00,5.00,25.00,"Credit Card",In-store,2022-07-12,
TXN_6590776,CUST_24,Beverages,Item_16_BEV,27.50,6.00,165.00,Cash,Online,2022-12-11,
TXN_4403043,CUST_17,Furniture,Item_8_FUR,15.50,3.00,46.50,"Digital Wallet",In-store,2024-12-15,
TXN_2494050,CUST_03,Food,Item_13_FOOD,23.00,9.00,207.00,"Credit Card",In-store,2024-04-16,
TXN_1636626,CUST_22,Patisserie,Item_13_PAT,23.00,5.00,115.00,"Digital Wallet",In-store,2022-03-27,
TXN_2488313,CUST_01,"Milk Products",Item_10_MILK,18.50,8.00,148.00,"Digital Wallet",In-store,2024-01-13,
TXN_9114808,CUST_23,Food,Item_16_FOOD,27.50,8.00,220.00,"Digital Wallet",In-store,2023-07-28,
TXN_5175591,CUST_09,Butchers,Item_24_BUT,39.50,5.00,197.50,"Digital Wallet",In-store,2023-01-06,
TXN_6440445,CUST_15,Furniture,Item_19_FUR,32.00,3.00,96.00,"Digital Wallet",In-store,2024-05-10,
TXN_6248356,CUST_14,"Electric household essentials",Item_23_EHE,38.00,3.00,114.00,Cash,In-store,2024-10-16,
TXN_4424908,CUST_05,Food,Item_12_FOOD,21.50,10.00,215.00,"Credit Card",Online,2022-10-26,
TXN_1656330,CUST_08,"Electric household essentials",Item_6_EHE,12.50,2.00,25.00,Cash,In-store,2023-08-02,
TXN_1165342,CUST_24,Patisserie,Item_7_PAT,14.00,7.00,98.00,"Credit Card",In-store,2023-02-01,
TXN_1197864,CUST_09,"Computers and electric accessories",Item_18_CEA,30.50,6.00,183.00,"Digital Wallet",In-store,2022-01-06,
TXN_9957874,CUST_09,"Computers and electric accessories",Item_1_CEA,5.00,9.00,45.00,"Digital Wallet",In-store,2022-06-29,
TXN_6924479,CUST_21,Patisserie,Item_25_PAT,41.00,10.00,410.00,"Credit Card",Online,2022-06-11,
TXN_4653570,CUST_12,"Milk Products",Item_23_MILK,38.00,4.00,152.00,"Credit Card",In-store,2022-09-05,
TXN_5494990,CUST_16,"Computers and electric accessories",Item_5_CEA,11.00,4.00,44.00,"Credit Card",Online,2023-06-30,
TXN_3786853,CUST_20,Patisserie,Item_19_PAT,32.00,1.00,32.00,"Digital Wallet",In-store,2024-02-22,
TXN_1127104,CUST_14,"Electric household essentials",Item_21_EHE,35.00,9.00,315.00,Cash,Online,2023-09-23,
TXN_9730166,CUST_20,Food,Item_5_FOOD,11.00,9.00,99.00,"Digital Wallet",In-store,2022-10-25,
TXN_2292675,CUST_22,Furniture,,0.00,1.00,6.50,"Digital Wallet",Online,2024-06-23,
TXN_8172366,CUST_07,Patisserie,Item_25_PAT,41.00,6.00,246.00,"Digital Wallet",In-store,2023-03-02,
TXN_5975735,CUST_17,Beverages,Item_17_BEV,29.00,5.00,145.00,Cash,In-store,2022-09-07,
TXN_1827718,CUST_17,"Computers and electric accessories",Item_19_CEA,32.00,2.00,64.00,Cash,Online,2024-02-15,
TXN_6546488,CUST_02,"Milk Products",Item_5_MILK,11.00,9.00,99.00,"Credit Card",In-store,2023-01-29,
TXN_6990415,CUST_08,"Electric household essentials",Item_23_EHE,38.00,7.00,266.00,"Credit Card",Online,2023-12-25,
TXN_7016155,CUST_04,"Electric household essentials",Item_11_EHE,20.00,6.00,120.00,"Digital Wallet",In-store,2022-11-07,
TXN_8433395,CUST_14,Patisserie,Item_8_PAT,15.50,8.00,124.00,"Credit Card",In-store,2023-07-03,
TXN_1578157,CUST_09,Food,Item_19_FOOD,32.00,2.00,64.00,Cash,In-store,2023-07-29,
TXN_8804358,CUST_22,Furniture,Item_14_FUR,24.50,10.00,245.00,"Credit Card",Online,2022-01-23,
TXN_3138920,CUST_20,Food,Item_13_FOOD,23.00,2.00,46.00,"Digital Wallet",In-store,2023-05-22,
TXN_8213847,CUST_09,"Computers and electric accessories",Item_13_CEA,23.00,10.00,230.00,"Credit Card",In-store,2023-08-21,
TXN_9049150,CUST_09,"Computers and electric accessories",Item_14_CEA,24.50,7.00,171.50,"Digital Wallet",In-store,2022-12-18,
TXN_4965503,CUST_15,"Milk Products",Item_6_MILK,12.50,8.00,100.00,"Digital Wallet",Online,2022-01-02,
TXN_8293313,CUST_12,"Electric household essentials",Item_14_EHE,24.50,5.00,122.50,Cash,Online,2023-09-20,
TXN_5849869,CUST_02,"Electric household essentials",Item_4_EHE,9.50,1.00,9.50,"Credit Card",In-store,2022-08-27,
TXN_9393828,CUST_04,Furniture,Item_17_FUR,29.00,5.00,145.00,Cash,Online,2023-02-12,
TXN_7551197,CUST_04,Food,Item_13_FOOD,23.00,7.00,161.00,"Credit Card",In-store,2022-08-23,
TXN_2211428,CUST_04,"Electric household essentials",Item_25_EHE,41.00,8.00,328.00,"Digital Wallet",Online,2024-11-29,
TXN_2367523,CUST_02,"Electric household essentials",Item_13_EHE,23.00,2.00,46.00,"Credit Card",In-store,2022-12-09,
TXN_5985449,CUST_09,Butchers,Item_22_BUT,36.50,1.00,36.50,"Digital Wallet",Online,2023-08-27,
TXN_1492407,CUST_05,"Milk Products",Item_19_MILK,32.00,10.00,320.00,Cash,In-store,2022-02-04,
TXN_5260160,CUST_24,Patisserie,Item_20_PAT,33.50,7.00,234.50,Cash,In-store,2023-07-29,
TXN_4497098,CUST_05,Butchers,Item_12_BUT,21.50,8.00,172.00,"Credit Card",In-store,2022-07-12,
TXN_7015442,CUST_24,"Computers and electric accessories",Item_5_CEA,11.00,7.00,77.00,"Credit Card",Online,2024-06-06,
TXN_6539175,CUST_18,Furniture,Item_10_FUR,18.50,10.00,185.00,"Credit Card",In-store,2024-09-09,
TXN_3433247,CUST_21,Beverages,Item_16_BEV,27.50,6.00,165.00,"Digital Wallet",In-store,2022-03-08,
TXN_5258073,CUST_11,Beverages,Item_15_BEV,26.00,8.00,208.00,"Digital Wallet",Online,2023-08-22,
TXN_3152478,CUST_04,Food,Item_14_FOOD,24.50,9.00,220.50,"Credit Card",In-store,2023-11-09,
TXN_5513567,CUST_06,"Computers and electric accessories",,0.00,10.00,185.00,"Digital Wallet",Online,2022-10-13,
TXN_9813169,CUST_20,Butchers,Item_15_BUT,26.00,6.00,156.00,Cash,Online,2025-01-07,
TXN_9250753,CUST_02,"Computers and electric accessories",Item_7_CEA,14.00,9.00,126.00,Cash,In-store,2023-09-29,
TXN_3933057,CUST_13,Butchers,Item_6_BUT,12.50,7.00,87.50,"Digital Wallet",In-store,2023-04-24,
TXN_8820879,CUST_23,Food,Item_13_FOOD,23.00,10.00,230.00,Cash,Online,2022-01-19,
TXN_3734274,CUST_11,Food,Item_25_FOOD,41.00,4.00,164.00,"Credit Card",Online,2022-08-09,
TXN_1560951,CUST_23,Patisserie,Item_12_PAT,21.50,4.00,86.00,Cash,Online,2024-05-02,
TXN_5139331,CUST_24,Furniture,Item_25_FUR,41.00,6.00,246.00,Cash,In-store,2022-11-28,
TXN_5116695,CUST_16,"Milk Products",Item_19_MILK,32.00,8.00,256.00,"Digital Wallet",In-store,2023-08-16,
TXN_3512164,CUST_19,Patisserie,Item_15_PAT,26.00,10.00,260.00,Cash,In-store,2022-08-20,
TXN_6901057,CUST_16,Beverages,,8.00,0.00,0.00,"Credit Card",Online,2024-08-31,
TXN_9779243,CUST_14,Patisserie,Item_4_PAT,9.50,2.00,19.00,Cash,Online,2022-04-24,
TXN_1375347,CUST_03,Food,Item_12_FOOD,21.50,1.00,21.50,"Credit Card",In-store,2025-01-11,
TXN_5913117,CUST_23,"Electric household essentials",Item_23_EHE,38.00,6.00,228.00,"Digital Wallet",In-store,2023-07-17,
TXN_4877812,CUST_01,Furniture,,39.50,0.00,0.00,"Credit Card",In-store,2024-02-15,
TXN_9676475,CUST_19,"Computers and electric accessories",,6.50,0.00,0.00,"Digital Wallet",In-store,2025-01-17,
TXN_7483259,CUST_11,Butchers,Item_23_BUT,38.00,10.00,380.00,"Credit Card",In-store,2022-06-27,
TXN_2765923,CUST_18,"Computers and electric accessories",Item_15_CEA,26.00,5.00,130.00,Cash,In-store,2024-06-08,
TXN_9477548,CUST_10,"Milk Products",Item_7_MILK,14.00,1.00,14.00,"Credit Card",In-store,2022-04-14,
TXN_5146937,CUST_25,Furniture,Item_14_FUR,24.50,7.00,171.50,Cash,Online,2023-02-03,
TXN_6806917,CUST_13,Beverages,Item_18_BEV,30.50,4.00,122.00,Cash,Online,2024-03-22,
TXN_2234093,CUST_24,Food,Item_17_FOOD,29.00,1.00,29.00,"Credit Card",In-store,2024-12-16,
TXN_4047143,CUST_16,Butchers,Item_25_BUT,41.00,10.00,410.00,"Credit Card",Online,2024-04-19,
TXN_2603761,CUST_24,Beverages,Item_2_BEV,6.50,10.00,65.00,"Credit Card",Online,2024-03-31,
TXN_5155862,CUST_20,Butchers,Item_12_BUT,21.50,1.00,21.50,"Credit Card",Online,2024-11-10,
TXN_2193584,CUST_15,"Electric household essentials",Item_11_EHE,20.00,9.00,180.00,"Digital Wallet",Online,2023-02-17,
TXN_6750356,CUST_18,Furniture,Item_21_FUR,35.00,2.00,70.00,Cash,In-store,2023-04-03,
TXN_4642295,CUST_14,Butchers,Item_15_BUT,26.00,8.00,208.00,Cash,In-store,2023-05-26,
TXN_6706656,CUST_05,"Electric household essentials",Item_1_EHE,5.00,7.00,35.00,"Credit Card",Online,2022-03-10,
TXN_2718566,CUST_10,"Computers and electric accessories",Item_8_CEA,15.50,1.00,15.50,Cash,Online,2023-12-20,
TXN_6609828,CUST_07,Food,,0.00,5.00,40.00,"Credit Card",Online,2022-04-06,
TXN_7171512,CUST_01,"Computers and electric accessories",Item_12_CEA,21.50,3.00,64.50,"Credit Card",In-store,2022-04-13,
TXN_6858321,CUST_13,Food,Item_14_FOOD,24.50,2.00,49.00,Cash,In-store,2022-08-12,
TXN_9099328,CUST_12,"Electric household essentials",,0.00,10.00,380.00,"Digital Wallet",In-store,2023-02-28,
TXN_9099608,CUST_14,Beverages,Item_23_BEV,38.00,1.00,38.00,"Credit Card",In-store,2022-02-23,
TXN_8639124,CUST_02,Food,Item_18_FOOD,30.50,3.00,91.50,Cash,Online,2023-05-27,
TXN_5763933,CUST_07,Patisserie,,24.50,0.00,0.00,"Digital Wallet",In-store,2022-11-30,
TXN_5560242,CUST_12,Beverages,Item_3_BEV,8.00,2.00,16.00,"Digital Wallet",In-store,2022-08-13,
TXN_3276784,CUST_06,Beverages,Item_8_BEV,15.50,5.00,77.50,"Digital Wallet",In-store,2023-07-30,
TXN_8885115,CUST_06,Furniture,Item_25_FUR,41.00,1.00,41.00,Cash,In-store,2024-01-03,
TXN_6213919,CUST_20,"Milk Products",Item_1_MILK,5.00,3.00,15.00,"Digital Wallet",Online,2022-03-28,
TXN_7833045,CUST_05,"Milk Products",Item_13_MILK,23.00,9.00,207.00,"Credit Card",In-store,2022-09-11,
TXN_9174058,CUST_09,Beverages,Item_20_BEV,33.50,6.00,201.00,Cash,Online,2023-02-18,
TXN_3661483,CUST_02,Butchers,,0.00,4.00,110.00,Cash,In-store,2022-01-20,
TXN_9916842,CUST_07,Patisserie,Item_20_PAT,33.50,10.00,335.00,"Digital Wallet",Online,2024-11-15,
TXN_1123421,CUST_25,"Milk Products",Item_17_MILK,29.00,8.00,232.00,Cash,In-store,2022-02-08,
TXN_3385100,CUST_12,Beverages,Item_24_BEV,39.50,10.00,395.00,"Credit Card",Online,2022-10-29,
TXN_3537664,CUST_16,"Computers and electric accessories",Item_14_CEA,24.50,4.00,98.00,"Credit Card",In-store,2023-09-09,
TXN_4819911,CUST_04,Beverages,Item_14_BEV,24.50,1.00,24.50,"Credit Card",Online,2023-02-02,
TXN_2436739,CUST_02,Patisserie,Item_13_PAT,23.00,2.00,46.00,"Credit Card",In-store,2022-08-29,
TXN_7441597,CUST_18,Butchers,Item_17_BUT,29.00,6.00,174.00,"Credit Card",In-store,2022-05-16,
TXN_8417983,CUST_25,"Milk Products",Item_8_MILK,15.50,7.00,108.50,Cash,Online,2023-05-19,
TXN_6859723,CUST_25,Patisserie,Item_12_PAT,21.50,5.00,107.50,"Digital Wallet",Online,2022-01-25,
TXN_2277463,CUST_04,Butchers,Item_24_BUT,39.50,7.00,276.50,Cash,In-store,2022-03-31,
TXN_7798112,CUST_11,Patisserie,Item_15_PAT,26.00,3.00,78.00,"Digital Wallet",Online,2024-05-16,
TXN_9791851,CUST_05,"Computers and electric accessories",Item_18_CEA,30.50,5.00,152.50,"Credit Card",In-store,2023-01-01,
TXN_9484134,CUST_22,"Computers and electric accessories",Item_11_CEA,20.00,7.00,140.00,"Credit Card",In-store,2023-09-25,
TXN_5857201,CUST_05,"Electric household essentials",Item_5_EHE,11.00,10.00,110.00,"Credit Card",Online,2024-11-08,
TXN_7242621,CUST_20,"Milk Products",Item_17_MILK,29.00,4.00,116.00,"Digital Wallet",Online,2023-06-01,
TXN_1492514,CUST_09,Furniture,Item_2_FUR,6.50,4.00,26.00,Cash,In-store,2022-02-06,
TXN_4461090,CUST_21,Furniture,Item_1_FUR,5.00,4.00,20.00,Cash,Online,2023-02-15,
TXN_1137542,CUST_21,"Electric household essentials",,0.00,1.00,11.00,"Credit Card",In-store,2023-06-29,
TXN_9579739,CUST_11,Food,Item_4_FOOD,9.50,4.00,38.00,"Credit Card",Online,2024-04-06,
TXN_2585378,CUST_21,Butchers,Item_22_BUT,36.50,4.00,146.00,"Credit Card",In-store,2023-08-27,
TXN_9272394,CUST_12,Food,Item_17_FOOD,29.00,3.00,87.00,Cash,In-store,2023-10-11,
TXN_4205609,CUST_16,"Electric household essentials",,0.00,8.00,280.00,"Digital Wallet",In-store,2022-01-28,
TXN_2412242,CUST_04,"Electric household essentials",Item_22_EHE,36.50,6.00,219.00,"Digital Wallet",In-store,2023-07-09,
TXN_2955038,CUST_19,Food,Item_20_FOOD,33.50,6.00,201.00,"Credit Card",Online,2023-06-18,
TXN_9321578,CUST_09,Beverages,Item_12_BEV,21.50,10.00,215.00,"Digital Wallet",Online,2022-02-18,
TXN_1156896,CUST_03,"Computers and electric accessories",Item_23_CEA,38.00,5.00,190.00,Cash,Online,2024-06-07,
TXN_9629777,CUST_13,Furniture,Item_2_FUR,6.50,9.00,58.50,"Credit Card",Online,2023-11-08,
TXN_2325343,CUST_09,Furniture,Item_19_FUR,32.00,8.00,256.00,"Credit Card",Online,2023-12-23,
TXN_6019366,CUST_16,Furniture,Item_15_FUR,26.00,7.00,182.00,"Credit Card",Online,2023-07-09,
TXN_3745439,CUST_15,"Electric household essentials",Item_17_EHE,29.00,4.00,116.00,Cash,Online,2022-10-23,
TXN_1231391,CUST_07,Patisserie,Item_8_PAT,15.50,3.00,46.50,"Credit Card",In-store,2022-04-06,
TXN_8725442,CUST_08,Butchers,Item_24_BUT,39.50,10.00,395.00,"Credit Card",Online,2022-08-20,
TXN_7627807,CUST_11,"Computers and electric accessories",Item_20_CEA,33.50,8.00,268.00,"Credit Card",Online,2023-11-12,
TXN_4241845,CUST_07,Beverages,Item_17_BEV,29.00,1.00,29.00,Cash,In-store,2024-08-02,
TXN_2689560,CUST_21,"Electric household essentials",Item_5_EHE,11.00,2.00,22.00,Cash,In-store,2024-05-16,
TXN_7937394,CUST_12,Beverages,Item_17_BEV,29.00,10.00,290.00,"Digital Wallet",Online,2022-09-25,
TXN_3130278,CUST_01,"Computers and electric accessories",,0.00,8.00,304.00,"Credit Card",Online,2022-12-23,
TXN_5483324,CUST_21,Food,Item_12_FOOD,21.50,8.00,172.00,"Digital Wallet",Online,2024-07-17,
TXN_8847004,CUST_08,"Computers and electric accessories",Item_25_CEA,41.00,3.00,123.00,Cash,Online,2024-12-14,
TXN_3385280,CUST_10,"Milk Products",Item_2_MILK,6.50,2.00,13.00,"Digital Wallet",Online,2022-10-31,
TXN_2758818,CUST_16,Beverages,Item_9_BEV,17.00,3.00,51.00,"Credit Card",Online,2023-01-20,
TXN_3134753,CUST_04,"Milk Products",Item_7_MILK,14.00,8.00,112.00,Cash,Online,2022-03-08,
TXN_2775815,CUST_09,Food,Item_3_FOOD,8.00,9.00,72.00,"Digital Wallet",Online,2025-01-08,
TXN_2078336,CUST_15,Butchers,Item_21_BUT,35.00,6.00,210.00,Cash,Online,2024-07-28,
TXN_6526512,CUST_06,"Electric household essentials",Item_23_EHE,38.00,5.00,190.00,"Digital Wallet",Online,2022-12-24,
TXN_9102090,CUST_21,Patisserie,Item_7_PAT,14.00,7.00,98.00,"Credit Card",In-store,2022-08-16,
TXN_4144500,CUST_05,Beverages,,29.00,0.00,0.00,Cash,In-store,2024-06-26,
TXN_4119684,CUST_24,Patisserie,Item_20_PAT,33.50,1.00,33.50,Cash,Online,2023-02-26,
TXN_1847064,CUST_03,Furniture,Item_25_FUR,41.00,1.00,41.00,"Digital Wallet",Online,2024-01-13,
TXN_5431879,CUST_10,"Electric household essentials",,38.00,0.00,0.00,"Credit Card",Online,2024-02-14,
TXN_9864321,CUST_09,"Computers and electric accessories",Item_15_CEA,26.00,5.00,130.00,"Credit Card",Online,2024-04-04,
TXN_1107812,CUST_03,Butchers,Item_20_BUT,33.50,5.00,167.50,"Credit Card",In-store,2023-04-13,
TXN_7906917,CUST_11,"Electric household essentials",Item_20_EHE,33.50,1.00,33.50,"Credit Card",Online,2022-01-21,
TXN_3662764,CUST_22,"Computers and electric accessories",Item_12_CEA,21.50,4.00,86.00,Cash,Online,2024-10-01,
TXN_9631559,CUST_04,Butchers,Item_2_BUT,6.50,8.00,52.00,"Digital Wallet",Online,2022-07-12,
TXN_4470830,CUST_24,"Milk Products",Item_2_MILK,6.50,3.00,19.50,"Credit Card",In-store,2022-12-31,
TXN_3767880,CUST_22,"Milk Products",Item_12_MILK,21.50,1.00,21.50,"Digital Wallet",In-store,2022-09-24,
TXN_1833505,CUST_23,"Computers and electric accessories",Item_15_CEA,26.00,5.00,130.00,Cash,Online,2022-12-27,
TXN_6553703,CUST_23,Food,Item_9_FOOD,17.00,7.00,119.00,"Digital Wallet",Online,2024-05-22,
TXN_7128744,CUST_04,Patisserie,Item_1_PAT,5.00,3.00,15.00,"Digital Wallet",Online,2022-05-27,
TXN_9884963,CUST_19,Furniture,Item_11_FUR,20.00,3.00,60.00,"Digital Wallet",In-store,2024-04-13,
TXN_8589807,CUST_21,Patisserie,,6.50,0.00,0.00,"Digital Wallet",Online,2022-09-09,
TXN_4679750,CUST_10,"Computers and electric accessories",Item_20_CEA,33.50,8.00,268.00,"Credit Card",In-store,2023-04-30,
TXN_7675282,CUST_22,"Electric household essentials",,26.00,0.00,0.00,"Digital Wallet",In-store,2024-03-05,
TXN_4904210,CUST_09,Furniture,Item_21_FUR,35.00,2.00,70.00,"Digital Wallet",Online,2022-05-23,
TXN_4956708,CUST_06,Patisserie,Item_11_PAT,20.00,5.00,100.00,Cash,In-store,2023-11-17,
TXN_2326364,CUST_06,"Electric household essentials",Item_23_EHE,38.00,4.00,152.00,Cash,Online,2022-03-08,
TXN_4375011,CUST_19,Butchers,,9.50,0.00,0.00,"Credit Card",In-store,2022-01-16,
TXN_3946745,CUST_06,"Milk Products",Item_23_MILK,38.00,2.00,76.00,"Credit Card",In-store,2023-11-01,
TXN_4923822,CUST_19,Beverages,Item_7_BEV,14.00,3.00,42.00,Cash,Online,2023-12-21,
TXN_5002974,CUST_09,Butchers,Item_3_BUT,8.00,2.00,16.00,"Digital Wallet",Online,2024-06-27,
TXN_4459275,CUST_25,"Milk Products",Item_23_MILK,38.00,1.00,38.00,"Digital Wallet",In-store,2024-01-23,
TXN_1575064,CUST_06,Beverages,Item_25_BEV,41.00,6.00,246.00,"Digital Wallet",Online,2022-12-30,
TXN_2785640,CUST_21,"Milk Products",Item_3_MILK,8.00,10.00,80.00,Cash,Online,2023-02-21,
TXN_7056612,CUST_19,"Computers and electric accessories",Item_15_CEA,26.00,10.00,260.00,"Digital Wallet",In-store,2023-01-22,
TXN_5319218,CUST_11,"Computers and electric accessories",Item_4_CEA,9.50,2.00,19.00,"Credit Card",Online,2023-02-27,
TXN_2035086,CUST_17,Furniture,Item_5_FUR,11.00,10.00,110.00,"Credit Card",Online,2022-06-12,
TXN_5012129,CUST_13,"Electric household essentials",,12.50,0.00,0.00,Cash,Online,2024-12-04,
TXN_4413400,CUST_25,Food,Item_25_FOOD,41.00,8.00,328.00,"Digital Wallet",Online,2023-08-31,
TXN_4990030,CUST_11,Food,Item_5_FOOD,11.00,9.00,99.00,Cash,In-store,2022-10-10,
TXN_4118617,CUST_25,"Milk Products",Item_16_MILK,27.50,7.00,192.50,"Credit Card",Online,2024-11-14,
TXN_3898046,CUST_15,"Electric household essentials",Item_15_EHE,26.00,8.00,208.00,"Credit Card",Online,2022-09-23,
TXN_1379436,CUST_23,Furniture,Item_6_FUR,12.50,9.00,112.50,"Digital Wallet",Online,2025-01-03,
TXN_5941171,CUST_21,Furniture,Item_6_FUR,12.50,2.00,25.00,Cash,Online,2023-12-05,
TXN_7486067,CUST_19,"Computers and electric accessories",Item_19_CEA,32.00,5.00,160.00,"Credit Card",Online,2024-09-12,
TXN_8773638,CUST_12,Butchers,Item_7_BUT,14.00,4.00,56.00,"Digital Wallet",Online,2024-11-14,
TXN_4407882,CUST_05,Patisserie,Item_3_PAT,8.00,6.00,48.00,"Credit Card",Online,2022-01-12,
TXN_6209928,CUST_05,Beverages,Item_7_BEV,14.00,10.00,140.00,Cash,In-store,2023-10-03,
TXN_8069182,CUST_25,"Computers and electric accessories",Item_5_CEA,11.00,7.00,77.00,Cash,In-store,2023-07-12,
TXN_5188226,CUST_05,"Milk Products",Item_17_MILK,29.00,7.00,203.00,"Digital Wallet",In-store,2022-09-09,
TXN_2434339,CUST_01,Beverages,,0.00,9.00,180.00,"Credit Card",Online,2022-05-19,
TXN_6189337,CUST_04,"Milk Products",Item_18_MILK,30.50,5.00,152.50,Cash,In-store,2023-11-13,
TXN_5518537,CUST_19,Food,,0.00,1.00,11.00,Cash,In-store,2023-02-08,
TXN_3610195,CUST_06,Patisserie,Item_20_PAT,33.50,2.00,67.00,"Credit Card",Online,2022-09-09,
TXN_3599576,CUST_15,Furniture,Item_21_FUR,35.00,6.00,210.00,"Digital Wallet",Online,2024-06-05,
TXN_5805909,CUST_09,Furniture,Item_23_FUR,38.00,8.00,304.00,"Credit Card",In-store,2024-06-02,
TXN_4169126,CUST_21,Furniture,Item_12_FUR,21.50,5.00,107.50,Cash,Online,2024-06-10,
TXN_4254009,CUST_13,Patisserie,Item_15_PAT,26.00,7.00,182.00,Cash,Online,2024-05-18,
TXN_6315677,CUST_18,Food,Item_17_FOOD,29.00,4.00,116.00,"Digital Wallet",In-store,2024-05-22,
TXN_4993995,CUST_11,Furniture,Item_17_FUR,29.00,4.00,116.00,"Credit Card",Online,2023-06-12,
TXN_5769565,CUST_11,Butchers,Item_24_BUT,39.50,7.00,276.50,Cash,In-store,2022-05-12,
TXN_9676576,CUST_25,Furniture,,20.00,0.00,0.00,"Digital Wallet",In-store,2023-06-27,
TXN_5544368,CUST_20,Beverages,Item_2_BEV,6.50,4.00,26.00,"Digital Wallet",Online,2022-12-09,
TXN_7270567,CUST_13,Furniture,Item_6_FUR,12.50,3.00,37.50,"Digital Wallet",In-store,2023-10-09,
TXN_1292523,CUST_20,Food,Item_5_FOOD,11.00,8.00,88.00,"Credit Card",In-store,2023-09-13,
TXN_6425374,CUST_04,Furniture,Item_20_FUR,33.50,2.00,67.00,Cash,In-store,2023-08-04,
TXN_1239531,CUST_08,Beverages,Item_22_BEV,36.50,10.00,365.00,Cash,In-store,2023-02-18,
TXN_3674474,CUST_05,"Computers and electric accessories",Item_19_CEA,32.00,9.00,288.00,Cash,Online,2023-04-27,
TXN_6416009,CUST_22,Patisserie,Item_2_PAT,6.50,4.00,26.00,"Credit Card",In-store,2023-01-13,
TXN_7619486,CUST_16,Butchers,Item_22_BUT,36.50,1.00,36.50,Cash,Online,2024-10-23,
TXN_3559481,CUST_08,Beverages,Item_11_BEV,20.00,8.00,160.00,"Digital Wallet",In-store,2023-01-10,
TXN_5567367,CUST_15,Food,Item_18_FOOD,30.50,3.00,91.50,Cash,In-store,2022-12-18,
TXN_3729060,CUST_07,Patisserie,,0.00,6.00,228.00,"Digital Wallet",Online,2022-07-20,
TXN_7992317,CUST_08,"Computers and electric accessories",Item_6_CEA,12.50,10.00,125.00,Cash,In-store,2022-04-05,
TXN_8861404,CUST_05,"Computers and electric accessories",Item_12_CEA,21.50,4.00,86.00,"Credit Card",Online,2023-11-01,
TXN_2622994,CUST_20,"Computers and electric accessories",Item_18_CEA,30.50,6.00,183.00,"Digital Wallet",Online,2023-12-03,
TXN_9459891,CUST_05,"Electric household essentials",Item_25_EHE,41.00,2.00,82.00,"Digital Wallet",Online,2024-09-06,
TXN_5517386,CUST_13,Patisserie,Item_4_PAT,9.50,2.00,19.00,"Digital Wallet",In-store,2023-04-23,
TXN_1649045,CUST_21,"Computers and electric accessories",,21.50,0.00,0.00,"Credit Card",Online,2023-01-18,
TXN_7106178,CUST_21,Butchers,Item_21_BUT,35.00,10.00,350.00,"Credit Card",In-store,2024-05-04,
TXN_7766945,CUST_18,"Electric household essentials",Item_3_EHE,8.00,8.00,64.00,"Digital Wallet",In-store,2023-10-31,
TXN_7178094,CUST_10,"Computers and electric accessories",Item_13_CEA,23.00,2.00,46.00,Cash,In-store,2024-09-25,
TXN_3836435,CUST_09,"Electric household essentials",Item_17_EHE,29.00,10.00,290.00,"Credit Card",Online,2023-12-23,
TXN_3122781,CUST_09,Butchers,,0.00,7.00,108.50,"Digital Wallet",In-store,2023-07-21,
TXN_4513855,CUST_14,"Electric household essentials",Item_19_EHE,32.00,3.00,96.00,"Digital Wallet",In-store,2023-12-10,
TXN_6037665,CUST_24,Patisserie,Item_16_PAT,27.50,6.00,165.00,"Digital Wallet",Online,2024-03-11,
TXN_3224114,CUST_07,Butchers,Item_5_BUT,11.00,2.00,22.00,Cash,In-store,2022-05-04,
TXN_4589284,CUST_07,Beverages,Item_14_BEV,24.50,1.00,24.50,"Credit Card",Online,2022-07-12,
TXN_3768573,CUST_01,Butchers,Item_5_BUT,11.00,8.00,88.00,"Digital Wallet",In-store,2022-06-03,
TXN_3157398,CUST_23,Butchers,Item_23_BUT,38.00,1.00,38.00,"Credit Card",In-store,2024-12-06,
TXN_7917866,CUST_01,"Milk Products",Item_11_MILK,20.00,4.00,80.00,Cash,Online,2023-08-04,
TXN_6379297,CUST_19,Butchers,Item_3_BUT,8.00,9.00,72.00,Cash,Online,2022-05-19,
TXN_7174674,CUST_21,Patisserie,Item_19_PAT,32.00,4.00,128.00,"Credit Card",Online,2022-10-03,
TXN_1223079,CUST_06,Patisserie,Item_16_PAT,27.50,4.00,110.00,"Credit Card",In-store,2024-08-06,
TXN_6969962,CUST_20,"Electric household essentials",Item_17_EHE,29.00,10.00,290.00,"Credit Card",In-store,2022-01-06,
TXN_9326253,CUST_25,"Computers and electric accessories",Item_11_CEA,20.00,5.00,100.00,Cash,In-store,2024-09-29,
TXN_9654613,CUST_10,Food,Item_9_FOOD,17.00,8.00,136.00,"Credit Card",In-store,2022-10-23,
TXN_2287146,CUST_03,"Electric household essentials",Item_19_EHE,32.00,10.00,320.00,"Digital Wallet",Online,2022-06-10,
TXN_8637763,CUST_23,Beverages,Item_3_BEV,8.00,8.00,64.00,"Credit Card",In-store,2024-07-03,
TXN_7134955,CUST_19,Butchers,Item_13_BUT,23.00,5.00,115.00,"Digital Wallet",In-store,2024-01-26,
TXN_3929069,CUST_19,Butchers,Item_17_BUT,29.00,6.00,174.00,"Credit Card",In-store,2023-10-07,
TXN_7256566,CUST_25,Patisserie,Item_14_PAT,24.50,9.00,220.50,"Credit Card",In-store,2024-12-24,
TXN_8805699,CUST_16,"Milk Products",Item_19_MILK,32.00,9.00,288.00,Cash,In-store,2022-04-23,
TXN_3516710,CUST_11,"Computers and electric accessories",Item_11_CEA,20.00,5.00,100.00,Cash,In-store,2024-06-26,
TXN_2173693,CUST_23,Food,Item_20_FOOD,33.50,8.00,268.00,"Digital Wallet",In-store,2024-10-28,
TXN_4712234,CUST_24,Food,Item_25_FOOD,41.00,8.00,328.00,"Credit Card",Online,2023-07-01,
TXN_3131758,CUST_19,"Computers and electric accessories",Item_19_CEA,32.00,1.00,32.00,Cash,In-store,2024-03-25,
TXN_1227978,CUST_03,Beverages,Item_25_BEV,41.00,10.00,410.00,"Digital Wallet",In-store,2024-01-17,
TXN_9763661,CUST_23,Patisserie,Item_8_PAT,15.50,4.00,62.00,"Credit Card",In-store,2022-06-21,
TXN_4489205,CUST_02,Furniture,Item_11_FUR,20.00,8.00,160.00,"Credit Card",In-store,2022-08-01,
TXN_1745042,CUST_17,Butchers,Item_22_BUT,36.50,4.00,146.00,"Digital Wallet",In-store,2022-10-13,
TXN_9605479,CUST_02,"Electric household essentials",Item_22_EHE,36.50,10.00,365.00,"Credit Card",In-store,2024-01-13,
TXN_2899427,CUST_14,Butchers,Item_11_BUT,20.00,1.00,20.00,Cash,In-store,2023-04-01,
TXN_4124069,CUST_25,Furniture,Item_23_FUR,38.00,5.00,190.00,"Credit Card",Online,2023-10-09,
TXN_8984987,CUST_18,Furniture,Item_2_FUR,6.50,9.00,58.50,"Digital Wallet",Online,2022-04-23,
TXN_1489896,CUST_24,"Electric household essentials",Item_18_EHE,30.50,3.00,91.50,"Digital Wallet",In-store,2022-09-21,
TXN_6270217,CUST_17,Butchers,Item_5_BUT,11.00,7.00,77.00,Cash,In-store,2024-04-24,
TXN_1613328,CUST_19,Furniture,Item_25_FUR,41.00,8.00,328.00,Cash,Online,2022-09-26,
TXN_6308409,CUST_03,"Milk Products",Item_5_MILK,11.00,7.00,77.00,"Credit Card",In-store,2023-05-12,
TXN_2810459,CUST_09,"Computers and electric accessories",,0.00,1.00,24.50,Cash,In-store,2022-04-19,
TXN_1432445,CUST_01,Food,,0.00,9.00,180.00,Cash,In-store,2023-08-01,
TXN_9422407,CUST_11,Food,Item_13_FOOD,23.00,10.00,230.00,Cash,Online,2023-01-10,
TXN_9704360,CUST_06,"Electric household essentials",Item_15_EHE,26.00,10.00,260.00,Cash,Online,2024-08-31,
TXN_3433029,CUST_20,"Electric household essentials",Item_15_EHE,26.00,3.00,78.00,"Digital Wallet",Online,2025-01-16,
TXN_5929291,CUST_16,Food,Item_18_FOOD,30.50,6.00,183.00,"Credit Card",In-store,2022-05-12,
TXN_4520262,CUST_21,Beverages,Item_24_BEV,39.50,6.00,237.00,Cash,Online,2024-11-30,
TXN_9851864,CUST_12,"Computers and electric accessories",Item_3_CEA,8.00,5.00,40.00,"Digital Wallet",In-store,2024-12-01,
TXN_6828336,CUST_08,Food,Item_25_FOOD,41.00,8.00,328.00,"Credit Card",Online,2023-09-07,
TXN_9677353,CUST_13,Furniture,Item_4_FUR,9.50,1.00,9.50,"Credit Card",In-store,2023-02-05,
TXN_2513830,CUST_10,"Electric household essentials",Item_17_EHE,29.00,9.00,261.00,Cash,In-store,2024-09-18,
TXN_3247249,CUST_10,"Milk Products",,0.00,7.00,276.50,"Digital Wallet",Online,2023-01-13,
TXN_9402474,CUST_16,"Milk Products",Item_22_MILK,36.50,7.00,255.50,Cash,Online,2023-09-15,
TXN_7183634,CUST_08,Beverages,Item_3_BEV,8.00,5.00,40.00,"Credit Card",In-store,2024-05-16,
TXN_2055464,CUST_08,"Electric household essentials",Item_6_EHE,12.50,1.00,12.50,Cash,Online,2024-07-18,
TXN_7052489,CUST_16,"Milk Products",Item_11_MILK,20.00,7.00,140.00,"Digital Wallet",In-store,2023-05-09,
TXN_3377748,CUST_16,"Electric household essentials",Item_8_EHE,15.50,4.00,62.00,Cash,In-store,2023-07-02,
TXN_5381153,CUST_09,Patisserie,Item_4_PAT,9.50,5.00,47.50,"Digital Wallet",In-store,2023-11-05,
TXN_2326554,CUST_18,"Electric household essentials",Item_11_EHE,20.00,1.00,20.00,"Credit Card",Online,2023-12-25,
TXN_5038677,CUST_23,Beverages,Item_7_BEV,14.00,1.00,14.00,"Digital Wallet",In-store,2022-08-22,
TXN_5177579,CUST_14,"Milk Products",Item_23_MILK,38.00,5.00,190.00,"Digital Wallet",Online,2022-02-14,
TXN_6186202,CUST_14,Patisserie,,18.50,0.00,0.00,"Digital Wallet",In-store,2023-02-25,
TXN_9385722,CUST_25,Food,Item_14_FOOD,24.50,10.00,245.00,"Credit Card",In-store,2023-01-30,
TXN_5649444,CUST_08,Patisserie,Item_11_PAT,20.00,6.00,120.00,Cash,In-store,2023-10-15,
TXN_7927957,CUST_10,Beverages,Item_12_BEV,21.50,3.00,64.50,Cash,Online,2023-08-30,
TXN_9220439,CUST_25,Patisserie,Item_15_PAT,26.00,4.00,104.00,"Digital Wallet",Online,2023-12-12,
TXN_1791391,CUST_08,Food,Item_12_FOOD,21.50,9.00,193.50,"Credit Card",Online,2023-02-10,
TXN_4005159,CUST_23,Butchers,,32.00,0.00,0.00,Cash,In-store,2023-07-09,
TXN_7110095,CUST_12,Patisserie,Item_23_PAT,38.00,5.00,190.00,"Digital Wallet",Online,2023-05-02,
TXN_9614858,CUST_12,Patisserie,Item_4_PAT,9.50,9.00,85.50,Cash,In-store,2023-02-14,
TXN_1460040,CUST_06,"Milk Products",Item_2_MILK,6.50,5.00,32.50,"Credit Card",Online,2022-10-23,
TXN_1618066,CUST_15,Food,Item_5_FOOD,11.00,3.00,33.00,"Digital Wallet",In-store,2022-11-14,
TXN_1469385,CUST_11,Food,Item_22_FOOD,36.50,6.00,219.00,Cash,Online,2023-09-08,
TXN_2762873,CUST_22,Food,Item_5_FOOD,11.00,2.00,22.00,Cash,In-store,2023-01-01,
TXN_4556225,CUST_23,"Electric household essentials",Item_23_EHE,38.00,10.00,380.00,Cash,In-store,2022-02-09,
TXN_4662227,CUST_11,Food,Item_1_FOOD,5.00,1.00,5.00,Cash,Online,2023-02-20,
TXN_3719807,CUST_19,Furniture,Item_8_FUR,15.50,10.00,155.00,Cash,In-store,2022-06-11,
TXN_7686537,CUST_20,Food,Item_8_FOOD,15.50,3.00,46.50,Cash,Online,2024-09-04,
TXN_1353484,CUST_16,Butchers,Item_20_BUT,33.50,2.00,67.00,"Credit Card",Online,2024-02-05,
TXN_2611733,CUST_13,"Computers and electric accessories",Item_10_CEA,18.50,7.00,129.50,"Credit Card",In-store,2024-11-15,
TXN_6984156,CUST_20,Furniture,Item_19_FUR,32.00,1.00,32.00,Cash,In-store,2022-08-19,
TXN_8189771,CUST_11,Food,Item_3_FOOD,8.00,9.00,72.00,Cash,In-store,2024-01-02,
TXN_3419658,CUST_02,Patisserie,,0.00,9.00,220.50,"Digital Wallet",In-store,2023-07-06,
TXN_9957512,CUST_21,"Milk Products",,0.00,5.00,160.00,"Digital Wallet",Online,2025-01-14,
TXN_7771643,CUST_12,Furniture,Item_24_FUR,39.50,10.00,395.00,"Credit Card",In-store,2023-03-11,
TXN_8595309,CUST_02,Patisserie,Item_22_PAT,36.50,3.00,109.50,"Credit Card",In-store,2022-03-14,
TXN_7917265,CUST_18,"Milk Products",,5.00,0.00,0.00,Cash,In-store,2024-02-18,
TXN_2895936,CUST_12,"Milk Products",Item_4_MILK,9.50,6.00,57.00,Cash,Online,2024-12-16,
TXN_4871252,CUST_17,Beverages,Item_16_BEV,27.50,4.00,110.00,"Digital Wallet",Online,2024-03-25,
TXN_6274299,CUST_15,Food,Item_17_FOOD,29.00,10.00,290.00,"Digital Wallet",In-store,2022-01-18,
TXN_7726623,CUST_11,Beverages,,12.50,0.00,0.00,"Credit Card",In-store,2024-12-16,
TXN_9881750,CUST_01,Furniture,Item_6_FUR,12.50,8.00,100.00,Cash,In-store,2024-10-19,
TXN_1341677,CUST_18,Furniture,Item_25_FUR,41.00,1.00,41.00,Cash,In-store,2024-07-25,
TXN_6639567,CUST_08,Furniture,Item_21_FUR,35.00,10.00,350.00,"Credit Card",Online,2024-06-30,
TXN_7583557,CUST_14,"Milk Products",,9.50,0.00,0.00,Cash,Online,2024-01-04,
TXN_8878037,CUST_23,Furniture,Item_1_FUR,5.00,5.00,25.00,"Credit Card",Online,2022-05-04,
TXN_3144181,CUST_13,Food,Item_3_FOOD,8.00,3.00,24.00,"Credit Card",Online,2022-11-25,
TXN_2500072,CUST_23,Food,,41.00,0.00,0.00,Cash,Online,2023-02-24,
TXN_7636157,CUST_16,"Computers and electric accessories",Item_22_CEA,36.50,5.00,182.50,"Digital Wallet",In-store,2022-08-29,
TXN_6917746,CUST_05,"Computers and electric accessories",,20.00,0.00,0.00,Cash,Online,2022-09-17,
TXN_3342562,CUST_10,Butchers,Item_23_BUT,38.00,5.00,190.00,"Credit Card",In-store,2023-06-11,
TXN_7478459,CUST_22,Furniture,Item_8_FUR,15.50,5.00,77.50,"Credit Card",Online,2022-01-05,
TXN_1275355,CUST_04,"Computers and electric accessories",Item_12_CEA,21.50,2.00,43.00,Cash,In-store,2022-01-10,
TXN_9036436,CUST_15,Patisserie,Item_11_PAT,20.00,5.00,100.00,"Credit Card",In-store,2024-09-08,
TXN_2422679,CUST_07,"Computers and electric accessories",Item_10_CEA,18.50,4.00,74.00,"Digital Wallet",Online,2022-06-01,
TXN_1882050,CUST_06,Patisserie,,24.50,0.00,0.00,"Digital Wallet",In-store,2023-01-28,
TXN_5097238,CUST_09,"Electric household essentials",Item_22_EHE,36.50,6.00,219.00,"Digital Wallet",In-store,2023-03-20,
TXN_4955537,CUST_22,Patisserie,Item_17_PAT,29.00,9.00,261.00,"Digital Wallet",In-store,2024-04-23,
TXN_8947708,CUST_04,Butchers,,0.00,2.00,22.00,Cash,In-store,2023-03-20,
TXN_8359578,CUST_25,"Computers and electric accessories",Item_19_CEA,32.00,7.00,224.00,Cash,Online,2023-09-21,
TXN_7513988,CUST_19,"Electric household essentials",Item_15_EHE,26.00,5.00,130.00,Cash,In-store,2022-03-09,
TXN_9827001,CUST_15,Butchers,Item_7_BUT,14.00,1.00,14.00,"Credit Card",Online,2023-03-20,
TXN_7658974,CUST_24,Food,Item_20_FOOD,33.50,1.00,33.50,Cash,In-store,2024-12-30,
TXN_9312502,CUST_11,Furniture,Item_20_FUR,33.50,8.00,268.00,Cash,Online,2022-09-28,
TXN_8635748,CUST_23,"Milk Products",Item_1_MILK,5.00,1.00,5.00,"Credit Card",In-store,2023-01-22,
TXN_9719760,CUST_20,Butchers,Item_20_BUT,33.50,7.00,234.50,"Credit Card",In-store,2022-10-16,
TXN_8872470,CUST_02,"Electric household essentials",Item_19_EHE,32.00,1.00,32.00,"Credit Card",Online,2024-12-18,
TXN_4994236,CUST_18,Beverages,Item_24_BEV,39.50,6.00,237.00,"Digital Wallet",In-store,2022-12-30,
TXN_9911848,CUST_18,"Milk Products",Item_6_MILK,12.50,10.00,125.00,"Digital Wallet",In-store,2022-06-08,
TXN_4178572,CUST_12,"Electric household essentials",Item_19_EHE,32.00,8.00,256.00,Cash,In-store,2024-11-05,
TXN_7293964,CUST_14,"Computers and electric accessories",Item_21_CEA,35.00,2.00,70.00,"Credit Card",Online,2023-06-16,
TXN_6194378,CUST_13,Patisserie,Item_6_PAT,12.50,10.00,125.00,"Credit Card",Online,2022-08-13,
TXN_5321880,CUST_13,Butchers,Item_20_BUT,33.50,1.00,33.50,Cash,Online,2024-02-25,
TXN_1401211,CUST_16,Patisserie,Item_15_PAT,26.00,5.00,130.00,"Digital Wallet",Online,2023-01-02,
TXN_4726335,CUST_04,Beverages,Item_2_BEV,6.50,8.00,52.00,Cash,In-store,2023-10-27,
TXN_6682387,CUST_17,Furniture,Item_25_FUR,41.00,5.00,205.00,"Digital Wallet",In-store,2023-03-03,
TXN_6842454,CUST_13,Food,Item_24_FOOD,39.50,1.00,39.50,"Credit Card",Online,2023-08-25,
TXN_5603923,CUST_11,"Milk Products",Item_16_MILK,27.50,9.00,247.50,Cash,Online,2023-06-14,
TXN_9665063,CUST_14,Food,Item_9_FOOD,17.00,9.00,153.00,"Credit Card",In-store,2023-05-26,
TXN_8610139,CUST_14,Butchers,Item_25_BUT,41.00,6.00,246.00,Cash,In-store,2023-11-15,
TXN_6541597,CUST_05,Patisserie,Item_15_PAT,26.00,1.00,26.00,"Credit Card",Online,2024-08-12,
TXN_6048384,CUST_07,Butchers,,0.00,4.00,164.00,Cash,Online,2022-05-19,
TXN_5775795,CUST_14,Food,Item_13_FOOD,23.00,9.00,207.00,"Credit Card",Online,2023-01-17,
TXN_2206258,CUST_14,Butchers,Item_4_BUT,9.50,1.00,9.50,"Digital Wallet",Online,2022-07-08,
TXN_9892705,CUST_10,Butchers,Item_17_BUT,29.00,3.00,87.00,Cash,Online,2024-11-06,
TXN_2420813,CUST_10,"Computers and electric accessories",Item_3_CEA,8.00,9.00,72.00,"Digital Wallet",In-store,2022-06-13,
TXN_2328430,CUST_22,Furniture,Item_25_FUR,41.00,6.00,246.00,"Credit Card",Online,2024-07-07,
TXN_1451562,CUST_04,Food,Item_14_FOOD,24.50,7.00,171.50,"Digital Wallet",Online,2022-07-24,
TXN_6594654,CUST_22,Patisserie,Item_5_PAT,11.00,9.00,99.00,Cash,In-store,2023-10-11,
TXN_1704457,CUST_18,Furniture,Item_17_FUR,29.00,5.00,145.00,"Credit Card",In-store,2024-04-01,
TXN_9102543,CUST_13,Butchers,Item_20_BUT,33.50,3.00,100.50,Cash,In-store,2024-05-28,
TXN_7928944,CUST_15,"Computers and electric accessories",Item_3_CEA,8.00,5.00,40.00,"Credit Card",Online,2023-07-22,
TXN_4576075,CUST_09,Furniture,Item_8_FUR,15.50,9.00,139.50,"Digital Wallet",In-store,2024-10-16,
TXN_5512573,CUST_08,Patisserie,Item_1_PAT,5.00,10.00,50.00,Cash,Online,2024-05-13,
TXN_6959326,CUST_14,"Milk Products",Item_4_MILK,9.50,8.00,76.00,"Credit Card",In-store,2023-04-14,
TXN_7332563,CUST_13,Food,Item_13_FOOD,23.00,2.00,46.00,Cash,In-store,2024-03-05,
TXN_8863955,CUST_01,Patisserie,Item_20_PAT,33.50,6.00,201.00,"Credit Card",In-store,2022-08-15,
TXN_1112486,CUST_01,"Computers and electric accessories",Item_23_CEA,38.00,5.00,190.00,Cash,In-store,2022-01-22,
TXN_3823295,CUST_09,Patisserie,Item_11_PAT,20.00,4.00,80.00,"Digital Wallet",Online,2022-01-23,
TXN_3690725,CUST_09,Furniture,Item_7_FUR,14.00,6.00,84.00,"Digital Wallet",Online,2023-02-07,
TXN_3635610,CUST_07,"Electric household essentials",Item_23_EHE,38.00,7.00,266.00,"Credit Card",In-store,2022-06-20,
TXN_7958182,CUST_10,Butchers,Item_12_BUT,21.50,6.00,129.00,"Credit Card",In-store,2022-11-11,
TXN_5588546,CUST_23,"Computers and electric accessories",Item_5_CEA,11.00,3.00,33.00,"Credit Card",Online,2023-10-07,
TXN_2792485,CUST_04,"Computers and electric accessories",,6.50,0.00,0.00,"Digital Wallet",In-store,2022-08-09,
TXN_3679982,CUST_20,"Electric household essentials",Item_19_EHE,32.00,10.00,320.00,"Credit Card",Online,2023-02-27,
TXN_6688533,CUST_16,"Computers and electric accessories",,0.00,1.00,35.00,"Digital Wallet",Online,2023-11-09,
TXN_2911524,CUST_20,Patisserie,Item_15_PAT,26.00,7.00,182.00,"Credit Card",Online,2024-04-22,
TXN_2462572,CUST_19,Patisserie,Item_6_PAT,12.50,9.00,112.50,"Credit Card",In-store,2022-08-25,
TXN_1819682,CUST_17,Food,Item_21_FOOD,35.00,8.00,280.00,Cash,In-store,2024-06-11,
TXN_1519299,CUST_21,Food,Item_9_FOOD,17.00,10.00,170.00,"Digital Wallet",Online,2024-07-16,
TXN_5077745,CUST_03,"Electric household essentials",Item_8_EHE,15.50,10.00,155.00,"Credit Card",Online,2022-09-03,
TXN_1440439,CUST_09,Butchers,Item_18_BUT,30.50,9.00,274.50,"Credit Card",In-store,2023-06-12,
TXN_7431232,CUST_10,Beverages,Item_3_BEV,8.00,9.00,72.00,Cash,In-store,2024-11-27,
TXN_5885259,CUST_01,Food,Item_20_FOOD,33.50,5.00,167.50,"Digital Wallet",In-store,2024-01-08,
TXN_4993656,CUST_12,Patisserie,Item_22_PAT,36.50,10.00,365.00,Cash,In-store,2023-05-08,
TXN_8293840,CUST_07,Beverages,Item_20_BEV,33.50,3.00,100.50,Cash,Online,2022-01-31,
TXN_6118643,CUST_02,"Milk Products",Item_3_MILK,8.00,10.00,80.00,"Digital Wallet",Online,2022-10-29,
TXN_7898780,CUST_23,Food,Item_20_FOOD,33.50,6.00,201.00,"Digital Wallet",Online,2024-01-07,
TXN_4699053,CUST_12,Furniture,Item_17_FUR,29.00,7.00,203.00,"Credit Card",In-store,2024-11-04,
TXN_1622050,CUST_13,Butchers,Item_3_BUT,8.00,3.00,24.00,"Credit Card",Online,2023-11-01,
TXN_7331955,CUST_12,"Milk Products",Item_4_MILK,9.50,7.00,66.50,"Credit Card",Online,2022-01-01,
TXN_5044144,CUST_02,"Electric household essentials",Item_11_EHE,20.00,10.00,200.00,Cash,Online,2024-01-22,
TXN_3835641,CUST_16,Butchers,Item_20_BUT,33.50,3.00,100.50,Cash,Online,2022-08-16,
TXN_7699025,CUST_23,"Computers and electric accessories",Item_15_CEA,26.00,4.00,104.00,Cash,In-store,2023-01-30,
TXN_1286644,CUST_17,Furniture,Item_1_FUR,5.00,8.00,40.00,"Digital Wallet",Online,2022-06-24,
TXN_1868656,CUST_24,"Computers and electric accessories",Item_18_CEA,30.50,6.00,183.00,"Credit Card",In-store,2024-01-19,
TXN_3582432,CUST_20,Beverages,Item_9_BEV,17.00,9.00,153.00,"Digital Wallet",In-store,2023-02-04,
TXN_2244499,CUST_10,Beverages,Item_14_BEV,24.50,3.00,73.50,"Digital Wallet",Online,2024-09-30,
TXN_3430174,CUST_12,Butchers,Item_25_BUT,41.00,5.00,205.00,"Credit Card",In-store,2024-02-19,
TXN_5299596,CUST_13,"Computers and electric accessories",Item_15_CEA,26.00,9.00,234.00,"Credit Card",Online,2024-04-14,
TXN_8106767,CUST_09,Food,Item_22_FOOD,36.50,1.00,36.50,"Credit Card",In-store,2023-10-02,
TXN_1490733,CUST_21,Furniture,Item_2_FUR,6.50,6.00,39.00,"Digital Wallet",Online,2023-08-16,
TXN_9224464,CUST_12,"Computers and electric accessories",,11.00,0.00,0.00,"Credit Card",Online,2024-05-04,
TXN_9749154,CUST_22,Butchers,Item_6_BUT,12.50,2.00,25.00,Cash,Online,2024-03-17,
TXN_9408663,CUST_21,Beverages,Item_1_BEV,5.00,8.00,40.00,Cash,Online,2024-10-12,
TXN_6838649,CUST_16,Butchers,Item_23_BUT,38.00,4.00,152.00,Cash,In-store,2023-01-09,
TXN_4694391,CUST_08,Patisserie,Item_17_PAT,29.00,8.00,232.00,Cash,Online,2022-04-15,
TXN_5309004,CUST_23,Patisserie,Item_8_PAT,15.50,1.00,15.50,Cash,Online,2022-10-30,
TXN_9475737,CUST_11,Beverages,Item_10_BEV,18.50,8.00,148.00,"Credit Card",In-store,2023-08-01,
TXN_3995449,CUST_25,"Computers and electric accessories",Item_15_CEA,26.00,10.00,260.00,"Credit Card",In-store,2022-06-23,
TXN_1007144,CUST_20,Beverages,Item_2_BEV,6.50,4.00,26.00,"Digital Wallet",Online,2022-03-05,
TXN_2848709,CUST_23,Beverages,,0.00,10.00,350.00,"Credit Card",Online,2022-07-31,
TXN_2850753,CUST_16,Patisserie,,0.00,4.00,128.00,Cash,In-store,2024-01-10,
TXN_7896895,CUST_23,Beverages,Item_8_BEV,15.50,7.00,108.50,"Digital Wallet",In-store,2023-09-11,
TXN_5888173,CUST_01,Furniture,Item_4_FUR,9.50,7.00,66.50,Cash,Online,2023-02-14,
TXN_8010186,CUST_04,Butchers,Item_15_BUT,26.00,7.00,182.00,Cash,In-store,2022-09-26,
TXN_1623171,CUST_15,Furniture,Item_21_FUR,35.00,2.00,70.00,Cash,Online,2024-05-04,
TXN_3838434,CUST_13,Food,,17.00,0.00,0.00,Cash,Online,2022-01-26,
TXN_7242115,CUST_20,Butchers,Item_3_BUT,8.00,5.00,40.00,"Credit Card",In-store,2023-10-31,
TXN_4130715,CUST_08,Patisserie,Item_10_PAT,18.50,3.00,55.50,"Credit Card",Online,2024-12-19,
TXN_4442698,CUST_10,Butchers,Item_21_BUT,35.00,8.00,280.00,Cash,Online,2023-06-26,
TXN_2122125,CUST_12,"Electric household essentials",Item_12_EHE,21.50,1.00,21.50,"Credit Card",Online,2024-08-24,
TXN_9166705,CUST_10,Beverages,Item_1_BEV,5.00,7.00,35.00,Cash,Online,2023-08-02,
TXN_5520047,CUST_18,Patisserie,Item_16_PAT,27.50,4.00,110.00,"Digital Wallet",In-store,2022-02-16,
TXN_9102221,CUST_13,Furniture,,0.00,2.00,76.00,"Digital Wallet",In-store,2023-02-13,
TXN_9687573,CUST_21,Patisserie,Item_14_PAT,24.50,6.00,147.00,"Digital Wallet",Online,2023-08-13,
TXN_5895413,CUST_21,Patisserie,,0.00,2.00,67.00,"Digital Wallet",In-store,2024-04-29,
TXN_8223520,CUST_05,Food,Item_9_FOOD,17.00,8.00,136.00,Cash,In-store,2023-06-21,
TXN_2364431,CUST_16,"Electric household essentials",Item_16_EHE,27.50,2.00,55.00,Cash,In-store,2022-03-16,
TXN_7637734,CUST_08,Butchers,Item_20_BUT,33.50,4.00,134.00,"Digital Wallet",Online,2025-01-16,
TXN_3758695,CUST_18,"Computers and electric accessories",Item_6_CEA,12.50,4.00,50.00,Cash,In-store,2024-02-01,
TXN_1016209,CUST_06,Food,Item_25_FOOD,41.00,4.00,164.00,"Digital Wallet",Online,2024-11-09,
TXN_8694089,CUST_25,"Computers and electric accessories",Item_22_CEA,36.50,1.00,36.50,"Credit Card",Online,2024-07-22,
TXN_7489452,CUST_06,Butchers,Item_23_BUT,38.00,7.00,266.00,"Digital Wallet",Online,2023-02-16,
TXN_4644900,CUST_20,Beverages,Item_1_BEV,5.00,5.00,25.00,Cash,In-store,2024-08-06,
TXN_7508727,CUST_24,"Milk Products",Item_19_MILK,32.00,3.00,96.00,Cash,In-store,2024-09-08,
TXN_9695022,CUST_20,Furniture,Item_11_FUR,20.00,5.00,100.00,Cash,Online,2024-02-01,
TXN_5901521,CUST_20,"Milk Products",Item_15_MILK,26.00,9.00,234.00,"Credit Card",In-store,2024-06-30,
TXN_1428000,CUST_18,Beverages,Item_14_BEV,24.50,5.00,122.50,"Digital Wallet",Online,2022-01-16,
TXN_5815480,CUST_07,Beverages,Item_4_BEV,9.50,6.00,57.00,"Credit Card",In-store,2024-01-02,
TXN_2904039,CUST_22,Butchers,,0.00,4.00,152.00,"Credit Card",Online,2023-08-11,
TXN_1836595,CUST_08,Beverages,Item_24_BEV,39.50,3.00,118.50,"Credit Card",In-store,2023-07-01,
TXN_1795531,CUST_19,"Electric household essentials",Item_10_EHE,18.50,5.00,92.50,"Digital Wallet",In-store,2022-01-11,
TXN_1041483,CUST_19,"Electric household essentials",,15.50,0.00,0.00,Cash,In-store,2024-03-19,
TXN_8367212,CUST_13,Beverages,Item_14_BEV,24.50,8.00,196.00,Cash,Online,2023-10-01,
TXN_9397999,CUST_12,"Electric household essentials",Item_12_EHE,21.50,8.00,172.00,Cash,In-store,2023-12-30,
TXN_8362668,CUST_14,Food,Item_25_FOOD,41.00,1.00,41.00,"Digital Wallet",Online,2022-07-02,
TXN_6223608,CUST_02,"Electric household essentials",Item_23_EHE,38.00,3.00,114.00,Cash,In-store,2024-10-07,
TXN_9178330,CUST_20,Food,Item_10_FOOD,18.50,4.00,74.00,Cash,Online,2022-07-30,
TXN_5577825,CUST_17,Furniture,Item_14_FUR,24.50,10.00,245.00,Cash,Online,2024-01-22,
TXN_8527621,CUST_11,Beverages,Item_3_BEV,8.00,1.00,8.00,"Credit Card",Online,2023-04-06,
TXN_6879984,CUST_10,Butchers,Item_5_BUT,11.00,3.00,33.00,Cash,In-store,2024-10-16,
TXN_2045418,CUST_14,Food,Item_14_FOOD,24.50,1.00,24.50,"Credit Card",Online,2023-11-18,
TXN_6569223,CUST_25,Furniture,Item_21_FUR,35.00,6.00,210.00,"Digital Wallet",In-store,2024-10-02,
TXN_9408214,CUST_15,"Milk Products",Item_6_MILK,12.50,6.00,75.00,"Digital Wallet",Online,2024-01-10,
TXN_6851086,CUST_17,Patisserie,Item_23_PAT,38.00,9.00,342.00,"Credit Card",Online,2023-08-06,
TXN_3122188,CUST_24,Food,,21.50,0.00,0.00,"Credit Card",Online,2023-02-25,
TXN_9818603,CUST_05,"Computers and electric accessories",,8.00,0.00,0.00,"Credit Card",In-store,2023-07-20,
TXN_2759713,CUST_04,Butchers,Item_20_BUT,33.50,4.00,134.00,Cash,Online,2023-11-23,
TXN_5127571,CUST_13,"Milk Products",Item_1_MILK,5.00,6.00,30.00,"Digital Wallet",Online,2024-10-04,
TXN_7928438,CUST_22,Furniture,Item_11_FUR,20.00,1.00,20.00,"Digital Wallet",In-store,2024-11-03,
TXN_5200141,CUST_23,"Electric household essentials",Item_1_EHE,5.00,1.00,5.00,"Digital Wallet",In-store,2022-11-01,
TXN_4493777,CUST_15,Patisserie,Item_9_PAT,17.00,6.00,102.00,"Digital Wallet",In-store,2022-05-22,
TXN_3422906,CUST_21,Furniture,Item_24_FUR,39.50,1.00,39.50,"Digital Wallet",In-store,2022-02-26,
TXN_2166078,CUST_19,"Milk Products",Item_24_MILK,39.50,7.00,276.50,Cash,Online,2024-03-22,
TXN_1443259,CUST_25,Furniture,Item_3_FUR,8.00,7.00,56.00,"Digital Wallet",Online,2023-11-08,
TXN_3600908,CUST_15,Furniture,Item_15_FUR,26.00,2.00,52.00,"Digital Wallet",Online,2024-09-15,
TXN_1185443,CUST_23,Butchers,Item_13_BUT,23.00,7.00,161.00,Cash,Online,2023-11-16,
TXN_9248288,CUST_22,"Electric household essentials",Item_15_EHE,26.00,6.00,156.00,"Credit Card",Online,2023-11-02,
TXN_3871295,CUST_18,"Milk Products",Item_17_MILK,29.00,4.00,116.00,"Digital Wallet",In-store,2022-01-02,
TXN_2035248,CUST_17,Furniture,Item_11_FUR,20.00,8.00,160.00,Cash,Online,2024-01-01,
TXN_9746526,CUST_11,Food,Item_14_FOOD,24.50,7.00,171.50,Cash,In-store,2025-01-04,
TXN_6328369,CUST_12,Food,,6.50,0.00,0.00,"Credit Card",Online,2024-03-18,
TXN_8087160,CUST_08,Butchers,,0.00,5.00,152.50,Cash,Online,2024-01-26,
TXN_4853937,CUST_09,"Electric household essentials",Item_22_EHE,36.50,9.00,328.50,Cash,In-store,2022-08-15,
TXN_7367608,CUST_20,Patisserie,Item_11_PAT,20.00,6.00,120.00,"Credit Card",In-store,2024-10-13,
TXN_4622617,CUST_17,Beverages,Item_12_BEV,21.50,1.00,21.50,Cash,In-store,2022-03-31,
TXN_5804012,CUST_16,"Computers and electric accessories",Item_12_CEA,21.50,9.00,193.50,"Digital Wallet",Online,2022-09-08,
TXN_5368235,CUST_25,Food,Item_16_FOOD,27.50,10.00,275.00,"Digital Wallet",In-store,2022-02-20,
TXN_2588792,CUST_10,Furniture,Item_10_FUR,18.50,3.00,55.50,"Digital Wallet",Online,2023-06-13,
TXN_3300014,CUST_12,Beverages,Item_19_BEV,32.00,3.00,96.00,Cash,Online,2023-04-24,
TXN_9101308,CUST_09,Butchers,Item_22_BUT,36.50,5.00,182.50,"Digital Wallet",Online,2024-10-12,
TXN_6254334,CUST_23,Butchers,,32.00,0.00,0.00,"Digital Wallet",Online,2022-03-29,
TXN_9695630,CUST_16,Butchers,Item_20_BUT,33.50,9.00,301.50,"Digital Wallet",Online,2024-11-04,
TXN_7581231,CUST_18,"Milk Products",,14.00,0.00,0.00,"Credit Card",In-store,2024-12-09,
TXN_6376892,CUST_20,Furniture,Item_16_FUR,27.50,5.00,137.50,"Credit Card",Online,2023-05-17,
TXN_5508625,CUST_06,Butchers,Item_5_BUT,11.00,1.00,11.00,Cash,In-store,2024-12-13,
TXN_3462517,CUST_01,Patisserie,,9.50,0.00,0.00,"Credit Card",In-store,2024-02-01,
TXN_5731675,CUST_22,Butchers,Item_15_BUT,26.00,4.00,104.00,"Credit Card",In-store,2022-09-03,
TXN_5797421,CUST_01,Patisserie,Item_23_PAT,38.00,10.00,380.00,"Digital Wallet",In-store,2024-05-21,
TXN_4806789,CUST_16,"Milk Products",Item_18_MILK,30.50,1.00,30.50,Cash,Online,2023-08-02,
TXN_1587044,CUST_11,Food,Item_11_FOOD,20.00,6.00,120.00,Cash,In-store,2024-12-01,
TXN_6664172,CUST_21,Food,,23.00,0.00,0.00,"Digital Wallet",Online,2023-03-01,
TXN_6791698,CUST_03,"Milk Products",Item_19_MILK,32.00,2.00,64.00,Cash,In-store,2024-01-19,
TXN_1860779,CUST_13,Butchers,Item_4_BUT,9.50,10.00,95.00,"Digital Wallet",In-store,2023-09-01,
TXN_2573458,CUST_08,Butchers,Item_15_BUT,26.00,10.00,260.00,Cash,Online,2022-11-28,
TXN_7320283,CUST_12,"Electric household essentials",Item_13_EHE,23.00,9.00,207.00,"Credit Card",Online,2023-04-06,
TXN_9907089,CUST_21,"Computers and electric accessories",Item_5_CEA,11.00,1.00,11.00,"Credit Card",Online,2024-09-27,
TXN_3868257,CUST_06,"Electric household essentials",Item_18_EHE,30.50,10.00,305.00,"Digital Wallet",Online,2022-11-03,
TXN_3273812,CUST_03,"Milk Products",Item_16_MILK,27.50,9.00,247.50,Cash,Online,2024-03-28,
TXN_8737583,CUST_01,"Milk Products",Item_13_MILK,23.00,7.00,161.00,"Credit Card",In-store,2023-02-21,
TXN_6989632,CUST_06,Furniture,Item_17_FUR,29.00,7.00,203.00,Cash,In-store,2023-08-19,
TXN_2770594,CUST_14,"Computers and electric accessories",Item_6_CEA,12.50,7.00,87.50,Cash,In-store,2024-04-28,
TXN_8436107,CUST_21,"Milk Products",Item_1_MILK,5.00,3.00,15.00,"Credit Card",In-store,2024-04-08,
TXN_3588286,CUST_22,Beverages,Item_16_BEV,27.50,7.00,192.50,"Credit Card",Online,2024-02-03,
TXN_6600756,CUST_18,Food,,0.00,7.00,171.50,Cash,In-store,2023-05-19,
TXN_8320450,CUST_03,"Electric household essentials",Item_8_EHE,15.50,2.00,31.00,"Credit Card",Online,2024-07-19,
TXN_1708128,CUST_25,"Computers and electric accessories",Item_9_CEA,17.00,1.00,17.00,Cash,In-store,2022-10-19,
TXN_1329247,CUST_03,"Electric household essentials",Item_15_EHE,26.00,4.00,104.00,"Digital Wallet",Online,2023-05-11,
TXN_7662764,CUST_25,"Milk Products",Item_1_MILK,5.00,1.00,5.00,"Digital Wallet",Online,2023-08-17,
TXN_8312176,CUST_02,Furniture,Item_17_FUR,29.00,8.00,232.00,"Credit Card",Online,2023-09-24,
TXN_7459156,CUST_03,Furniture,Item_9_FUR,17.00,7.00,119.00,Cash,In-store,2023-01-18,
TXN_2261000,CUST_09,"Computers and electric accessories",Item_14_CEA,24.50,10.00,245.00,Cash,Online,2024-06-03,
TXN_2615354,CUST_01,Patisserie,Item_8_PAT,15.50,5.00,77.50,"Digital Wallet",Online,2022-09-08,
TXN_7704361,CUST_18,"Computers and electric accessories",Item_2_CEA,6.50,10.00,65.00,Cash,In-store,2023-08-02,
TXN_1482356,CUST_01,Patisserie,,0.00,7.00,119.00,"Digital Wallet",In-store,2022-10-24,
TXN_5754130,CUST_13,"Milk Products",Item_6_MILK,12.50,2.00,25.00,"Credit Card",In-store,2024-12-20,
TXN_4884748,CUST_04,Butchers,Item_15_BUT,26.00,9.00,234.00,"Credit Card",In-store,2024-05-29,
TXN_6800846,CUST_13,Furniture,Item_15_FUR,26.00,7.00,182.00,"Digital Wallet",In-store,2023-11-09,
TXN_6643496,CUST_23,Food,Item_9_FOOD,17.00,6.00,102.00,"Digital Wallet",In-store,2023-02-15,
TXN_1899712,CUST_08,"Electric household essentials",Item_23_EHE,38.00,9.00,342.00,"Digital Wallet",In-store,2022-12-10,
TXN_1972506,CUST_09,"Computers and electric accessories",,0.00,8.00,100.00,Cash,Online,2024-12-14,
TXN_4318649,CUST_18,"Electric household essentials",Item_20_EHE,33.50,7.00,234.50,"Digital Wallet",Online,2024-08-31,
TXN_4508397,CUST_07,Patisserie,Item_5_PAT,11.00,2.00,22.00,"Digital Wallet",In-store,2024-09-15,
TXN_7919193,CUST_17,"Milk Products",Item_11_MILK,20.00,4.00,80.00,Cash,Online,2023-08-01,
TXN_2183871,CUST_06,Patisserie,Item_12_PAT,21.50,3.00,64.50,Cash,In-store,2023-07-07,
TXN_9900913,CUST_25,Patisserie,,27.50,0.00,0.00,Cash,In-store,2023-11-15,
TXN_5746885,CUST_03,"Computers and electric accessories",Item_9_CEA,17.00,10.00,170.00,Cash,Online,2022-11-28,
TXN_7479551,CUST_10,Food,Item_22_FOOD,36.50,4.00,146.00,"Digital Wallet",In-store,2022-02-25,
TXN_8486925,CUST_08,Furniture,Item_20_FUR,33.50,2.00,67.00,"Credit Card",In-store,2023-08-27,
TXN_9760684,CUST_07,Patisserie,Item_14_PAT,24.50,2.00,49.00,"Digital Wallet",In-store,2025-01-10,
TXN_1519499,CUST_15,"Computers and electric accessories",Item_6_CEA,12.50,6.00,75.00,"Credit Card",Online,2022-01-01,
TXN_7169502,CUST_10,"Electric household essentials",Item_16_EHE,27.50,2.00,55.00,"Digital Wallet",In-store,2023-12-15,
TXN_6237791,CUST_13,Patisserie,Item_1_PAT,5.00,8.00,40.00,"Credit Card",In-store,2022-06-13,
TXN_7192439,CUST_16,Patisserie,Item_5_PAT,11.00,6.00,66.00,"Digital Wallet",In-store,2025-01-14,
TXN_2078144,CUST_25,Food,Item_25_FOOD,41.00,2.00,82.00,"Credit Card",In-store,2022-01-20,
TXN_5055889,CUST_08,Patisserie,Item_1_PAT,5.00,8.00,40.00,"Credit Card",In-store,2022-01-03,
TXN_6306864,CUST_04,"Milk Products",Item_1_MILK,5.00,9.00,45.00,Cash,In-store,2023-12-03,
TXN_6890386,CUST_18,Food,Item_14_FOOD,24.50,5.00,122.50,Cash,In-store,2023-01-27,
TXN_4774186,CUST_09,Patisserie,Item_12_PAT,21.50,2.00,43.00,"Digital Wallet",Online,2023-04-17,
TXN_9009459,CUST_17,Food,Item_4_FOOD,9.50,1.00,9.50,"Digital Wallet",In-store,2023-06-10,
TXN_1300271,CUST_11,Food,Item_1_FOOD,5.00,2.00,10.00,"Digital Wallet",Online,2024-05-22,
TXN_3640084,CUST_08,Patisserie,Item_13_PAT,23.00,7.00,161.00,"Digital Wallet",In-store,2022-10-24,
TXN_9509879,CUST_06,"Electric household essentials",Item_23_EHE,38.00,8.00,304.00,"Credit Card",In-store,2023-03-07,
TXN_6734279,CUST_24,Furniture,Item_11_FUR,20.00,8.00,160.00,"Credit Card",Online,2023-12-24,
TXN_9931724,CUST_02,"Electric household essentials",Item_16_EHE,27.50,10.00,275.00,"Digital Wallet",Online,2023-12-13,
TXN_3503166,CUST_03,Butchers,Item_7_BUT,14.00,2.00,28.00,Cash,Online,2024-10-25,
TXN_6945963,CUST_01,Butchers,Item_12_BUT,21.50,2.00,43.00,"Credit Card",In-store,2024-01-02,
TXN_4506004,CUST_21,Food,Item_22_FOOD,36.50,8.00,292.00,Cash,In-store,2024-04-07,
TXN_1289422,CUST_12,"Computers and electric accessories",Item_2_CEA,6.50,6.00,39.00,Cash,In-store,2022-10-28,
TXN_4783696,CUST_13,Furniture,,41.00,0.00,0.00,Cash,In-store,2022-10-26,
TXN_5633288,CUST_14,"Electric household essentials",Item_15_EHE,26.00,5.00,130.00,"Credit Card",Online,2024-09-10,
TXN_2483851,CUST_14,"Milk Products",Item_19_MILK,32.00,2.00,64.00,Cash,In-store,2023-04-15,
TXN_6691072,CUST_02,"Electric household essentials",Item_15_EHE,26.00,5.00,130.00,"Credit Card",In-store,2024-04-15,
TXN_3173361,CUST_08,Furniture,Item_14_FUR,24.50,9.00,220.50,"Digital Wallet",Online,2022-04-24,
TXN_8938382,CUST_14,"Milk Products",Item_16_MILK,27.50,1.00,27.50,"Digital Wallet",In-store,2023-03-06,
TXN_9032264,CUST_10,Beverages,Item_15_BEV,26.00,6.00,156.00,"Credit Card",Online,2024-05-26,
TXN_6388954,CUST_07,"Computers and electric accessories",Item_12_CEA,21.50,4.00,86.00,"Digital Wallet",Online,2022-06-30,
TXN_2850974,CUST_03,Furniture,Item_25_FUR,41.00,3.00,123.00,Cash,Online,2022-04-05,
TXN_8864272,CUST_09,Butchers,Item_12_BUT,21.50,10.00,215.00,Cash,In-store,2023-06-30,
TXN_1208768,CUST_24,Beverages,,0.00,2.00,28.00,Cash,Online,2023-02-28,
TXN_9835299,CUST_04,"Electric household essentials",,0.00,2.00,46.00,"Digital Wallet",In-store,2022-11-12,
TXN_8783459,CUST_19,Beverages,Item_2_BEV,6.50,8.00,52.00,Cash,Online,2023-05-06,
TXN_4839344,CUST_10,"Milk Products",Item_7_MILK,14.00,8.00,112.00,"Credit Card",In-store,2022-02-19,
TXN_1521269,CUST_19,"Computers and electric accessories",Item_23_CEA,38.00,7.00,266.00,"Digital Wallet",Online,2022-09-11,
TXN_7107116,CUST_24,Beverages,Item_3_BEV,8.00,10.00,80.00,Cash,In-store,2022-03-04,
TXN_1756302,CUST_04,"Electric household essentials",Item_5_EHE,11.00,10.00,110.00,"Digital Wallet",In-store,2022-08-26,
TXN_1809291,CUST_16,"Computers and electric accessories",Item_19_CEA,32.00,5.00,160.00,"Credit Card",In-store,2024-05-13,
TXN_9993612,CUST_01,"Milk Products",Item_13_MILK,23.00,6.00,138.00,"Credit Card",Online,2023-09-05,
TXN_5021310,CUST_17,Butchers,Item_22_BUT,36.50,3.00,109.50,"Digital Wallet",Online,2023-05-13,
TXN_5101986,CUST_15,Beverages,,24.50,0.00,0.00,Cash,In-store,2024-06-16,
TXN_3435432,CUST_14,"Electric household essentials",,0.00,7.00,150.50,"Digital Wallet",Online,2022-07-14,
TXN_1927605,CUST_13,Food,Item_14_FOOD,24.50,10.00,245.00,"Digital Wallet",In-store,2023-02-22,
TXN_4984534,CUST_25,"Electric household essentials",Item_23_EHE,38.00,9.00,342.00,"Digital Wallet",In-store,2022-03-03,
TXN_1132569,CUST_19,"Computers and electric accessories",Item_22_CEA,36.50,2.00,73.00,"Digital Wallet",In-store,2023-06-28,
TXN_4085222,CUST_15,Patisserie,Item_23_PAT,38.00,9.00,342.00,"Digital Wallet",Online,2022-03-04,
TXN_6087945,CUST_01,"Computers and electric accessories",Item_3_CEA,8.00,4.00,32.00,"Credit Card",In-store,2023-11-24,
TXN_1908528,CUST_20,Patisserie,Item_12_PAT,21.50,4.00,86.00,"Credit Card",In-store,2024-02-25,
TXN_7321205,CUST_22,Butchers,Item_22_BUT,36.50,5.00,182.50,Cash,In-store,2024-08-16,
TXN_4033040,CUST_06,Furniture,Item_24_FUR,39.50,2.00,79.00,Cash,In-store,2024-06-07,
TXN_2882452,CUST_19,"Electric household essentials",Item_20_EHE,33.50,9.00,301.50,"Digital Wallet",Online,2022-04-22,
TXN_7662007,CUST_16,"Computers and electric accessories",Item_1_CEA,5.00,2.00,10.00,"Digital Wallet",In-store,2024-01-07,
TXN_6016967,CUST_07,Furniture,Item_25_FUR,41.00,9.00,369.00,Cash,Online,2022-08-15,
TXN_6797156,CUST_07,"Electric household essentials",Item_19_EHE,32.00,5.00,160.00,Cash,In-store,2024-10-10,
TXN_2690184,CUST_12,Food,Item_20_FOOD,33.50,10.00,335.00,"Digital Wallet",Online,2023-05-14,
TXN_7305728,CUST_20,"Electric household essentials",Item_6_EHE,12.50,6.00,75.00,Cash,Online,2023-02-09,
TXN_7192218,CUST_06,"Milk Products",Item_3_MILK,8.00,7.00,56.00,Cash,In-store,2022-01-23,
TXN_1709998,CUST_21,Beverages,Item_14_BEV,24.50,10.00,245.00,Cash,In-store,2022-07-26,
TXN_4283867,CUST_18,Patisserie,Item_11_PAT,20.00,9.00,180.00,"Credit Card",Online,2023-07-17,
TXN_4521044,CUST_08,Butchers,Item_23_BUT,38.00,6.00,228.00,Cash,In-store,2024-12-05,
TXN_3001816,CUST_03,Butchers,Item_1_BUT,5.00,7.00,35.00,Cash,Online,2024-06-11,
TXN_2653788,CUST_18,"Electric household essentials",Item_8_EHE,15.50,9.00,139.50,"Credit Card",In-store,2024-01-03,
TXN_1450262,CUST_23,"Computers and electric accessories",Item_15_CEA,26.00,4.00,104.00,Cash,In-store,2024-02-20,
TXN_9727196,CUST_04,Beverages,Item_20_BEV,33.50,8.00,268.00,"Digital Wallet",In-store,2025-01-03,
TXN_7291543,CUST_07,Butchers,Item_2_BUT,6.50,1.00,6.50,"Digital Wallet",Online,2024-07-23,
TXN_6873471,CUST_11,Patisserie,Item_22_PAT,36.50,4.00,146.00,Cash,Online,2022-09-07,
TXN_2893975,CUST_01,Furniture,Item_15_FUR,26.00,5.00,130.00,"Digital Wallet",In-store,2022-01-21,
TXN_1596330,CUST_03,Patisserie,Item_20_PAT,33.50,4.00,134.00,"Digital Wallet",Online,2025-01-06,
TXN_4443367,CUST_16,Patisserie,Item_24_PAT,39.50,4.00,158.00,"Credit Card",Online,2024-10-15,
TXN_7390479,CUST_03,Food,Item_11_FOOD,20.00,6.00,120.00,"Credit Card",In-store,2023-05-14,
TXN_6821504,CUST_05,Butchers,Item_25_BUT,41.00,5.00,205.00,"Digital Wallet",In-store,2023-12-29,
TXN_9979272,CUST_15,"Milk Products",Item_11_MILK,20.00,2.00,40.00,Cash,In-store,2023-06-05,
TXN_5773604,CUST_20,Butchers,Item_1_BUT,5.00,8.00,40.00,Cash,In-store,2023-10-20,
TXN_2219704,CUST_25,"Electric household essentials",Item_6_EHE,12.50,6.00,75.00,Cash,Online,2024-10-24,
TXN_4568724,CUST_25,"Milk Products",Item_23_MILK,38.00,4.00,152.00,Cash,Online,2024-03-28,
TXN_6108090,CUST_11,"Milk Products",Item_8_MILK,15.50,5.00,77.50,Cash,In-store,2022-06-08,
TXN_1402864,CUST_25,Patisserie,Item_20_PAT,33.50,4.00,134.00,"Credit Card",Online,2023-12-16,
TXN_8126584,CUST_19,"Computers and electric accessories",Item_19_CEA,32.00,9.00,288.00,Cash,Online,2024-09-07,
TXN_3812790,CUST_25,Butchers,Item_20_BUT,33.50,9.00,301.50,"Credit Card",In-store,2024-07-23,
TXN_7458829,CUST_23,Furniture,Item_2_FUR,6.50,5.00,32.50,"Digital Wallet",In-store,2023-08-13,
TXN_5444304,CUST_15,"Computers and electric accessories",Item_25_CEA,41.00,9.00,369.00,Cash,Online,2023-04-22,
TXN_6386294,CUST_05,Beverages,Item_2_BEV,6.50,8.00,52.00,Cash,Online,2024-06-03,
TXN_9369104,CUST_24,Furniture,Item_7_FUR,14.00,4.00,56.00,Cash,Online,2024-03-17,
TXN_7075750,CUST_24,Food,Item_4_FOOD,9.50,10.00,95.00,Cash,In-store,2022-11-16,
TXN_7190327,CUST_04,"Milk Products",Item_4_MILK,9.50,6.00,57.00,Cash,Online,2024-12-30,
TXN_2729765,CUST_20,Beverages,Item_2_BEV,6.50,9.00,58.50,"Digital Wallet",In-store,2023-12-08,
TXN_9896520,CUST_01,"Computers and electric accessories",Item_22_CEA,36.50,2.00,73.00,"Credit Card",In-store,2022-08-26,
TXN_1904464,CUST_10,"Electric household essentials",Item_18_EHE,30.50,7.00,213.50,Cash,In-store,2023-09-17,
TXN_9619283,CUST_01,Butchers,,35.00,0.00,0.00,"Credit Card",Online,2022-12-11,
TXN_8437276,CUST_19,Patisserie,Item_11_PAT,20.00,5.00,100.00,"Credit Card",Online,2024-03-05,
TXN_1491000,CUST_11,Butchers,Item_25_BUT,41.00,2.00,82.00,"Credit Card",In-store,2022-02-19,
TXN_2721638,CUST_16,Furniture,Item_5_FUR,11.00,5.00,55.00,"Credit Card",Online,2024-07-11,
TXN_9776249,CUST_09,"Computers and electric accessories",Item_17_CEA,29.00,1.00,29.00,"Digital Wallet",Online,2023-01-18,
TXN_5007568,CUST_22,Food,Item_14_FOOD,24.50,10.00,245.00,"Digital Wallet",In-store,2024-01-30,
TXN_7898457,CUST_16,Beverages,Item_25_BEV,41.00,10.00,410.00,Cash,Online,2022-05-11,
TXN_6187949,CUST_18,Butchers,Item_11_BUT,20.00,3.00,60.00,"Credit Card",Online,2023-11-29,
TXN_4974180,CUST_08,"Electric household essentials",Item_9_EHE,17.00,10.00,170.00,"Digital Wallet",In-store,2022-10-27,
TXN_4705980,CUST_22,"Milk Products",Item_18_MILK,30.50,1.00,30.50,"Credit Card",Online,2023-02-14,
TXN_1278874,CUST_24,Food,Item_7_FOOD,14.00,1.00,14.00,Cash,In-store,2024-09-21,
TXN_3317321,CUST_11,Beverages,Item_2_BEV,6.50,10.00,65.00,"Credit Card",Online,2023-10-27,
TXN_8535791,CUST_17,"Milk Products",Item_13_MILK,23.00,10.00,230.00,"Credit Card",In-store,2023-12-06,
TXN_4893859,CUST_23,"Computers and electric accessories",Item_15_CEA,26.00,7.00,182.00,"Credit Card",In-store,2023-04-14,
TXN_2715933,CUST_11,Beverages,Item_7_BEV,14.00,7.00,98.00,"Credit Card",In-store,2022-11-29,
TXN_6918343,CUST_20,"Electric household essentials",Item_22_EHE,36.50,6.00,219.00,"Digital Wallet",Online,2024-10-30,
TXN_9737277,CUST_10,Patisserie,Item_12_PAT,21.50,5.00,107.50,Cash,Online,2022-05-28,
TXN_8295214,CUST_21,Beverages,Item_12_BEV,21.50,6.00,129.00,"Digital Wallet",In-store,2023-01-31,
TXN_8724276,CUST_02,Furniture,Item_5_FUR,11.00,6.00,66.00,"Credit Card",Online,2022-04-01,
TXN_5022230,CUST_24,Patisserie,Item_8_PAT,15.50,8.00,124.00,"Digital Wallet",In-store,2023-02-11,
TXN_9016578,CUST_03,Patisserie,Item_3_PAT,8.00,9.00,72.00,"Digital Wallet",Online,2023-10-29,
TXN_4340729,CUST_15,Beverages,Item_24_BEV,39.50,9.00,355.50,"Digital Wallet",In-store,2024-10-02,
TXN_3050595,CUST_11,Food,Item_11_FOOD,20.00,5.00,100.00,Cash,Online,2024-12-09,
TXN_5182159,CUST_20,Patisserie,Item_23_PAT,38.00,4.00,152.00,"Digital Wallet",Online,2024-07-30,
TXN_2514543,CUST_20,Patisserie,,9.50,0.00,0.00,"Digital Wallet",In-store,2022-06-08,
TXN_5471959,CUST_23,"Computers and electric accessories",Item_2_CEA,6.50,10.00,65.00,"Digital Wallet",In-store,2023-05-18,
TXN_2313239,CUST_07,"Milk Products",Item_22_MILK,36.50,5.00,182.50,"Credit Card",In-store,2023-02-28,
TXN_9938063,CUST_21,"Electric household essentials",Item_25_EHE,41.00,4.00,164.00,"Credit Card",In-store,2024-01-22,
TXN_5172007,CUST_25,"Computers and electric accessories",Item_22_CEA,36.50,9.00,328.50,Cash,Online,2023-12-31,
TXN_9074576,CUST_05,Patisserie,Item_6_PAT,12.50,2.00,25.00,Cash,In-store,2022-08-24,
TXN_6254766,CUST_23,"Computers and electric accessories",Item_13_CEA,23.00,5.00,115.00,"Digital Wallet",In-store,2024-05-04,
TXN_4153975,CUST_21,"Milk Products",Item_19_MILK,32.00,8.00,256.00,"Digital Wallet",Online,2023-01-26,
TXN_8127777,CUST_14,Patisserie,,33.50,0.00,0.00,"Digital Wallet",In-store,2023-02-27,
TXN_9665505,CUST_25,Furniture,Item_11_FUR,20.00,4.00,80.00,"Digital Wallet",Online,2022-05-05,
TXN_8537066,CUST_03,"Milk Products",Item_11_MILK,20.00,10.00,200.00,Cash,In-store,2024-06-11,
TXN_9909476,CUST_03,Food,Item_22_FOOD,36.50,5.00,182.50,Cash,In-store,2023-09-22,
TXN_8447456,CUST_16,"Electric household essentials",Item_18_EHE,30.50,3.00,91.50,"Digital Wallet",In-store,2024-08-12,
TXN_9026045,CUST_17,Butchers,Item_19_BUT,32.00,4.00,128.00,"Credit Card",In-store,2022-08-08,
TXN_3972307,CUST_12,Butchers,Item_12_BUT,21.50,7.00,150.50,"Credit Card",In-store,2023-10-18,
TXN_1025805,CUST_09,Butchers,Item_8_BUT,15.50,2.00,31.00,"Credit Card",In-store,2024-07-28,
TXN_7151664,CUST_15,"Computers and electric accessories",Item_20_CEA,33.50,7.00,234.50,"Digital Wallet",Online,2025-01-17,
TXN_2360404,CUST_23,Food,Item_4_FOOD,9.50,3.00,28.50,"Digital Wallet",In-store,2024-06-01,
TXN_1929540,CUST_16,Beverages,Item_7_BEV,14.00,2.00,28.00,Cash,In-store,2023-05-18,
TXN_7679605,CUST_18,Beverages,Item_3_BEV,8.00,3.00,24.00,Cash,In-store,2023-02-10,
TXN_1071655,CUST_15,Furniture,Item_6_FUR,12.50,8.00,100.00,"Digital Wallet",Online,2024-04-25,
TXN_1121761,CUST_10,Butchers,Item_24_BUT,39.50,7.00,276.50,Cash,Online,2023-11-04,
TXN_7108605,CUST_03,Butchers,Item_11_BUT,20.00,8.00,160.00,"Digital Wallet",Online,2024-08-09,
TXN_5478659,CUST_24,"Milk Products",Item_23_MILK,38.00,5.00,190.00,"Credit Card",In-store,2024-02-22,
TXN_8264793,CUST_18,"Electric household essentials",Item_8_EHE,15.50,9.00,139.50,"Digital Wallet",In-store,2022-01-11,
TXN_6005354,CUST_11,Food,Item_11_FOOD,20.00,7.00,140.00,"Credit Card",In-store,2024-02-04,
TXN_7074295,CUST_21,"Milk Products",Item_1_MILK,5.00,6.00,30.00,"Credit Card",In-store,2022-04-06,
TXN_4275378,CUST_10,Beverages,Item_16_BEV,27.50,5.00,137.50,"Digital Wallet",Online,2023-04-05,
TXN_7517758,CUST_02,"Milk Products",Item_18_MILK,30.50,10.00,305.00,Cash,In-store,2023-06-20,
TXN_3957692,CUST_01,"Computers and electric accessories",Item_6_CEA,12.50,4.00,50.00,Cash,Online,2024-07-31,
TXN_3303622,CUST_12,Butchers,Item_12_BUT,21.50,10.00,215.00,"Credit Card",In-store,2022-01-31,
TXN_7690703,CUST_07,"Milk Products",Item_22_MILK,36.50,6.00,219.00,"Credit Card",In-store,2022-06-25,
TXN_4682567,CUST_16,"Computers and electric accessories",Item_5_CEA,11.00,2.00,22.00,Cash,In-store,2023-06-28,
TXN_4218876,CUST_14,Butchers,Item_16_BUT,27.50,6.00,165.00,"Digital Wallet",In-store,2022-04-15,
TXN_1212420,CUST_05,Patisserie,Item_13_PAT,23.00,2.00,46.00,"Credit Card",Online,2022-06-21,
TXN_2059003,CUST_13,"Computers and electric accessories",Item_15_CEA,26.00,4.00,104.00,"Digital Wallet",Online,2024-04-28,
TXN_3175015,CUST_04,Butchers,Item_25_BUT,41.00,3.00,123.00,Cash,Online,2024-06-10,
TXN_5728541,CUST_12,Furniture,,15.50,0.00,0.00,Cash,Online,2022-01-27,
TXN_2324094,CUST_18,"Computers and electric accessories",,11.00,0.00,0.00,"Credit Card",In-store,2024-12-07,
TXN_7924859,CUST_12,"Electric household essentials",,0.00,3.00,109.50,"Digital Wallet",In-store,2023-08-18,
TXN_6402114,CUST_10,Patisserie,Item_16_PAT,27.50,7.00,192.50,"Credit Card",Online,2023-12-05,
TXN_5461728,CUST_19,"Computers and electric accessories",Item_1_CEA,5.00,3.00,15.00,Cash,In-store,2024-10-07,
TXN_1209495,CUST_24,Beverages,Item_5_BEV,11.00,10.00,110.00,"Digital Wallet",In-store,2023-01-29,
TXN_1770364,CUST_10,Food,Item_5_FOOD,11.00,10.00,110.00,Cash,Online,2023-12-10,
TXN_6896725,CUST_11,"Milk Products",Item_7_MILK,14.00,10.00,140.00,Cash,Online,2025-01-17,
TXN_1383259,CUST_22,Food,Item_17_FOOD,29.00,2.00,58.00,Cash,In-store,2022-10-06,
TXN_8529406,CUST_15,"Electric household essentials",Item_21_EHE,35.00,4.00,140.00,"Digital Wallet",Online,2023-07-18,
TXN_3962622,CUST_20,"Milk Products",Item_11_MILK,20.00,5.00,100.00,"Credit Card",In-store,2022-04-20,
TXN_7003512,CUST_08,Beverages,Item_17_BEV,29.00,4.00,116.00,"Digital Wallet",Online,2024-01-10,
TXN_2072018,CUST_05,Food,Item_14_FOOD,24.50,6.00,147.00,"Digital Wallet",Online,2024-01-29,
TXN_5577357,CUST_21,Butchers,Item_12_BUT,21.50,10.00,215.00,"Credit Card",In-store,2022-12-23,
TXN_8954835,CUST_19,Beverages,Item_4_BEV,9.50,4.00,38.00,"Digital Wallet",Online,2024-06-03,
TXN_6377916,CUST_14,Furniture,Item_8_FUR,15.50,6.00,93.00,"Credit Card",In-store,2024-02-11,
TXN_5564406,CUST_08,Butchers,Item_7_BUT,14.00,2.00,28.00,Cash,Online,2024-10-16,
TXN_1023937,CUST_08,Butchers,Item_8_BUT,15.50,5.00,77.50,Cash,In-store,2024-10-09,
TXN_4008120,CUST_08,Patisserie,Item_12_PAT,21.50,1.00,21.50,Cash,In-store,2022-11-09,
TXN_9726191,CUST_10,Furniture,Item_25_FUR,41.00,8.00,328.00,Cash,Online,2024-08-28,
TXN_5657713,CUST_11,Patisserie,Item_23_PAT,38.00,5.00,190.00,"Credit Card",In-store,2024-04-29,
TXN_2801294,CUST_04,"Milk Products",Item_23_MILK,38.00,7.00,266.00,"Digital Wallet",In-store,2024-09-27,
TXN_8387771,CUST_09,Patisserie,Item_13_PAT,23.00,8.00,184.00,"Digital Wallet",In-store,2024-10-05,
TXN_8000838,CUST_25,Butchers,Item_7_BUT,14.00,3.00,42.00,"Digital Wallet",In-store,2024-10-26,
TXN_6301893,CUST_01,"Computers and electric accessories",Item_15_CEA,26.00,3.00,78.00,"Digital Wallet",In-store,2024-04-27,
TXN_4517752,CUST_05,Beverages,,0.00,6.00,246.00,"Digital Wallet",In-store,2022-07-21,
TXN_4166938,CUST_08,Food,Item_4_FOOD,9.50,1.00,9.50,"Digital Wallet",In-store,2022-03-13,
TXN_6116884,CUST_20,Food,Item_20_FOOD,33.50,5.00,167.50,Cash,In-store,2024-12-02,
TXN_7075399,CUST_24,Furniture,Item_23_FUR,38.00,1.00,38.00,"Digital Wallet",In-store,2022-07-07,
TXN_7577279,CUST_04,Butchers,Item_12_BUT,21.50,9.00,193.50,Cash,In-store,2022-09-29,
TXN_3077868,CUST_02,"Milk Products",Item_14_MILK,24.50,1.00,24.50,"Credit Card",In-store,2022-09-22,
TXN_8752043,CUST_17,Patisserie,Item_20_PAT,33.50,4.00,134.00,"Credit Card",In-store,2022-12-17,
TXN_5311325,CUST_05,"Computers and electric accessories",,24.50,0.00,0.00,"Credit Card",In-store,2022-08-28,
TXN_3833011,CUST_10,"Computers and electric accessories",Item_12_CEA,21.50,4.00,86.00,"Digital Wallet",Online,2023-06-16,
TXN_2663704,CUST_11,"Electric household essentials",Item_17_EHE,29.00,2.00,58.00,Cash,In-store,2022-11-22,
TXN_2069336,CUST_21,Food,Item_7_FOOD,14.00,3.00,42.00,Cash,Online,2024-07-22,
TXN_3192489,CUST_02,Beverages,Item_2_BEV,6.50,7.00,45.50,Cash,In-store,2022-10-09,
TXN_4199715,CUST_23,Food,Item_6_FOOD,12.50,5.00,62.50,"Digital Wallet",Online,2024-05-06,
TXN_7536902,CUST_02,Beverages,Item_12_BEV,21.50,2.00,43.00,Cash,Online,2023-02-01,
TXN_5553241,CUST_20,"Electric household essentials",Item_15_EHE,26.00,5.00,130.00,Cash,Online,2024-08-20,
TXN_6739031,CUST_14,Butchers,,6.50,0.00,0.00,"Digital Wallet",In-store,2022-04-04,
TXN_3434264,CUST_07,Butchers,,0.00,5.00,167.50,"Digital Wallet",Online,2023-07-11,
TXN_5458562,CUST_21,"Computers and electric accessories",,0.00,6.00,129.00,"Digital Wallet",In-store,2024-05-23,
TXN_7942853,CUST_09,Patisserie,Item_20_PAT,33.50,2.00,67.00,"Credit Card",In-store,2023-12-05,
TXN_6176256,CUST_19,"Milk Products",Item_19_MILK,32.00,4.00,128.00,"Digital Wallet",In-store,2023-09-19,
TXN_8157793,CUST_08,Furniture,Item_24_FUR,39.50,10.00,395.00,"Digital Wallet",Online,2024-06-28,
TXN_1803617,CUST_07,Furniture,Item_23_FUR,38.00,1.00,38.00,"Digital Wallet",Online,2024-11-15,
TXN_9481338,CUST_19,Furniture,Item_20_FUR,33.50,7.00,234.50,"Credit Card",In-store,2023-01-20,
TXN_4122441,CUST_24,Patisserie,Item_17_PAT,29.00,1.00,29.00,Cash,Online,2022-05-14,
TXN_1360187,CUST_08,Beverages,Item_17_BEV,29.00,1.00,29.00,Cash,In-store,2023-09-05,
TXN_9001718,CUST_17,Butchers,Item_2_BUT,6.50,5.00,32.50,"Credit Card",In-store,2024-11-18,
TXN_2458841,CUST_10,Furniture,Item_24_FUR,39.50,5.00,197.50,"Digital Wallet",Online,2023-05-19,
TXN_6371483,CUST_09,"Milk Products",Item_3_MILK,8.00,7.00,56.00,"Credit Card",In-store,2024-04-14,
TXN_8239509,CUST_09,"Computers and electric accessories",Item_16_CEA,27.50,2.00,55.00,Cash,In-store,2024-08-13,
TXN_4574595,CUST_11,Furniture,Item_5_FUR,11.00,1.00,11.00,"Digital Wallet",Online,2022-03-02,
TXN_5717466,CUST_08,Food,Item_11_FOOD,20.00,9.00,180.00,"Digital Wallet",In-store,2024-06-14,
TXN_9550434,CUST_08,Furniture,Item_15_FUR,26.00,3.00,78.00,Cash,In-store,2024-10-18,
TXN_9017801,CUST_06,"Milk Products",,36.50,0.00,0.00,"Credit Card",Online,2022-01-29,
TXN_1319354,CUST_06,"Milk Products",Item_20_MILK,33.50,9.00,301.50,"Digital Wallet",In-store,2024-06-18,
TXN_3455432,CUST_11,Food,Item_12_FOOD,21.50,7.00,150.50,"Credit Card",In-store,2022-10-22,
TXN_6593922,CUST_18,Food,Item_14_FOOD,24.50,9.00,220.50,"Credit Card",Online,2024-09-18,
TXN_8463949,CUST_12,Butchers,Item_10_BUT,18.50,5.00,92.50,"Credit Card",In-store,2022-04-16,
TXN_7556903,CUST_17,Butchers,Item_13_BUT,23.00,6.00,138.00,"Digital Wallet",In-store,2023-08-12,
TXN_3499944,CUST_02,Furniture,Item_12_FUR,21.50,2.00,43.00,"Digital Wallet",In-store,2023-06-19,
TXN_9682527,CUST_13,"Electric household essentials",Item_16_EHE,27.50,9.00,247.50,"Credit Card",In-store,2022-08-07,
TXN_2234088,CUST_12,"Milk Products",Item_2_MILK,6.50,7.00,45.50,Cash,In-store,2023-06-07,
TXN_7783626,CUST_13,"Computers and electric accessories",,5.00,0.00,0.00,Cash,Online,2022-07-13,
TXN_2407194,CUST_25,"Computers and electric accessories",Item_10_CEA,18.50,5.00,92.50,Cash,In-store,2024-09-29,
TXN_7472803,CUST_02,"Computers and electric accessories",Item_19_CEA,32.00,9.00,288.00,"Digital Wallet",Online,2023-06-10,
TXN_8569061,CUST_13,Butchers,Item_7_BUT,14.00,3.00,42.00,Cash,In-store,2023-02-15,
TXN_2602744,CUST_16,"Computers and electric accessories",Item_9_CEA,17.00,4.00,68.00,Cash,In-store,2024-12-07,
TXN_8884438,CUST_02,Furniture,Item_15_FUR,26.00,5.00,130.00,Cash,In-store,2024-03-21,
TXN_1558480,CUST_10,"Electric household essentials",Item_23_EHE,38.00,3.00,114.00,"Credit Card",Online,2023-03-09,
TXN_2525596,CUST_14,"Electric household essentials",Item_19_EHE,32.00,2.00,64.00,"Credit Card",In-store,2024-06-27,
TXN_1423789,CUST_18,Food,Item_17_FOOD,29.00,10.00,290.00,Cash,Online,2023-11-03,
TXN_7075397,CUST_02,Food,Item_18_FOOD,30.50,5.00,152.50,"Digital Wallet",Online,2024-09-24,
TXN_8151129,CUST_24,Furniture,Item_20_FUR,33.50,8.00,268.00,Cash,In-store,2024-03-04,
TXN_3839719,CUST_01,Furniture,Item_8_FUR,15.50,5.00,77.50,"Digital Wallet",In-store,2022-05-10,
TXN_9369677,CUST_19,Patisserie,Item_19_PAT,32.00,4.00,128.00,Cash,Online,2024-03-05,
TXN_6560074,CUST_16,Patisserie,Item_12_PAT,21.50,10.00,215.00,"Credit Card",In-store,2024-05-08,
TXN_4185893,CUST_06,Furniture,Item_6_FUR,12.50,3.00,37.50,"Digital Wallet",In-store,2022-10-08,
TXN_5555336,CUST_13,Beverages,Item_8_BEV,15.50,8.00,124.00,Cash,In-store,2024-10-09,
TXN_5172276,CUST_07,"Electric household essentials",Item_22_EHE,36.50,5.00,182.50,"Digital Wallet",In-store,2022-03-20,
TXN_6696792,CUST_19,Furniture,Item_25_FUR,41.00,8.00,328.00,Cash,Online,2022-05-30,
TXN_1248449,CUST_03,Beverages,Item_21_BEV,35.00,8.00,280.00,"Credit Card",In-store,2023-05-28,
TXN_8595871,CUST_12,Butchers,,36.50,0.00,0.00,"Credit Card",Online,2023-06-20,
TXN_7365869,CUST_09,"Computers and electric accessories",Item_23_CEA,38.00,1.00,38.00,Cash,Online,2023-08-19,
TXN_1901981,CUST_07,Butchers,Item_21_BUT,35.00,5.00,175.00,"Digital Wallet",Online,2024-04-28,
TXN_6834397,CUST_09,Butchers,,0.00,9.00,301.50,Cash,Online,2022-09-29,
TXN_6954438,CUST_13,Butchers,Item_23_BUT,38.00,1.00,38.00,Cash,Online,2024-02-08,
TXN_6510550,CUST_11,Beverages,Item_20_BEV,33.50,3.00,100.50,Cash,Online,2022-03-11,
TXN_7272038,CUST_09,"Computers and electric accessories",Item_22_CEA,36.50,1.00,36.50,Cash,In-store,2022-04-27,
TXN_4324860,CUST_15,Furniture,Item_24_FUR,39.50,6.00,237.00,"Credit Card",Online,2024-07-15,
TXN_5189317,CUST_09,"Milk Products",Item_8_MILK,15.50,3.00,46.50,"Credit Card",In-store,2024-12-16,
TXN_2221233,CUST_24,Patisserie,Item_24_PAT,39.50,10.00,395.00,Cash,In-store,2022-01-05,
TXN_2477784,CUST_16,"Electric household essentials",Item_10_EHE,18.50,1.00,18.50,"Digital Wallet",Online,2022-04-24,
TXN_5559800,CUST_01,Food,Item_12_FOOD,21.50,8.00,172.00,"Digital Wallet",In-store,2022-11-25,
TXN_6036571,CUST_05,Food,Item_3_FOOD,8.00,6.00,48.00,Cash,In-store,2022-10-15,
TXN_5142790,CUST_23,Furniture,Item_6_FUR,12.50,2.00,25.00,"Digital Wallet",In-store,2023-05-30,
TXN_1029810,CUST_23,Butchers,Item_1_BUT,5.00,4.00,20.00,Cash,In-store,2022-08-02,
TXN_8867435,CUST_04,Beverages,Item_2_BEV,6.50,8.00,52.00,Cash,In-store,2023-10-06,
TXN_6246140,CUST_20,"Electric household essentials",Item_25_EHE,41.00,2.00,82.00,"Credit Card",In-store,2022-09-27,
TXN_2939458,CUST_03,Butchers,Item_13_BUT,23.00,1.00,23.00,"Credit Card",In-store,2023-04-25,
TXN_7064137,CUST_07,Butchers,Item_6_BUT,12.50,3.00,37.50,"Digital Wallet",Online,2023-12-16,
TXN_8081444,CUST_03,Beverages,Item_22_BEV,36.50,5.00,182.50,"Credit Card",In-store,2023-05-24,
TXN_7853798,CUST_14,Food,Item_23_FOOD,38.00,6.00,228.00,"Digital Wallet",In-store,2023-08-06,
TXN_3829487,CUST_11,"Milk Products",Item_19_MILK,32.00,6.00,192.00,Cash,Online,2024-01-18,
TXN_3139209,CUST_22,"Electric household essentials",Item_11_EHE,20.00,6.00,120.00,"Digital Wallet",In-store,2022-01-21,
TXN_3679987,CUST_22,"Computers and electric accessories",Item_12_CEA,21.50,8.00,172.00,"Digital Wallet",In-store,2023-06-14,
TXN_7745510,CUST_17,Furniture,Item_19_FUR,32.00,6.00,192.00,Cash,Online,2022-08-11,
TXN_2543244,CUST_05,Food,Item_13_FOOD,23.00,10.00,230.00,"Credit Card",In-store,2022-08-09,
TXN_2983797,CUST_22,Patisserie,Item_4_PAT,9.50,1.00,9.50,"Credit Card",Online,2022-05-19,
TXN_8405875,CUST_12,"Milk Products",Item_1_MILK,5.00,7.00,35.00,"Credit Card",Online,2024-04-03,
TXN_8156939,CUST_24,Beverages,Item_12_BEV,21.50,3.00,64.50,"Digital Wallet",In-store,2023-11-14,
TXN_5122095,CUST_10,Beverages,Item_17_BEV,29.00,9.00,261.00,Cash,Online,2023-12-07,
TXN_8583611,CUST_17,"Computers and electric accessories",Item_15_CEA,26.00,10.00,260.00,"Digital Wallet",Online,2024-12-01,
TXN_8203314,CUST_13,"Computers and electric accessories",Item_6_CEA,12.50,8.00,100.00,"Credit Card",In-store,2024-05-10,
TXN_4475205,CUST_23,Furniture,Item_15_FUR,26.00,6.00,156.00,"Credit Card",Online,2024-08-25,
TXN_6931437,CUST_21,Furniture,Item_24_FUR,39.50,10.00,395.00,"Digital Wallet",In-store,2024-02-22,
TXN_7331082,CUST_21,"Computers and electric accessories",Item_22_CEA,36.50,6.00,219.00,Cash,In-store,2022-03-25,
TXN_4805062,CUST_01,"Computers and electric accessories",Item_22_CEA,36.50,7.00,255.50,Cash,Online,2023-10-09,
TXN_5498271,CUST_17,"Computers and electric accessories",,20.00,0.00,0.00,"Digital Wallet",In-store,2024-01-25,
TXN_4350432,CUST_13,Furniture,Item_12_FUR,21.50,7.00,150.50,Cash,In-store,2023-05-19,
TXN_9493702,CUST_06,"Computers and electric accessories",,0.00,6.00,210.00,Cash,Online,2023-09-14,
TXN_4064764,CUST_11,Food,Item_10_FOOD,18.50,2.00,37.00,"Credit Card",In-store,2022-07-02,
TXN_1508098,CUST_17,"Electric household essentials",Item_20_EHE,33.50,9.00,301.50,"Credit Card",Online,2024-04-25,
TXN_6392444,CUST_10,Beverages,Item_24_BEV,39.50,3.00,118.50,Cash,Online,2022-11-11,
TXN_9276432,CUST_13,Butchers,,21.50,0.00,0.00,"Credit Card",In-store,2022-01-14,
TXN_5162382,CUST_24,"Electric household essentials",,15.50,0.00,0.00,"Digital Wallet",Online,2023-08-26,
TXN_9115040,CUST_21,Patisserie,Item_6_PAT,12.50,2.00,25.00,Cash,Online,2023-02-06,
TXN_8089893,CUST_12,Furniture,Item_12_FUR,21.50,10.00,215.00,"Credit Card",Online,2023-12-03,
TXN_8729164,CUST_13,"Milk Products",Item_16_MILK,27.50,5.00,137.50,"Credit Card",In-store,2023-06-24,
TXN_3968711,CUST_15,Food,Item_13_FOOD,23.00,7.00,161.00,"Digital Wallet",Online,2022-01-05,
TXN_5088182,CUST_18,Beverages,Item_18_BEV,30.50,10.00,305.00,Cash,Online,2024-11-26,
TXN_5687979,CUST_20,Patisserie,Item_19_PAT,32.00,1.00,32.00,Cash,In-store,2024-05-11,
TXN_2561399,CUST_14,Furniture,Item_6_FUR,12.50,5.00,62.50,Cash,Online,2022-06-28,
TXN_1539411,CUST_07,Beverages,,9.50,0.00,0.00,Cash,In-store,2024-08-08,
TXN_9984609,CUST_10,Furniture,Item_1_FUR,5.00,1.00,5.00,"Digital Wallet",In-store,2023-10-02,
TXN_2591666,CUST_06,"Computers and electric accessories",Item_19_CEA,32.00,4.00,128.00,"Credit Card",Online,2023-08-19,
TXN_2493076,CUST_06,Patisserie,Item_1_PAT,5.00,2.00,10.00,Cash,In-store,2024-07-26,
TXN_9644882,CUST_23,Beverages,Item_7_BEV,14.00,2.00,28.00,Cash,Online,2024-05-17,
TXN_2201759,CUST_15,Butchers,,0.00,2.00,70.00,Cash,In-store,2023-11-15,
TXN_1351465,CUST_24,Patisserie,Item_8_PAT,15.50,9.00,139.50,"Credit Card",In-store,2024-08-16,
TXN_3814482,CUST_23,Beverages,Item_23_BEV,38.00,5.00,190.00,"Credit Card",Online,2024-12-27,
TXN_4854565,CUST_16,Food,Item_22_FOOD,36.50,3.00,109.50,"Credit Card",In-store,2024-08-22,
TXN_3456742,CUST_22,Food,Item_20_FOOD,33.50,1.00,33.50,Cash,In-store,2023-08-18,
TXN_5834095,CUST_04,Patisserie,Item_15_PAT,26.00,5.00,130.00,Cash,In-store,2022-01-04,
TXN_3429602,CUST_10,Butchers,Item_7_BUT,14.00,9.00,126.00,"Digital Wallet",In-store,2022-04-28,
TXN_4605857,CUST_02,"Computers and electric accessories",Item_19_CEA,32.00,1.00,32.00,Cash,In-store,2023-12-21,
TXN_8083639,CUST_14,Patisserie,Item_17_PAT,29.00,3.00,87.00,Cash,Online,2023-08-03,
TXN_2524004,CUST_16,Patisserie,Item_12_PAT,21.50,5.00,107.50,Cash,In-store,2022-11-29,
TXN_9766336,CUST_05,Beverages,Item_14_BEV,24.50,4.00,98.00,"Credit Card",In-store,2024-02-21,
TXN_4875549,CUST_15,Patisserie,Item_22_PAT,36.50,3.00,109.50,Cash,Online,2023-09-02,
TXN_9251125,CUST_11,"Electric household essentials",Item_19_EHE,32.00,5.00,160.00,"Digital Wallet",Online,2022-11-29,
TXN_8188865,CUST_18,"Computers and electric accessories",Item_10_CEA,18.50,3.00,55.50,Cash,Online,2022-12-13,
TXN_3043096,CUST_02,"Milk Products",Item_23_MILK,38.00,8.00,304.00,"Digital Wallet",In-store,2024-09-29,
TXN_3087440,CUST_10,"Milk Products",,0.00,7.00,203.00,Cash,Online,2024-06-11,
TXN_6508162,CUST_06,Beverages,,0.00,2.00,79.00,"Credit Card",In-store,2024-05-08,
TXN_1933813,CUST_12,"Electric household essentials",Item_1_EHE,5.00,6.00,30.00,"Digital Wallet",Online,2024-03-16,
TXN_8614470,CUST_20,"Computers and electric accessories",Item_15_CEA,26.00,8.00,208.00,"Credit Card",Online,2024-11-22,
TXN_7486518,CUST_12,Butchers,Item_25_BUT,41.00,3.00,123.00,"Digital Wallet",In-store,2022-02-20,
TXN_4312233,CUST_19,Beverages,Item_15_BEV,26.00,6.00,156.00,Cash,Online,2024-07-27,
TXN_5502229,CUST_07,Butchers,Item_12_BUT,21.50,10.00,215.00,Cash,Online,2024-10-13,
TXN_7915287,CUST_17,Butchers,Item_12_BUT,21.50,2.00,43.00,"Digital Wallet",In-store,2024-05-11,
TXN_9712750,CUST_15,"Electric household essentials",Item_7_EHE,14.00,7.00,98.00,"Credit Card",In-store,2023-11-04,
TXN_5187009,CUST_09,Furniture,Item_10_FUR,18.50,5.00,92.50,Cash,In-store,2023-11-19,
TXN_4004210,CUST_07,Beverages,Item_4_BEV,9.50,9.00,85.50,Cash,Online,2022-03-06,
TXN_1377253,CUST_20,"Electric household essentials",Item_18_EHE,30.50,10.00,305.00,"Credit Card",Online,2022-06-18,
TXN_7133661,CUST_16,Butchers,,11.00,0.00,0.00,Cash,In-store,2024-01-03,
TXN_4860309,CUST_16,Food,Item_16_FOOD,27.50,2.00,55.00,"Credit Card",Online,2022-07-26,
TXN_6569285,CUST_24,Butchers,Item_4_BUT,9.50,1.00,9.50,"Digital Wallet",Online,2022-02-21,
TXN_9531538,CUST_14,"Computers and electric accessories",Item_21_CEA,35.00,9.00,315.00,"Digital Wallet",In-store,2022-07-17,
TXN_2299451,CUST_17,"Electric household essentials",Item_8_EHE,15.50,4.00,62.00,"Digital Wallet",In-store,2024-11-20,
TXN_8075435,CUST_04,Beverages,Item_2_BEV,6.50,10.00,65.00,"Credit Card",In-store,2022-12-21,
TXN_2252793,CUST_09,Furniture,Item_8_FUR,15.50,3.00,46.50,Cash,Online,2022-11-12,
TXN_5525208,CUST_13,Beverages,Item_24_BEV,39.50,9.00,355.50,"Credit Card",Online,2022-10-06,
TXN_6702052,CUST_19,Butchers,Item_15_BUT,26.00,3.00,78.00,Cash,In-store,2023-08-16,
TXN_4364454,CUST_13,"Computers and electric accessories",Item_16_CEA,27.50,5.00,137.50,"Credit Card",Online,2023-07-30,
TXN_1814333,CUST_23,Butchers,Item_18_BUT,30.50,1.00,30.50,"Digital Wallet",In-store,2024-07-27,
TXN_9897874,CUST_11,Food,Item_18_FOOD,30.50,7.00,213.50,"Credit Card",In-store,2023-03-09,
TXN_8899500,CUST_08,"Computers and electric accessories",Item_12_CEA,21.50,9.00,193.50,"Credit Card",In-store,2022-11-23,
TXN_6761886,CUST_01,Beverages,Item_21_BEV,35.00,9.00,315.00,"Credit Card",In-store,2024-09-18,
TXN_4642595,CUST_09,Furniture,Item_23_FUR,38.00,5.00,190.00,Cash,Online,2024-08-08,
TXN_8026398,CUST_05,Butchers,Item_25_BUT,41.00,9.00,369.00,Cash,Online,2022-02-17,
TXN_1442308,CUST_11,"Electric household essentials",,32.00,0.00,0.00,Cash,Online,2024-01-31,
TXN_8858571,CUST_08,"Milk Products",Item_16_MILK,27.50,8.00,220.00,"Digital Wallet",Online,2023-04-02,
TXN_8515639,CUST_01,"Milk Products",Item_13_MILK,23.00,5.00,115.00,"Digital Wallet",In-store,2022-03-30,
TXN_1495602,CUST_17,Patisserie,,0.00,10.00,245.00,"Digital Wallet",In-store,2024-12-27,
TXN_4766823,CUST_06,Food,Item_10_FOOD,18.50,6.00,111.00,Cash,Online,2023-04-11,
TXN_7785972,CUST_04,Furniture,,24.50,0.00,0.00,Cash,In-store,2022-12-15,
TXN_2940482,CUST_11,"Computers and electric accessories",Item_19_CEA,32.00,5.00,160.00,Cash,Online,2024-08-21,
TXN_7272018,CUST_11,Food,Item_25_FOOD,41.00,7.00,287.00,"Credit Card",In-store,2023-06-01,
TXN_6432290,CUST_17,Food,,0.00,5.00,85.00,Cash,Online,2024-09-25,
TXN_3655349,CUST_21,"Milk Products",Item_19_MILK,32.00,5.00,160.00,Cash,In-store,2023-10-22,
TXN_2057102,CUST_22,Furniture,Item_5_FUR,11.00,8.00,88.00,"Credit Card",Online,2022-08-26,
TXN_5923282,CUST_02,Butchers,Item_4_BUT,9.50,4.00,38.00,"Digital Wallet",In-store,2024-02-16,
TXN_4867015,CUST_06,Food,Item_9_FOOD,17.00,1.00,17.00,Cash,Online,2024-11-09,
TXN_6573538,CUST_16,"Computers and electric accessories",Item_16_CEA,27.50,10.00,275.00,Cash,In-store,2024-06-24,
TXN_6243402,CUST_09,Butchers,Item_2_BUT,6.50,10.00,65.00,"Credit Card",In-store,2024-02-12,
TXN_7663071,CUST_18,"Computers and electric accessories",Item_19_CEA,32.00,6.00,192.00,"Digital Wallet",Online,2022-05-26,
TXN_5375740,CUST_15,Furniture,Item_5_FUR,11.00,8.00,88.00,"Credit Card",Online,2024-04-07,
TXN_8821770,CUST_17,Butchers,Item_25_BUT,41.00,4.00,164.00,"Digital Wallet",In-store,2023-01-26,
TXN_6530143,CUST_17,Butchers,,0.00,6.00,48.00,"Digital Wallet",Online,2023-10-12,
TXN_3943092,CUST_15,"Electric household essentials",Item_22_EHE,36.50,6.00,219.00,"Digital Wallet",In-store,2023-03-02,
TXN_4512472,CUST_23,Butchers,Item_25_BUT,41.00,1.00,41.00,Cash,Online,2023-06-18,
TXN_1193688,CUST_16,"Computers and electric accessories",Item_1_CEA,5.00,8.00,40.00,"Digital Wallet",Online,2024-04-21,
TXN_4511246,CUST_16,Butchers,Item_22_BUT,36.50,7.00,255.50,"Digital Wallet",In-store,2022-02-07,
TXN_2537604,CUST_05,Furniture,Item_20_FUR,33.50,7.00,234.50,"Credit Card",Online,2022-07-09,
TXN_2500782,CUST_11,"Computers and electric accessories",Item_18_CEA,30.50,10.00,305.00,Cash,In-store,2024-06-30,
TXN_9761469,CUST_12,Beverages,Item_2_BEV,6.50,5.00,32.50,"Credit Card",In-store,2023-01-04,
TXN_3142066,CUST_24,"Electric household essentials",Item_25_EHE,41.00,10.00,410.00,Cash,Online,2024-07-17,
TXN_1772473,CUST_02,"Milk Products",,0.00,2.00,19.00,"Credit Card",Online,2023-03-26,
TXN_2682307,CUST_12,"Computers and electric accessories",Item_10_CEA,18.50,9.00,166.50,"Digital Wallet",Online,2024-12-20,
TXN_6123067,CUST_09,Beverages,Item_12_BEV,21.50,4.00,86.00,Cash,Online,2024-11-30,
TXN_5000906,CUST_24,Beverages,Item_14_BEV,24.50,2.00,49.00,"Digital Wallet",Online,2022-12-23,
TXN_1203139,CUST_11,"Milk Products",Item_22_MILK,36.50,7.00,255.50,"Digital Wallet",In-store,2024-09-06,
TXN_3565022,CUST_15,Patisserie,Item_11_PAT,20.00,2.00,40.00,"Digital Wallet",Online,2024-09-03,
TXN_1390989,CUST_12,Patisserie,Item_11_PAT,20.00,2.00,40.00,"Credit Card",Online,2023-11-29,
TXN_5938374,CUST_02,"Electric household essentials",Item_6_EHE,12.50,6.00,75.00,"Digital Wallet",Online,2023-05-31,
TXN_2826822,CUST_06,Food,Item_16_FOOD,27.50,4.00,110.00,"Digital Wallet",Online,2023-12-19,
TXN_9756944,CUST_23,Patisserie,Item_12_PAT,21.50,4.00,86.00,"Credit Card",Online,2023-12-16,
TXN_6434099,CUST_25,Patisserie,,36.50,0.00,0.00,Cash,Online,2024-08-08,
TXN_3481920,CUST_17,Furniture,Item_21_FUR,35.00,1.00,35.00,"Credit Card",Online,2022-02-02,
TXN_1297496,CUST_25,"Electric household essentials",Item_19_EHE,32.00,6.00,192.00,"Digital Wallet",In-store,2022-01-03,
TXN_2114492,CUST_23,Patisserie,Item_15_PAT,26.00,6.00,156.00,"Digital Wallet",Online,2022-12-02,
TXN_2758823,CUST_17,Patisserie,,0.00,9.00,126.00,"Digital Wallet",In-store,2024-01-06,
TXN_9348084,CUST_04,"Electric household essentials",Item_5_EHE,11.00,2.00,22.00,"Credit Card",In-store,2024-04-07,
TXN_2118875,CUST_12,Patisserie,,8.00,0.00,0.00,"Digital Wallet",In-store,2023-07-13,
TXN_8467501,CUST_17,Beverages,Item_2_BEV,6.50,3.00,19.50,"Digital Wallet",In-store,2024-07-14,
TXN_2418632,CUST_13,Food,Item_18_FOOD,30.50,9.00,274.50,Cash,Online,2024-05-22,
TXN_5570665,CUST_24,"Electric household essentials",Item_17_EHE,29.00,2.00,58.00,Cash,Online,2022-10-19,
TXN_7727335,CUST_24,Patisserie,Item_12_PAT,21.50,7.00,150.50,"Digital Wallet",In-store,2023-11-24,
TXN_9424541,CUST_21,"Electric household essentials",Item_1_EHE,5.00,6.00,30.00,Cash,Online,2023-11-28,
TXN_7390831,CUST_09,"Electric household essentials",Item_8_EHE,15.50,3.00,46.50,Cash,In-store,2024-03-10,
TXN_3646702,CUST_01,"Computers and electric accessories",Item_2_CEA,6.50,2.00,13.00,"Credit Card",Online,2022-11-16,
TXN_4768496,CUST_02,Patisserie,Item_11_PAT,20.00,9.00,180.00,"Digital Wallet",In-store,2023-03-10,
TXN_5041305,CUST_07,Butchers,,38.00,0.00,0.00,"Digital Wallet",Online,2024-11-29,
TXN_9268839,CUST_16,"Milk Products",Item_11_MILK,20.00,4.00,80.00,Cash,In-store,2023-07-05,
TXN_1243903,CUST_21,"Computers and electric accessories",Item_7_CEA,14.00,8.00,112.00,"Credit Card",Online,2023-07-25,
TXN_7401003,CUST_14,Food,Item_20_FOOD,33.50,6.00,201.00,"Digital Wallet",In-store,2024-10-10,
TXN_8361982,CUST_01,"Electric household essentials",Item_23_EHE,38.00,7.00,266.00,"Credit Card",In-store,2023-08-07,
TXN_4642698,CUST_16,"Computers and electric accessories",Item_16_CEA,27.50,8.00,220.00,"Digital Wallet",Online,2024-03-19,
TXN_9032468,CUST_01,Beverages,Item_20_BEV,33.50,3.00,100.50,"Digital Wallet",Online,2022-01-27,
TXN_9762598,CUST_15,"Milk Products",Item_2_MILK,6.50,1.00,6.50,Cash,Online,2024-09-08,
TXN_5193418,CUST_10,Furniture,Item_15_FUR,26.00,2.00,52.00,Cash,Online,2022-09-06,
TXN_8261871,CUST_19,Butchers,Item_21_BUT,35.00,1.00,35.00,"Digital Wallet",In-store,2023-06-01,
TXN_7488201,CUST_14,Furniture,Item_19_FUR,32.00,4.00,128.00,Cash,Online,2024-06-24,
TXN_9735952,CUST_12,Butchers,Item_22_BUT,36.50,1.00,36.50,Cash,Online,2024-01-14,
TXN_6502014,CUST_15,Patisserie,Item_10_PAT,18.50,3.00,55.50,"Credit Card",In-store,2022-03-29,
TXN_5280917,CUST_20,Furniture,,5.00,0.00,0.00,"Credit Card",In-store,2022-05-23,
TXN_6293757,CUST_18,Beverages,Item_14_BEV,24.50,1.00,24.50,Cash,In-store,2022-04-03,
TXN_4989108,CUST_05,Furniture,Item_21_FUR,35.00,3.00,105.00,"Digital Wallet",Online,2023-08-06,
TXN_2985487,CUST_14,Food,Item_3_FOOD,8.00,4.00,32.00,"Digital Wallet",Online,2022-03-01,
TXN_8630960,CUST_02,Furniture,Item_6_FUR,12.50,2.00,25.00,Cash,In-store,2023-05-19,
TXN_1177239,CUST_21,"Electric household essentials",Item_12_EHE,21.50,9.00,193.50,"Digital Wallet",Online,2023-04-14,
TXN_7235852,CUST_06,Patisserie,Item_4_PAT,9.50,6.00,57.00,"Digital Wallet",In-store,2024-03-07,
TXN_8557209,CUST_22,Food,Item_9_FOOD,17.00,8.00,136.00,Cash,In-store,2024-05-30,
TXN_4851709,CUST_09,"Electric household essentials",Item_15_EHE,26.00,3.00,78.00,Cash,In-store,2022-10-22,
TXN_4722809,CUST_12,"Electric household essentials",Item_19_EHE,32.00,7.00,224.00,"Digital Wallet",Online,2024-10-25,
TXN_9323166,CUST_25,"Milk Products",Item_7_MILK,14.00,3.00,42.00,"Credit Card",Online,2023-05-12,
TXN_7607532,CUST_24,"Computers and electric accessories",Item_5_CEA,11.00,6.00,66.00,"Credit Card",In-store,2023-04-07,
TXN_7090765,CUST_11,Furniture,Item_25_FUR,41.00,9.00,369.00,"Credit Card",In-store,2022-04-23,
TXN_7956361,CUST_13,Food,Item_5_FOOD,11.00,1.00,11.00,"Credit Card",In-store,2024-09-30,
TXN_6156200,CUST_21,Furniture,Item_21_FUR,35.00,9.00,315.00,"Credit Card",Online,2024-04-21,
TXN_6863516,CUST_11,Beverages,Item_11_BEV,20.00,8.00,160.00,Cash,In-store,2024-06-17,
TXN_6084707,CUST_16,"Milk Products",Item_17_MILK,29.00,10.00,290.00,"Digital Wallet",In-store,2024-12-07,
TXN_6709210,CUST_14,Patisserie,Item_24_PAT,39.50,7.00,276.50,"Credit Card",Online,2023-01-07,
TXN_8084018,CUST_01,Patisserie,Item_15_PAT,26.00,8.00,208.00,"Digital Wallet",In-store,2024-05-08,
TXN_4188290,CUST_08,"Electric household essentials",Item_17_EHE,29.00,10.00,290.00,"Digital Wallet",Online,2023-01-29,
TXN_7240630,CUST_24,Furniture,Item_16_FUR,27.50,3.00,82.50,"Credit Card",Online,2023-04-16,
TXN_1604681,CUST_18,Furniture,Item_18_FUR,30.50,9.00,274.50,"Digital Wallet",Online,2022-02-07,
TXN_6605932,CUST_20,Beverages,Item_16_BEV,27.50,10.00,275.00,"Credit Card",Online,2023-08-15,
TXN_8819907,CUST_21,"Milk Products",Item_19_MILK,32.00,10.00,320.00,Cash,In-store,2023-07-19,
TXN_8778302,CUST_20,Patisserie,Item_5_PAT,11.00,9.00,99.00,Cash,Online,2023-11-14,
TXN_9514147,CUST_11,"Electric household essentials",Item_16_EHE,27.50,4.00,110.00,"Credit Card",In-store,2024-11-23,
TXN_6983287,CUST_12,Beverages,Item_14_BEV,24.50,1.00,24.50,Cash,Online,2025-01-11,
TXN_1505429,CUST_12,Patisserie,Item_11_PAT,20.00,1.00,20.00,"Credit Card",Online,2022-05-22,
TXN_6976484,CUST_22,Furniture,Item_15_FUR,26.00,10.00,260.00,Cash,In-store,2022-08-18,
TXN_2540203,CUST_12,"Milk Products",Item_7_MILK,14.00,4.00,56.00,"Credit Card",In-store,2025-01-02,
TXN_7559306,CUST_22,Butchers,Item_23_BUT,38.00,10.00,380.00,"Credit Card",Online,2022-08-19,
TXN_4122428,CUST_12,"Milk Products",Item_6_MILK,12.50,10.00,125.00,Cash,In-store,2024-04-21,
TXN_5892317,CUST_17,Beverages,Item_2_BEV,6.50,5.00,32.50,"Credit Card",Online,2022-06-15,
TXN_6615635,CUST_22,Furniture,,20.00,0.00,0.00,"Credit Card",Online,2023-03-20,
TXN_1597817,CUST_01,Furniture,Item_24_FUR,39.50,9.00,355.50,Cash,Online,2023-08-07,
TXN_8083606,CUST_12,Furniture,Item_2_FUR,6.50,2.00,13.00,"Digital Wallet",Online,2023-05-17,
TXN_6747818,CUST_17,Butchers,Item_25_BUT,41.00,3.00,123.00,Cash,Online,2022-01-02,
TXN_9049713,CUST_03,Patisserie,Item_12_PAT,21.50,6.00,129.00,Cash,In-store,2023-07-17,
TXN_8446206,CUST_11,Food,Item_6_FOOD,12.50,3.00,37.50,"Digital Wallet",In-store,2023-08-09,
TXN_9561541,CUST_06,Furniture,Item_25_FUR,41.00,8.00,328.00,"Credit Card",Online,2024-04-20,
TXN_2530643,CUST_05,Beverages,Item_11_BEV,20.00,2.00,40.00,"Digital Wallet",Online,2024-06-02,
TXN_7188004,CUST_13,Beverages,Item_9_BEV,17.00,5.00,85.00,Cash,In-store,2023-06-05,
TXN_9069024,CUST_06,Patisserie,Item_11_PAT,20.00,9.00,180.00,Cash,In-store,2022-01-27,
TXN_8461564,CUST_08,"Electric household essentials",Item_10_EHE,18.50,1.00,18.50,"Digital Wallet",In-store,2024-08-18,
TXN_8879779,CUST_15,Furniture,Item_4_FUR,9.50,10.00,95.00,"Credit Card",Online,2024-10-31,
TXN_4058620,CUST_16,Furniture,Item_1_FUR,5.00,4.00,20.00,"Credit Card",Online,2024-09-03,
TXN_2364390,CUST_23,"Milk Products",,0.00,6.00,84.00,"Credit Card",Online,2023-01-31,
TXN_9490394,CUST_20,Butchers,Item_6_BUT,12.50,3.00,37.50,"Digital Wallet",Online,2022-07-16,
TXN_7260051,CUST_15,Furniture,Item_6_FUR,12.50,10.00,125.00,"Credit Card",Online,2022-04-16,
TXN_1689950,CUST_17,Furniture,Item_6_FUR,12.50,8.00,100.00,"Digital Wallet",In-store,2023-07-23,
TXN_7508339,CUST_10,Furniture,Item_15_FUR,26.00,6.00,156.00,Cash,Online,2022-07-05,
TXN_6209236,CUST_14,Furniture,Item_11_FUR,20.00,1.00,20.00,"Credit Card",In-store,2023-08-22,
TXN_5977413,CUST_14,Food,Item_8_FOOD,15.50,2.00,31.00,"Credit Card",Online,2022-08-20,
TXN_5921721,CUST_20,Butchers,Item_12_BUT,21.50,7.00,150.50,"Credit Card",In-store,2022-04-09,
TXN_4366672,CUST_05,"Milk Products",Item_6_MILK,12.50,1.00,12.50,"Digital Wallet",In-store,2023-09-25,
TXN_2850132,CUST_08,"Milk Products",Item_8_MILK,15.50,8.00,124.00,"Digital Wallet",In-store,2023-06-22,
TXN_8699780,CUST_10,Butchers,Item_20_BUT,33.50,1.00,33.50,"Digital Wallet",Online,2023-01-14,
TXN_9520604,CUST_08,Butchers,Item_8_BUT,15.50,3.00,46.50,"Digital Wallet",In-store,2022-10-22,
TXN_5361587,CUST_09,Beverages,Item_1_BEV,5.00,9.00,45.00,"Digital Wallet",Online,2024-07-17,
TXN_7593038,CUST_14,Beverages,Item_19_BEV,32.00,4.00,128.00,Cash,Online,2023-01-27,
TXN_9534833,CUST_22,"Electric household essentials",Item_4_EHE,9.50,2.00,19.00,"Digital Wallet",Online,2022-05-14,
TXN_5482659,CUST_20,"Computers and electric accessories",Item_1_CEA,5.00,5.00,25.00,"Digital Wallet",Online,2024-12-19,
TXN_3348963,CUST_03,"Milk Products",Item_8_MILK,15.50,3.00,46.50,"Credit Card",Online,2023-01-31,
TXN_6808396,CUST_21,Patisserie,Item_8_PAT,15.50,5.00,77.50,Cash,Online,2024-04-07,
TXN_4570736,CUST_19,Patisserie,Item_11_PAT,20.00,4.00,80.00,Cash,Online,2023-05-10,
TXN_7721253,CUST_01,"Milk Products",Item_24_MILK,39.50,4.00,158.00,Cash,Online,2024-01-06,
TXN_1972203,CUST_04,Beverages,Item_25_BEV,41.00,5.00,205.00,Cash,Online,2023-10-08,
TXN_9937931,CUST_02,Beverages,Item_12_BEV,21.50,5.00,107.50,Cash,Online,2024-05-09,
TXN_2729995,CUST_03,Beverages,Item_11_BEV,20.00,1.00,20.00,Cash,In-store,2023-08-15,
TXN_5475667,CUST_14,Food,Item_2_FOOD,6.50,3.00,19.50,"Digital Wallet",In-store,2024-09-30,
TXN_4787402,CUST_18,Furniture,Item_19_FUR,32.00,6.00,192.00,Cash,Online,2024-11-19,
TXN_2966557,CUST_17,Furniture,Item_2_FUR,6.50,4.00,26.00,Cash,In-store,2023-09-23,
TXN_9448053,CUST_24,Food,Item_20_FOOD,33.50,6.00,201.00,"Digital Wallet",Online,2022-09-11,
TXN_9967796,CUST_04,Butchers,Item_19_BUT,32.00,7.00,224.00,Cash,Online,2022-06-15,
TXN_4305717,CUST_17,Butchers,Item_25_BUT,41.00,5.00,205.00,"Credit Card",Online,2023-03-31,
TXN_1359765,CUST_20,Food,Item_13_FOOD,23.00,3.00,69.00,"Credit Card",Online,2022-04-13,
TXN_1396472,CUST_18,"Milk Products",Item_23_MILK,38.00,5.00,190.00,Cash,In-store,2023-10-30,
TXN_7396142,CUST_09,"Electric household essentials",Item_15_EHE,26.00,5.00,130.00,"Credit Card",In-store,2024-09-22,
TXN_3852150,CUST_25,"Milk Products",Item_8_MILK,15.50,2.00,31.00,"Credit Card",In-store,2024-08-23,
TXN_3652510,CUST_01,"Milk Products",Item_7_MILK,14.00,4.00,56.00,Cash,In-store,2023-12-30,
TXN_8224222,CUST_15,"Milk Products",Item_19_MILK,32.00,4.00,128.00,Cash,In-store,2023-12-31,
TXN_6958546,CUST_16,"Milk Products",,0.00,2.00,13.00,Cash,In-store,2023-11-08,
TXN_5487075,CUST_09,Patisserie,Item_12_PAT,21.50,1.00,21.50,"Credit Card",Online,2022-08-14,
TXN_3282375,CUST_05,"Computers and electric accessories",Item_5_CEA,11.00,1.00,11.00,"Credit Card",Online,2023-05-16,
TXN_2596013,CUST_17,Beverages,,0.00,4.00,110.00,"Digital Wallet",Online,2022-01-16,
TXN_4219023,CUST_06,Butchers,,27.50,0.00,0.00,"Digital Wallet",In-store,2024-01-04,
TXN_9389278,CUST_09,"Computers and electric accessories",Item_3_CEA,8.00,10.00,80.00,"Credit Card",In-store,2023-08-12,
TXN_1870009,CUST_02,Food,Item_21_FOOD,35.00,10.00,350.00,"Credit Card",Online,2023-07-30,
TXN_7172308,CUST_24,Butchers,Item_25_BUT,41.00,7.00,287.00,"Digital Wallet",Online,2024-10-25,
TXN_5477262,CUST_14,Food,Item_20_FOOD,33.50,7.00,234.50,"Digital Wallet",In-store,2022-10-07,
TXN_8390000,CUST_07,Patisserie,,36.50,0.00,0.00,Cash,In-store,2022-11-09,
TXN_3473156,CUST_02,Patisserie,Item_14_PAT,24.50,6.00,147.00,Cash,In-store,2022-07-29,
TXN_3450894,CUST_03,Furniture,,35.00,0.00,0.00,"Credit Card",In-store,2022-11-25,
TXN_6188459,CUST_16,Furniture,Item_23_FUR,38.00,4.00,152.00,"Digital Wallet",In-store,2023-04-17,
TXN_2456117,CUST_13,Furniture,Item_14_FUR,24.50,5.00,122.50,"Digital Wallet",Online,2024-08-20,
TXN_9580803,CUST_14,"Computers and electric accessories",,0.00,5.00,115.00,Cash,In-store,2023-07-13,
TXN_5475205,CUST_08,"Computers and electric accessories",Item_15_CEA,26.00,1.00,26.00,Cash,In-store,2024-11-21,
TXN_5885391,CUST_22,"Electric household essentials",Item_13_EHE,23.00,8.00,184.00,"Digital Wallet",Online,2023-06-24,
TXN_5844885,CUST_06,Furniture,Item_20_FUR,33.50,1.00,33.50,"Digital Wallet",Online,2024-11-24,
TXN_9160094,CUST_15,Furniture,Item_11_FUR,20.00,1.00,20.00,Cash,Online,2022-12-06,
TXN_5760846,CUST_19,"Electric household essentials",Item_4_EHE,9.50,5.00,47.50,"Digital Wallet",Online,2024-06-23,
TXN_4450124,CUST_07,Beverages,Item_4_BEV,9.50,5.00,47.50,"Digital Wallet",Online,2024-03-20,
TXN_4598543,CUST_22,"Computers and electric accessories",Item_11_CEA,20.00,6.00,120.00,"Digital Wallet",Online,2024-10-24,
TXN_9099042,CUST_16,Furniture,Item_6_FUR,12.50,6.00,75.00,Cash,Online,2024-02-24,
TXN_6829547,CUST_07,Food,Item_22_FOOD,36.50,8.00,292.00,"Credit Card",Online,2023-09-02,
TXN_8069545,CUST_03,Food,Item_6_FOOD,12.50,9.00,112.50,"Credit Card",Online,2023-07-30,
TXN_7773278,CUST_11,"Electric household essentials",,38.00,0.00,0.00,Cash,Online,2024-05-25,
TXN_2281381,CUST_02,Food,Item_22_FOOD,36.50,8.00,292.00,Cash,In-store,2024-12-15,
TXN_7972013,CUST_08,"Milk Products",Item_15_MILK,26.00,5.00,130.00,Cash,Online,2023-03-26,
TXN_5274500,CUST_01,"Electric household essentials",Item_22_EHE,36.50,5.00,182.50,Cash,In-store,2023-06-09,
TXN_7313915,CUST_24,"Computers and electric accessories",Item_2_CEA,6.50,5.00,32.50,Cash,Online,2022-06-13,
TXN_8823017,CUST_06,"Electric household essentials",,0.00,10.00,320.00,"Digital Wallet",Online,2023-04-10,
TXN_6533363,CUST_20,Food,Item_13_FOOD,23.00,3.00,69.00,"Digital Wallet",In-store,2022-09-13,
TXN_6324193,CUST_25,Food,Item_12_FOOD,21.50,7.00,150.50,"Credit Card",In-store,2024-09-07,
TXN_4929314,CUST_24,"Electric household essentials",,23.00,0.00,0.00,"Digital Wallet",Online,2022-11-13,
TXN_5030328,CUST_24,"Electric household essentials",Item_13_EHE,23.00,7.00,161.00,Cash,In-store,2022-01-13,
TXN_9668260,CUST_15,"Computers and electric accessories",Item_22_CEA,36.50,2.00,73.00,Cash,Online,2022-09-25,
TXN_6870623,CUST_05,Furniture,Item_21_FUR,35.00,4.00,140.00,Cash,In-store,2022-12-23,
TXN_4387515,CUST_12,Beverages,Item_7_BEV,14.00,8.00,112.00,Cash,Online,2023-07-06,
TXN_6167710,CUST_15,Food,Item_20_FOOD,33.50,7.00,234.50,Cash,Online,2023-07-31,
TXN_4468543,CUST_16,"Computers and electric accessories",Item_12_CEA,21.50,2.00,43.00,"Digital Wallet",Online,2024-03-26,
TXN_7780832,CUST_04,"Computers and electric accessories",,20.00,0.00,0.00,Cash,In-store,2024-06-14,
TXN_9462569,CUST_24,Food,Item_21_FOOD,35.00,6.00,210.00,"Credit Card",Online,2023-04-18,
TXN_6131364,CUST_11,Beverages,Item_2_BEV,6.50,5.00,32.50,Cash,In-store,2024-10-29,
TXN_4512719,CUST_06,"Milk Products",Item_8_MILK,15.50,7.00,108.50,"Digital Wallet",In-store,2023-03-25,
TXN_8786976,CUST_01,"Milk Products",Item_1_MILK,5.00,1.00,5.00,"Credit Card",Online,2022-04-12,
TXN_5275028,CUST_02,"Electric household essentials",Item_1_EHE,5.00,7.00,35.00,"Credit Card",Online,2022-03-19,
TXN_2587564,CUST_24,Food,Item_18_FOOD,30.50,7.00,213.50,"Credit Card",Online,2024-07-30,
TXN_4046554,CUST_05,Furniture,Item_25_FUR,41.00,7.00,287.00,"Credit Card",In-store,2023-02-15,
TXN_8077691,CUST_18,Beverages,Item_12_BEV,21.50,1.00,21.50,"Digital Wallet",Online,2024-03-13,
TXN_1199916,CUST_21,Furniture,,6.50,0.00,0.00,"Digital Wallet",In-store,2022-06-25,
TXN_9836537,CUST_06,Food,Item_19_FOOD,32.00,6.00,192.00,Cash,Online,2024-01-24,
TXN_7967626,CUST_19,"Computers and electric accessories",Item_21_CEA,35.00,3.00,105.00,Cash,Online,2023-12-11,
TXN_5830669,CUST_05,Beverages,Item_3_BEV,8.00,8.00,64.00,"Credit Card",Online,2022-02-09,
TXN_6682588,CUST_02,Furniture,,39.50,0.00,0.00,Cash,In-store,2022-03-06,
TXN_4050195,CUST_03,"Milk Products",Item_19_MILK,32.00,9.00,288.00,"Credit Card",Online,2024-03-17,
TXN_9279731,CUST_10,Furniture,Item_6_FUR,12.50,6.00,75.00,Cash,In-store,2023-02-23,
TXN_8307423,CUST_03,Patisserie,Item_19_PAT,32.00,8.00,256.00,"Digital Wallet",Online,2024-04-02,
TXN_9936490,CUST_23,Food,Item_24_FOOD,39.50,5.00,197.50,Cash,In-store,2024-10-18,
TXN_8316992,CUST_17,Butchers,Item_6_BUT,12.50,1.00,12.50,"Credit Card",In-store,2023-04-19,
TXN_7658118,CUST_20,Food,Item_8_FOOD,15.50,4.00,62.00,Cash,In-store,2024-03-11,
TXN_1051740,CUST_24,"Milk Products",Item_23_MILK,38.00,5.00,190.00,Cash,In-store,2024-12-14,
TXN_1685964,CUST_04,Beverages,Item_15_BEV,26.00,5.00,130.00,Cash,In-store,2024-12-23,
TXN_5776425,CUST_20,Furniture,Item_7_FUR,14.00,7.00,98.00,"Digital Wallet",Online,2022-09-08,
TXN_6167687,CUST_14,"Electric household essentials",Item_5_EHE,11.00,7.00,77.00,Cash,Online,2024-09-06,
TXN_9110939,CUST_14,Butchers,Item_3_BUT,8.00,5.00,40.00,"Digital Wallet",Online,2023-05-06,
TXN_6677671,CUST_09,"Electric household essentials",Item_11_EHE,20.00,3.00,60.00,"Credit Card",Online,2022-04-27,
TXN_3259067,CUST_14,"Milk Products",Item_11_MILK,20.00,7.00,140.00,Cash,Online,2024-12-10,
TXN_3928142,CUST_01,Furniture,,35.00,0.00,0.00,"Credit Card",In-store,2025-01-05,
TXN_1209005,CUST_10,Beverages,Item_3_BEV,8.00,5.00,40.00,"Digital Wallet",In-store,2022-12-31,
TXN_8205181,CUST_24,Patisserie,Item_17_PAT,29.00,6.00,174.00,"Digital Wallet",Online,2022-09-23,
TXN_5721176,CUST_18,"Electric household essentials",Item_13_EHE,23.00,10.00,230.00,"Credit Card",Online,2023-07-07,
TXN_6441457,CUST_21,Beverages,Item_12_BEV,21.50,2.00,43.00,Cash,In-store,2023-01-17,
TXN_9070334,CUST_25,Furniture,Item_2_FUR,6.50,2.00,13.00,"Digital Wallet",In-store,2024-05-15,
TXN_7358591,CUST_13,"Electric household essentials",Item_16_EHE,27.50,10.00,275.00,Cash,Online,2022-02-12,
TXN_3166640,CUST_12,"Computers and electric accessories",Item_20_CEA,33.50,4.00,134.00,"Credit Card",In-store,2024-02-10,
TXN_6928837,CUST_08,"Electric household essentials",Item_5_EHE,11.00,8.00,88.00,Cash,Online,2024-10-28,
TXN_6995866,CUST_15,Butchers,Item_6_BUT,12.50,7.00,87.50,Cash,In-store,2023-07-19,
TXN_2593805,CUST_08,"Electric household essentials",Item_11_EHE,20.00,4.00,80.00,"Credit Card",Online,2024-10-05,
TXN_3508457,CUST_02,Patisserie,Item_11_PAT,20.00,1.00,20.00,Cash,In-store,2022-04-25,
TXN_2700692,CUST_08,"Milk Products",Item_16_MILK,27.50,7.00,192.50,"Credit Card",Online,2023-06-14,
TXN_7900234,CUST_14,"Computers and electric accessories",Item_13_CEA,23.00,6.00,138.00,Cash,In-store,2024-06-13,
TXN_5662508,CUST_24,Furniture,Item_20_FUR,33.50,10.00,335.00,"Credit Card",In-store,2022-06-15,
TXN_1669866,CUST_21,Food,Item_13_FOOD,23.00,2.00,46.00,Cash,In-store,2022-05-03,
TXN_6749393,CUST_06,Beverages,Item_22_BEV,36.50,2.00,73.00,"Digital Wallet",Online,2024-05-02,
TXN_4840113,CUST_01,"Electric household essentials",Item_20_EHE,33.50,7.00,234.50,"Credit Card",In-store,2022-05-08,
TXN_7567788,CUST_22,Patisserie,Item_23_PAT,38.00,9.00,342.00,"Digital Wallet",Online,2024-04-26,
TXN_1275290,CUST_08,Beverages,Item_25_BEV,41.00,2.00,82.00,Cash,Online,2022-06-16,
TXN_8512141,CUST_07,"Electric household essentials",Item_11_EHE,20.00,5.00,100.00,"Digital Wallet",Online,2023-09-30,
TXN_4640957,CUST_21,Butchers,Item_6_BUT,12.50,2.00,25.00,Cash,Online,2024-06-10,
TXN_3257938,CUST_04,Beverages,Item_2_BEV,6.50,10.00,65.00,"Credit Card",In-store,2022-06-01,
TXN_1775219,CUST_25,Food,Item_20_FOOD,33.50,7.00,234.50,"Credit Card",In-store,2024-10-27,
TXN_9291514,CUST_02,Butchers,Item_5_BUT,11.00,3.00,33.00,Cash,In-store,2024-03-10,
TXN_7355525,CUST_14,"Computers and electric accessories",Item_20_CEA,33.50,10.00,335.00,Cash,Online,2023-08-30,
TXN_1053131,CUST_24,"Milk Products",Item_3_MILK,8.00,7.00,56.00,"Credit Card",Online,2024-08-04,
TXN_8287528,CUST_09,"Electric household essentials",Item_17_EHE,29.00,3.00,87.00,"Credit Card",Online,2022-05-19,
TXN_7147934,CUST_22,Patisserie,Item_6_PAT,12.50,7.00,87.50,"Digital Wallet",In-store,2023-08-19,
TXN_4708079,CUST_03,"Electric household essentials",Item_11_EHE,20.00,9.00,180.00,Cash,In-store,2023-01-28,
TXN_5284723,CUST_24,Food,Item_19_FOOD,32.00,8.00,256.00,"Credit Card",In-store,2024-07-27,
TXN_1159514,CUST_21,"Milk Products",Item_7_MILK,14.00,4.00,56.00,Cash,Online,2023-03-19,
TXN_3980976,CUST_03,"Electric household essentials",Item_20_EHE,33.50,2.00,67.00,"Credit Card",Online,2023-08-28,
TXN_7428250,CUST_24,"Milk Products",Item_2_MILK,6.50,6.00,39.00,"Digital Wallet",In-store,2024-04-14,
TXN_5868243,CUST_15,Patisserie,Item_6_PAT,12.50,4.00,50.00,"Credit Card",In-store,2022-01-19,
TXN_4672378,CUST_03,"Computers and electric accessories",Item_5_CEA,11.00,9.00,99.00,"Credit Card",In-store,2022-09-09,
TXN_9626570,CUST_10,Butchers,Item_20_BUT,33.50,2.00,67.00,"Credit Card",In-store,2024-03-11,
TXN_8100199,CUST_01,Butchers,,38.00,0.00,0.00,"Credit Card",Online,2023-11-27,
TXN_8524977,CUST_19,"Computers and electric accessories",Item_2_CEA,6.50,8.00,52.00,"Credit Card",In-store,2024-06-05,
TXN_6669340,CUST_05,"Electric household essentials",Item_15_EHE,26.00,2.00,52.00,"Credit Card",In-store,2022-04-22,
TXN_4788473,CUST_08,Food,Item_18_FOOD,30.50,3.00,91.50,"Digital Wallet",In-store,2022-07-22,
TXN_5206095,CUST_14,"Milk Products",Item_15_MILK,26.00,1.00,26.00,"Credit Card",Online,2022-08-25,
TXN_5329115,CUST_23,Food,Item_18_FOOD,30.50,5.00,152.50,"Credit Card",In-store,2022-05-11,
TXN_6693065,CUST_24,Food,Item_25_FOOD,41.00,8.00,328.00,"Credit Card",In-store,2022-09-02,
TXN_2816072,CUST_25,"Milk Products",Item_5_MILK,11.00,5.00,55.00,Cash,Online,2024-10-26,
TXN_8537294,CUST_22,Patisserie,Item_17_PAT,29.00,2.00,58.00,Cash,In-store,2022-02-13,
TXN_4225200,CUST_25,"Computers and electric accessories",Item_9_CEA,17.00,10.00,170.00,Cash,Online,2022-01-07,
TXN_7739646,CUST_07,Beverages,Item_24_BEV,39.50,3.00,118.50,"Digital Wallet",Online,2022-03-25,
TXN_6603467,CUST_10,"Computers and electric accessories",Item_11_CEA,20.00,10.00,200.00,Cash,In-store,2023-09-19,
TXN_3841382,CUST_13,Patisserie,Item_23_PAT,38.00,4.00,152.00,"Credit Card",Online,2022-08-02,
TXN_9672984,CUST_09,Beverages,Item_21_BEV,35.00,2.00,70.00,"Credit Card",In-store,2024-07-06,
TXN_6556712,CUST_15,"Milk Products",,20.00,0.00,0.00,Cash,In-store,2024-04-22,
TXN_7467814,CUST_04,Furniture,Item_5_FUR,11.00,3.00,33.00,"Credit Card",Online,2024-07-29,
TXN_1123240,CUST_23,Patisserie,Item_22_PAT,36.50,10.00,365.00,"Credit Card",In-store,2022-06-29,
TXN_9517045,CUST_09,"Electric household essentials",,17.00,0.00,0.00,"Digital Wallet",Online,2023-05-20,
TXN_4052796,CUST_20,Furniture,,33.50,0.00,0.00,"Credit Card",In-store,2023-08-14,
TXN_5065235,CUST_11,Patisserie,Item_11_PAT,20.00,5.00,100.00,Cash,Online,2022-11-03,
TXN_8605439,CUST_06,"Electric household essentials",Item_17_EHE,29.00,3.00,87.00,"Credit Card",In-store,2025-01-14,
TXN_8789796,CUST_10,"Electric household essentials",Item_9_EHE,17.00,3.00,51.00,"Credit Card",Online,2024-12-01,
TXN_9287206,CUST_12,Food,Item_8_FOOD,15.50,1.00,15.50,"Credit Card",Online,2022-07-25,
TXN_4206470,CUST_05,"Electric household essentials",,23.00,0.00,0.00,Cash,In-store,2024-06-28,
TXN_6679024,CUST_01,Beverages,Item_2_BEV,6.50,6.00,39.00,"Credit Card",In-store,2022-05-30,
TXN_7876092,CUST_14,Patisserie,Item_7_PAT,14.00,6.00,84.00,"Digital Wallet",Online,2023-03-29,
TXN_5343633,CUST_25,"Electric household essentials",Item_23_EHE,38.00,7.00,266.00,Cash,Online,2023-02-08,
TXN_4310580,CUST_05,"Electric household essentials",Item_22_EHE,36.50,2.00,73.00,"Digital Wallet",In-store,2023-11-08,
TXN_2894999,CUST_14,Beverages,Item_17_BEV,29.00,9.00,261.00,"Digital Wallet",Online,2023-07-08,
TXN_5936373,CUST_24,Food,Item_7_FOOD,14.00,1.00,14.00,"Digital Wallet",In-store,2023-10-28,
TXN_2832206,CUST_01,"Milk Products",Item_20_MILK,33.50,1.00,33.50,"Digital Wallet",In-store,2023-07-08,
TXN_7763107,CUST_13,Furniture,Item_11_FUR,20.00,3.00,60.00,"Credit Card",In-store,2024-09-15,
TXN_2968374,CUST_02,"Computers and electric accessories",Item_3_CEA,8.00,10.00,80.00,Cash,In-store,2023-06-26,
TXN_4992740,CUST_25,"Milk Products",Item_1_MILK,5.00,6.00,30.00,Cash,Online,2023-11-28,
TXN_8972820,CUST_19,Furniture,Item_25_FUR,41.00,4.00,164.00,Cash,In-store,2024-12-17,
TXN_3093251,CUST_06,Furniture,Item_6_FUR,12.50,5.00,62.50,"Credit Card",In-store,2024-03-03,
TXN_2382686,CUST_06,"Milk Products",Item_17_MILK,29.00,2.00,58.00,Cash,In-store,2023-06-10,
TXN_8514486,CUST_06,"Computers and electric accessories",,0.00,8.00,112.00,"Digital Wallet",In-store,2023-02-23,
TXN_8509739,CUST_10,Food,Item_12_FOOD,21.50,2.00,43.00,"Credit Card",In-store,2024-06-11,
TXN_1489200,CUST_12,Furniture,Item_10_FUR,18.50,3.00,55.50,"Credit Card",In-store,2022-09-03,
TXN_8190019,CUST_13,Beverages,Item_11_BEV,20.00,6.00,120.00,Cash,Online,2022-04-03,
TXN_5453068,CUST_25,"Milk Products",Item_6_MILK,12.50,7.00,87.50,"Credit Card",Online,2022-01-05,
TXN_6233472,CUST_13,Patisserie,Item_17_PAT,29.00,1.00,29.00,Cash,Online,2023-02-26,
TXN_7131675,CUST_18,Butchers,Item_16_BUT,27.50,1.00,27.50,"Digital Wallet",Online,2023-08-29,
TXN_5737126,CUST_09,Butchers,Item_20_BUT,33.50,8.00,268.00,"Credit Card",Online,2022-06-17,
TXN_1471510,CUST_16,"Electric household essentials",Item_17_EHE,29.00,7.00,203.00,Cash,In-store,2023-02-17,
TXN_8622091,CUST_14,Beverages,Item_2_BEV,6.50,3.00,19.50,"Digital Wallet",In-store,2023-03-21,
TXN_8347554,CUST_05,Food,Item_4_FOOD,9.50,3.00,28.50,"Credit Card",Online,2022-07-08,
TXN_2917554,CUST_22,Butchers,Item_15_BUT,26.00,5.00,130.00,Cash,In-store,2023-08-05,
TXN_2310718,CUST_02,Beverages,Item_16_BEV,27.50,7.00,192.50,"Credit Card",Online,2023-02-28,
TXN_9425562,CUST_21,Food,Item_6_FOOD,12.50,10.00,125.00,"Digital Wallet",In-store,2024-01-02,
TXN_6179863,CUST_02,Butchers,,30.50,0.00,0.00,"Credit Card",In-store,2023-10-29,
TXN_7746499,CUST_03,"Electric household essentials",Item_5_EHE,11.00,8.00,88.00,Cash,Online,2022-04-02,
TXN_4334628,CUST_10,"Electric household essentials",Item_22_EHE,36.50,1.00,36.50,"Digital Wallet",Online,2022-10-12,
TXN_8406856,CUST_17,Beverages,Item_1_BEV,5.00,7.00,35.00,"Digital Wallet",In-store,2023-08-25,
TXN_7697714,CUST_10,Beverages,Item_17_BEV,29.00,9.00,261.00,"Digital Wallet",Online,2022-09-03,
TXN_5665072,CUST_18,"Electric household essentials",Item_17_EHE,29.00,10.00,290.00,Cash,In-store,2024-09-08,
TXN_3317764,CUST_18,Patisserie,Item_8_PAT,15.50,5.00,77.50,"Credit Card",In-store,2022-07-31,
TXN_4323774,CUST_06,Butchers,Item_6_BUT,12.50,10.00,125.00,"Digital Wallet",Online,2023-10-16,
TXN_2840778,CUST_16,Furniture,Item_20_FUR,33.50,1.00,33.50,Cash,In-store,2023-04-18,
TXN_8164473,CUST_22,Butchers,Item_18_BUT,30.50,3.00,91.50,"Credit Card",In-store,2022-10-16,
TXN_6247691,CUST_17,Furniture,Item_5_FUR,11.00,9.00,99.00,"Digital Wallet",Online,2024-05-08,
TXN_5758686,CUST_09,Beverages,Item_16_BEV,27.50,10.00,275.00,Cash,Online,2023-02-08,
TXN_3389252,CUST_18,"Milk Products",,0.00,5.00,70.00,"Credit Card",In-store,2022-10-26,
TXN_2016060,CUST_08,Beverages,Item_16_BEV,27.50,4.00,110.00,"Credit Card",Online,2023-03-24,
TXN_6383632,CUST_12,"Electric household essentials",Item_21_EHE,35.00,2.00,70.00,Cash,In-store,2025-01-18,
TXN_6481216,CUST_18,"Electric household essentials",Item_14_EHE,24.50,5.00,122.50,Cash,In-store,2023-11-17,
TXN_9791812,CUST_14,Food,Item_14_FOOD,24.50,5.00,122.50,"Credit Card",In-store,2022-11-17,
TXN_3498848,CUST_14,Furniture,Item_2_FUR,6.50,8.00,52.00,"Credit Card",In-store,2024-01-19,
TXN_1186888,CUST_10,Patisserie,Item_14_PAT,24.50,5.00,122.50,"Digital Wallet",Online,2022-02-15,
TXN_7500710,CUST_07,Patisserie,Item_6_PAT,12.50,9.00,112.50,Cash,In-store,2024-06-29,
TXN_8625449,CUST_06,Patisserie,Item_14_PAT,24.50,2.00,49.00,"Digital Wallet",Online,2024-03-05,
TXN_9594076,CUST_21,Patisserie,Item_1_PAT,5.00,7.00,35.00,"Credit Card",In-store,2022-09-15,
TXN_2198957,CUST_09,Beverages,Item_14_BEV,24.50,1.00,24.50,Cash,Online,2024-08-24,
TXN_2705515,CUST_20,Patisserie,Item_8_PAT,15.50,10.00,155.00,"Credit Card",In-store,2023-04-15,
TXN_1680196,CUST_21,"Milk Products",Item_16_MILK,27.50,7.00,192.50,"Digital Wallet",In-store,2023-08-07,
TXN_2802685,CUST_03,"Electric household essentials",Item_4_EHE,9.50,7.00,66.50,"Digital Wallet",In-store,2024-04-20,
TXN_7675263,CUST_06,Butchers,Item_3_BUT,8.00,7.00,56.00,Cash,In-store,2024-07-07,
TXN_1543932,CUST_24,"Electric household essentials",Item_8_EHE,15.50,1.00,15.50,Cash,In-store,2022-07-19,
TXN_2844001,CUST_01,Food,Item_9_FOOD,17.00,4.00,68.00,"Credit Card",Online,2023-12-15,
TXN_3520967,CUST_15,Butchers,Item_6_BUT,12.50,4.00,50.00,"Digital Wallet",Online,2023-01-17,
TXN_7907172,CUST_19,Patisserie,Item_9_PAT,17.00,8.00,136.00,"Digital Wallet",In-store,2024-02-17,
TXN_8439298,CUST_24,Food,Item_18_FOOD,30.50,2.00,61.00,"Digital Wallet",Online,2024-10-13,
TXN_4166663,CUST_10,"Electric household essentials",Item_13_EHE,23.00,8.00,184.00,Cash,In-store,2023-08-03,
TXN_8080118,CUST_20,"Computers and electric accessories",Item_2_CEA,6.50,8.00,52.00,"Digital Wallet",In-store,2024-02-20,
TXN_5529041,CUST_07,Butchers,Item_15_BUT,26.00,7.00,182.00,"Credit Card",In-store,2024-09-03,
TXN_6362659,CUST_09,Beverages,Item_16_BEV,27.50,4.00,110.00,Cash,Online,2024-06-30,
TXN_5333066,CUST_19,"Milk Products",Item_23_MILK,38.00,1.00,38.00,"Digital Wallet",Online,2024-06-05,
TXN_4478057,CUST_02,Food,Item_14_FOOD,24.50,7.00,171.50,"Digital Wallet",In-store,2024-05-25,
TXN_5172318,CUST_20,Beverages,,21.50,0.00,0.00,"Credit Card",Online,2024-11-11,
TXN_2733918,CUST_25,Food,,35.00,0.00,0.00,Cash,Online,2024-10-28,
TXN_6856895,CUST_13,Furniture,Item_8_FUR,15.50,4.00,62.00,"Credit Card",Online,2022-11-17,
TXN_3975199,CUST_10,Furniture,Item_5_FUR,11.00,1.00,11.00,"Digital Wallet",In-store,2023-03-29,
TXN_5938384,CUST_03,Patisserie,Item_11_PAT,20.00,10.00,200.00,"Digital Wallet",In-store,2024-12-18,
TXN_8890587,CUST_04,Furniture,Item_8_FUR,15.50,7.00,108.50,"Credit Card",Online,2023-03-30,
TXN_8540896,CUST_20,Patisserie,Item_11_PAT,20.00,7.00,140.00,Cash,Online,2024-04-09,
TXN_5798363,CUST_13,Beverages,Item_12_BEV,21.50,1.00,21.50,Cash,In-store,2024-05-13,
TXN_5333157,CUST_25,"Electric household essentials",Item_9_EHE,17.00,2.00,34.00,"Digital Wallet",In-store,2023-12-30,
TXN_9556639,CUST_23,"Computers and electric accessories",Item_5_CEA,11.00,7.00,77.00,"Digital Wallet",Online,2023-04-29,
TXN_9237454,CUST_13,"Electric household essentials",Item_19_EHE,32.00,5.00,160.00,"Digital Wallet",In-store,2024-08-15,
TXN_2584682,CUST_07,Furniture,Item_4_FUR,9.50,8.00,76.00,"Digital Wallet",Online,2023-03-28,
TXN_8723631,CUST_18,Furniture,Item_1_FUR,5.00,10.00,50.00,"Digital Wallet",In-store,2023-10-04,
TXN_6583453,CUST_01,Food,Item_10_FOOD,18.50,3.00,55.50,Cash,In-store,2024-11-04,
TXN_2274356,CUST_03,Food,Item_3_FOOD,8.00,2.00,16.00,Cash,In-store,2024-05-13,
TXN_5439702,CUST_20,"Electric household essentials",Item_8_EHE,15.50,2.00,31.00,"Credit Card",Online,2025-01-03,
TXN_9760724,CUST_19,Patisserie,Item_23_PAT,38.00,10.00,380.00,Cash,Online,2022-03-25,
TXN_5779439,CUST_09,"Computers and electric accessories",Item_8_CEA,15.50,1.00,15.50,"Digital Wallet",Online,2024-06-21,
TXN_2460488,CUST_24,Beverages,Item_22_BEV,36.50,1.00,36.50,"Digital Wallet",In-store,2024-05-16,
TXN_2687729,CUST_06,"Computers and electric accessories",Item_5_CEA,11.00,9.00,99.00,"Credit Card",Online,2022-06-11,
TXN_2057150,CUST_11,Beverages,Item_15_BEV,26.00,8.00,208.00,"Credit Card",In-store,2024-03-26,
TXN_2287892,CUST_19,Beverages,Item_6_BEV,12.50,2.00,25.00,Cash,Online,2022-08-31,
TXN_8594564,CUST_21,Beverages,Item_12_BEV,21.50,6.00,129.00,"Digital Wallet",In-store,2023-10-16,
TXN_1518090,CUST_15,"Milk Products",,0.00,4.00,116.00,"Credit Card",Online,2022-03-06,
TXN_6687829,CUST_05,Food,Item_3_FOOD,8.00,7.00,56.00,"Credit Card",Online,2022-07-16,
TXN_5992674,CUST_15,Furniture,Item_2_FUR,6.50,7.00,45.50,"Credit Card",Online,2024-05-12,
TXN_8659226,CUST_21,"Computers and electric accessories",Item_21_CEA,35.00,10.00,350.00,Cash,In-store,2024-07-19,
TXN_1516640,CUST_05,Beverages,Item_14_BEV,24.50,10.00,245.00,"Digital Wallet",In-store,2023-12-22,
TXN_1631883,CUST_22,Food,Item_9_FOOD,17.00,9.00,153.00,"Digital Wallet",Online,2022-09-09,
TXN_3477269,CUST_16,Beverages,Item_23_BEV,38.00,1.00,38.00,"Digital Wallet",Online,2023-03-23,
TXN_8134584,CUST_09,"Electric household essentials",Item_10_EHE,18.50,1.00,18.50,Cash,Online,2024-04-10,
TXN_2717109,CUST_23,Beverages,Item_22_BEV,36.50,2.00,73.00,Cash,Online,2024-03-08,
TXN_6684801,CUST_19,Beverages,Item_24_BEV,39.50,5.00,197.50,"Credit Card",Online,2024-09-02,
TXN_2944437,CUST_15,Beverages,Item_8_BEV,15.50,5.00,77.50,"Credit Card",Online,2023-01-13,
TXN_2831627,CUST_06,"Computers and electric accessories",,6.50,0.00,0.00,"Digital Wallet",In-store,2022-06-09,
TXN_3297560,CUST_03,Beverages,Item_4_BEV,9.50,1.00,9.50,Cash,In-store,2025-01-02,
TXN_7623526,CUST_17,"Computers and electric accessories",,23.00,0.00,0.00,"Digital Wallet",Online,2024-03-07,
TXN_5000098,CUST_20,Beverages,Item_1_BEV,5.00,8.00,40.00,"Digital Wallet",Online,2024-03-10,
TXN_3822546,CUST_21,Furniture,Item_8_FUR,15.50,7.00,108.50,"Credit Card",Online,2024-02-18,
TXN_7357090,CUST_09,Food,,33.50,0.00,0.00,Cash,In-store,2022-12-12,
TXN_9615048,CUST_08,Butchers,Item_20_BUT,33.50,6.00,201.00,Cash,In-store,2024-01-05,
TXN_4296698,CUST_02,Butchers,Item_12_BUT,21.50,1.00,21.50,"Credit Card",Online,2024-01-12,
TXN_4840676,CUST_15,Patisserie,Item_2_PAT,6.50,5.00,32.50,Cash,Online,2023-10-13,
TXN_6972423,CUST_02,Furniture,Item_21_FUR,35.00,1.00,35.00,Cash,Online,2022-02-03,
TXN_8863517,CUST_11,Patisserie,Item_14_PAT,24.50,1.00,24.50,Cash,Online,2023-01-21,
TXN_7496884,CUST_13,"Milk Products",Item_23_MILK,38.00,3.00,114.00,"Credit Card",Online,2022-07-10,
TXN_3847395,CUST_19,Food,Item_2_FOOD,6.50,3.00,19.50,"Credit Card",Online,2023-06-20,
TXN_9445397,CUST_06,"Computers and electric accessories",Item_5_CEA,11.00,4.00,44.00,Cash,Online,2023-01-01,
TXN_9164821,CUST_24,Food,,9.50,0.00,0.00,Cash,Online,2024-11-17,
TXN_3113059,CUST_13,"Computers and electric accessories",Item_22_CEA,36.50,2.00,73.00,Cash,In-store,2022-06-29,
TXN_6538434,CUST_12,"Electric household essentials",Item_17_EHE,29.00,5.00,145.00,Cash,In-store,2022-03-02,
TXN_1356368,CUST_17,"Milk Products",Item_19_MILK,32.00,4.00,128.00,"Digital Wallet",Online,2022-01-25,
TXN_7498795,CUST_10,Furniture,,9.50,0.00,0.00,"Digital Wallet",In-store,2025-01-10,
TXN_3892123,CUST_20,Beverages,Item_14_BEV,24.50,7.00,171.50,"Digital Wallet",Online,2023-11-23,
TXN_6792337,CUST_11,"Milk Products",Item_19_MILK,32.00,1.00,32.00,"Digital Wallet",In-store,2022-02-09,
TXN_3265016,CUST_02,Furniture,Item_19_FUR,32.00,3.00,96.00,"Credit Card",In-store,2024-08-17,
TXN_2710922,CUST_09,Beverages,Item_17_BEV,29.00,3.00,87.00,"Credit Card",In-store,2023-03-22,
TXN_5122390,CUST_24,Butchers,Item_25_BUT,41.00,7.00,287.00,"Digital Wallet",In-store,2022-08-20,
TXN_4488982,CUST_25,Furniture,Item_23_FUR,38.00,2.00,76.00,"Credit Card",In-store,2022-09-12,
TXN_7352335,CUST_23,"Milk Products",Item_19_MILK,32.00,2.00,64.00,"Digital Wallet",Online,2023-08-31,
TXN_9685044,CUST_01,"Computers and electric accessories",Item_19_CEA,32.00,6.00,192.00,"Digital Wallet",In-store,2024-04-16,
TXN_8016810,CUST_21,Food,Item_1_FOOD,5.00,3.00,15.00,"Digital Wallet",In-store,2022-02-23,
TXN_1474478,CUST_14,"Electric household essentials",Item_9_EHE,17.00,7.00,119.00,"Credit Card",In-store,2023-10-05,
TXN_6609436,CUST_22,Food,Item_5_FOOD,11.00,8.00,88.00,Cash,Online,2023-04-15,
TXN_1055966,CUST_08,"Computers and electric accessories",Item_5_CEA,11.00,5.00,55.00,"Credit Card",Online,2024-12-22,
TXN_2745229,CUST_22,"Milk Products",,0.00,8.00,100.00,"Credit Card",Online,2024-12-10,
TXN_6529007,CUST_10,"Milk Products",Item_7_MILK,14.00,6.00,84.00,Cash,Online,2023-06-03,
TXN_7348533,CUST_05,"Computers and electric accessories",Item_12_CEA,21.50,1.00,21.50,Cash,Online,2023-03-10,
TXN_8494360,CUST_04,Patisserie,,0.00,2.00,52.00,"Credit Card",Online,2024-09-27,
TXN_2235191,CUST_03,Beverages,Item_17_BEV,29.00,6.00,174.00,Cash,In-store,2023-06-05,
TXN_4286472,CUST_12,"Computers and electric accessories",Item_25_CEA,41.00,10.00,410.00,"Credit Card",In-store,2022-06-10,
TXN_5268822,CUST_09,"Milk Products",Item_13_MILK,23.00,7.00,161.00,Cash,Online,2022-05-22,
TXN_2543604,CUST_02,Furniture,Item_25_FUR,41.00,4.00,164.00,"Credit Card",Online,2023-02-26,
TXN_4624161,CUST_02,Beverages,Item_15_BEV,26.00,10.00,260.00,"Credit Card",Online,2022-05-13,
TXN_9799219,CUST_22,"Electric household essentials",Item_20_EHE,33.50,5.00,167.50,"Credit Card",Online,2024-08-18,
TXN_6287988,CUST_03,"Milk Products",Item_19_MILK,32.00,6.00,192.00,"Digital Wallet",In-store,2024-12-03,
TXN_1053050,CUST_14,Food,Item_7_FOOD,14.00,1.00,14.00,Cash,Online,2024-11-24,
TXN_8678538,CUST_16,Food,Item_13_FOOD,23.00,5.00,115.00,"Digital Wallet",In-store,2023-01-24,
TXN_2183449,CUST_16,Beverages,Item_18_BEV,30.50,7.00,213.50,"Digital Wallet",Online,2023-07-31,
TXN_9126328,CUST_05,Patisserie,Item_23_PAT,38.00,3.00,114.00,"Credit Card",Online,2024-05-19,
TXN_2772843,CUST_16,Butchers,Item_25_BUT,41.00,4.00,164.00,Cash,In-store,2024-10-29,
TXN_7457356,CUST_15,Patisserie,Item_20_PAT,33.50,6.00,201.00,"Digital Wallet",Online,2023-05-21,
TXN_9783618,CUST_07,"Electric household essentials",Item_10_EHE,18.50,2.00,37.00,Cash,Online,2024-11-03,
TXN_4759566,CUST_03,Beverages,Item_7_BEV,14.00,1.00,14.00,Cash,Online,2023-06-01,
TXN_8989283,CUST_24,Furniture,Item_16_FUR,27.50,3.00,82.50,"Credit Card",Online,2024-05-01,
TXN_5469948,CUST_20,Furniture,Item_6_FUR,12.50,6.00,75.00,"Digital Wallet",In-store,2022-09-01,
TXN_6220253,CUST_08,Patisserie,Item_20_PAT,33.50,6.00,201.00,Cash,Online,2024-04-19,
TXN_2926098,CUST_10,Food,Item_7_FOOD,14.00,10.00,140.00,Cash,Online,2024-11-07,
TXN_4787916,CUST_15,"Electric household essentials",Item_23_EHE,38.00,6.00,228.00,Cash,In-store,2023-02-25,
TXN_7156311,CUST_05,"Computers and electric accessories",Item_14_CEA,24.50,7.00,171.50,Cash,Online,2023-10-20,
TXN_3883063,CUST_23,Furniture,Item_6_FUR,12.50,2.00,25.00,"Credit Card",In-store,2024-11-15,
TXN_2712111,CUST_20,Furniture,Item_16_FUR,27.50,2.00,55.00,Cash,In-store,2023-12-09,
TXN_2817882,CUST_17,Butchers,Item_22_BUT,36.50,1.00,36.50,"Credit Card",Online,2024-06-06,
TXN_4861679,CUST_23,"Computers and electric accessories",Item_20_CEA,33.50,9.00,301.50,"Digital Wallet",In-store,2022-12-10,
TXN_8630301,CUST_16,"Milk Products",Item_1_MILK,5.00,9.00,45.00,Cash,Online,2024-08-10,
TXN_4355077,CUST_24,Food,,0.00,5.00,145.00,Cash,In-store,2023-02-24,
TXN_9013971,CUST_23,Furniture,Item_14_FUR,24.50,3.00,73.50,"Credit Card",Online,2022-11-08,
TXN_3593095,CUST_03,"Computers and electric accessories",Item_19_CEA,32.00,3.00,96.00,"Digital Wallet",Online,2024-05-31,
TXN_4927636,CUST_13,Patisserie,Item_6_PAT,12.50,6.00,75.00,Cash,Online,2022-06-12,
TXN_4029998,CUST_03,"Milk Products",Item_11_MILK,20.00,10.00,200.00,"Digital Wallet",Online,2023-09-02,
TXN_7244155,CUST_03,Beverages,Item_14_BEV,24.50,4.00,98.00,"Credit Card",In-store,2023-09-08,
TXN_6135773,CUST_08,"Computers and electric accessories",Item_10_CEA,18.50,6.00,111.00,"Digital Wallet",In-store,2022-06-13,
TXN_3789551,CUST_10,"Electric household essentials",Item_20_EHE,33.50,9.00,301.50,"Digital Wallet",Online,2024-04-14,
TXN_6007293,CUST_20,Furniture,Item_5_FUR,11.00,7.00,77.00,Cash,Online,2024-05-10,
TXN_9275938,CUST_19,Butchers,Item_16_BUT,27.50,6.00,165.00,Cash,Online,2025-01-06,
TXN_7283741,CUST_11,Furniture,Item_16_FUR,27.50,2.00,55.00,"Digital Wallet",In-store,2022-03-26,
TXN_1782733,CUST_13,Butchers,Item_1_BUT,5.00,3.00,15.00,"Credit Card",Online,2022-01-05,
TXN_9882289,CUST_13,Patisserie,Item_23_PAT,38.00,1.00,38.00,"Digital Wallet",In-store,2024-03-06,
TXN_6075626,CUST_20,Food,Item_5_FOOD,11.00,4.00,44.00,Cash,In-store,2024-02-02,
TXN_8840201,CUST_23,Food,Item_4_FOOD,9.50,5.00,47.50,Cash,In-store,2024-02-19,
TXN_9789967,CUST_19,Food,Item_3_FOOD,8.00,10.00,80.00,"Credit Card",In-store,2022-08-18,
TXN_7724357,CUST_10,Beverages,Item_7_BEV,14.00,8.00,112.00,"Digital Wallet",In-store,2023-02-10,
TXN_2524558,CUST_14,Butchers,Item_6_BUT,12.50,3.00,37.50,Cash,In-store,2023-04-12,
TXN_9752672,CUST_18,"Computers and electric accessories",Item_19_CEA,32.00,1.00,32.00,Cash,In-store,2024-09-30,
TXN_5916912,CUST_01,"Computers and electric accessories",Item_15_CEA,26.00,8.00,208.00,"Credit Card",Online,2023-12-10,
TXN_4295681,CUST_01,Food,Item_12_FOOD,21.50,1.00,21.50,"Digital Wallet",In-store,2022-03-23,
TXN_6717536,CUST_20,Beverages,,24.50,0.00,0.00,"Credit Card",Online,2022-07-01,
TXN_3162017,CUST_04,Butchers,Item_17_BUT,29.00,2.00,58.00,"Digital Wallet",In-store,2022-04-10,
TXN_1495288,CUST_05,"Electric household essentials",Item_15_EHE,26.00,10.00,260.00,"Credit Card",In-store,2024-05-12,
TXN_5024579,CUST_07,"Milk Products",Item_16_MILK,27.50,8.00,220.00,"Digital Wallet",Online,2023-01-21,
TXN_8572635,CUST_24,Furniture,Item_15_FUR,26.00,1.00,26.00,"Digital Wallet",Online,2024-05-19,
TXN_3794243,CUST_20,"Milk Products",Item_8_MILK,15.50,6.00,93.00,"Digital Wallet",Online,2023-11-18,
TXN_7877932,CUST_18,"Computers and electric accessories",Item_14_CEA,24.50,4.00,98.00,"Digital Wallet",Online,2022-08-29,
TXN_8937395,CUST_21,Furniture,Item_25_FUR,41.00,9.00,369.00,"Digital Wallet",In-store,2022-03-03,
TXN_2812161,CUST_21,Patisserie,Item_17_PAT,29.00,2.00,58.00,"Credit Card",In-store,2024-10-28,
TXN_8249416,CUST_04,Beverages,,20.00,0.00,0.00,Cash,Online,2022-03-27,
TXN_3067659,CUST_06,Food,Item_10_FOOD,18.50,3.00,55.50,"Credit Card",In-store,2022-02-10,
TXN_3647634,CUST_05,Food,Item_11_FOOD,20.00,1.00,20.00,"Credit Card",In-store,2022-08-07,
TXN_8464199,CUST_14,Butchers,Item_13_BUT,23.00,3.00,69.00,"Digital Wallet",Online,2024-03-31,
TXN_8912070,CUST_03,Butchers,Item_7_BUT,14.00,5.00,70.00,Cash,Online,2022-07-18,
TXN_5780655,CUST_11,Beverages,,0.00,5.00,145.00,"Credit Card",Online,2024-11-12,
TXN_7375053,CUST_04,"Computers and electric accessories",,0.00,1.00,26.00,"Digital Wallet",Online,2022-11-27,
TXN_4331486,CUST_21,Butchers,Item_6_BUT,12.50,3.00,37.50,"Digital Wallet",Online,2022-09-11,
TXN_8335914,CUST_14,"Milk Products",Item_19_MILK,32.00,7.00,224.00,Cash,In-store,2022-06-02,
TXN_4948858,CUST_03,Butchers,Item_4_BUT,9.50,9.00,85.50,"Credit Card",Online,2024-09-27,
TXN_2058333,CUST_25,Beverages,Item_25_BEV,41.00,10.00,410.00,"Credit Card",In-store,2023-01-17,
TXN_8169288,CUST_20,Butchers,Item_6_BUT,12.50,1.00,12.50,"Credit Card",Online,2024-10-11,
TXN_5510664,CUST_06,Furniture,Item_5_FUR,11.00,2.00,22.00,"Credit Card",Online,2024-02-11,
TXN_8131419,CUST_25,Beverages,Item_18_BEV,30.50,10.00,305.00,"Credit Card",Online,2024-10-10,
TXN_4939379,CUST_18,Patisserie,Item_12_PAT,21.50,5.00,107.50,Cash,In-store,2023-09-13,
TXN_9683912,CUST_12,Furniture,Item_5_FUR,11.00,7.00,77.00,Cash,In-store,2022-02-20,
TXN_1768732,CUST_06,Beverages,Item_3_BEV,8.00,7.00,56.00,"Digital Wallet",In-store,2024-10-20,
TXN_6696122,CUST_03,Beverages,Item_23_BEV,38.00,7.00,266.00,Cash,Online,2024-01-07,
TXN_6794150,CUST_12,"Computers and electric accessories",Item_13_CEA,23.00,10.00,230.00,"Digital Wallet",In-store,2023-12-25,
TXN_9150998,CUST_22,Furniture,Item_21_FUR,35.00,4.00,140.00,"Digital Wallet",In-store,2024-04-09,
TXN_1780276,CUST_04,"Computers and electric accessories",Item_19_CEA,32.00,8.00,256.00,"Digital Wallet",In-store,2022-05-05,
TXN_6397507,CUST_22,Patisserie,,0.00,8.00,316.00,"Credit Card",In-store,2022-08-26,
TXN_1917155,CUST_10,Furniture,Item_23_FUR,38.00,5.00,190.00,Cash,Online,2024-10-01,
TXN_7848801,CUST_06,Butchers,Item_22_BUT,36.50,1.00,36.50,"Digital Wallet",Online,2024-04-23,
TXN_8555137,CUST_21,Butchers,Item_1_BUT,5.00,2.00,10.00,"Digital Wallet",Online,2023-09-16,
TXN_7576860,CUST_16,Butchers,Item_18_BUT,30.50,10.00,305.00,"Digital Wallet",Online,2023-08-26,
TXN_2895034,CUST_23,"Computers and electric accessories",Item_14_CEA,24.50,1.00,24.50,"Credit Card",Online,2024-11-08,
TXN_7285842,CUST_21,"Milk Products",Item_13_MILK,23.00,9.00,207.00,"Digital Wallet",Online,2023-06-20,
TXN_5179274,CUST_11,"Electric household essentials",Item_15_EHE,26.00,2.00,52.00,"Digital Wallet",Online,2024-10-01,
TXN_2164616,CUST_18,Food,Item_9_FOOD,17.00,1.00,17.00,"Digital Wallet",In-store,2024-02-15,
TXN_2557237,CUST_02,Patisserie,Item_7_PAT,14.00,1.00,14.00,"Credit Card",In-store,2022-12-30,
TXN_4287964,CUST_10,"Electric household essentials",Item_19_EHE,32.00,7.00,224.00,"Credit Card",In-store,2023-02-01,
TXN_6862565,CUST_19,"Electric household essentials",,0.00,2.00,67.00,"Digital Wallet",Online,2024-09-01,
TXN_8701391,CUST_04,"Electric household essentials",Item_10_EHE,18.50,5.00,92.50,Cash,In-store,2023-02-24,
TXN_6628977,CUST_05,Food,Item_13_FOOD,23.00,7.00,161.00,"Digital Wallet",Online,2023-08-24,
TXN_1897015,CUST_25,Food,Item_4_FOOD,9.50,2.00,19.00,"Credit Card",In-store,2022-07-04,
TXN_7893737,CUST_23,Furniture,Item_8_FUR,15.50,5.00,77.50,Cash,Online,2024-08-06,
TXN_4129783,CUST_10,"Milk Products",Item_1_MILK,5.00,2.00,10.00,"Digital Wallet",In-store,2024-12-26,
TXN_7229064,CUST_07,"Milk Products",Item_11_MILK,20.00,7.00,140.00,Cash,Online,2023-08-01,
TXN_5075174,CUST_09,Butchers,Item_19_BUT,32.00,10.00,320.00,Cash,In-store,2022-02-14,
TXN_5013357,CUST_07,Food,Item_24_FOOD,39.50,4.00,158.00,"Credit Card",Online,2024-11-02,
TXN_9673472,CUST_15,Food,Item_14_FOOD,24.50,3.00,73.50,Cash,Online,2024-01-03,
TXN_7021466,CUST_09,Food,Item_13_FOOD,23.00,9.00,207.00,Cash,In-store,2024-05-31,
TXN_6832658,CUST_09,Furniture,Item_6_FUR,12.50,2.00,25.00,Cash,Online,2023-10-10,
TXN_6457330,CUST_19,Beverages,Item_17_BEV,29.00,5.00,145.00,Cash,In-store,2023-01-14,
TXN_3781367,CUST_17,Butchers,Item_25_BUT,41.00,3.00,123.00,"Digital Wallet",Online,2024-05-04,
TXN_5982675,CUST_24,Patisserie,Item_12_PAT,21.50,5.00,107.50,"Credit Card",In-store,2023-01-11,
TXN_3635106,CUST_24,"Computers and electric accessories",Item_23_CEA,38.00,4.00,152.00,Cash,Online,2022-03-11,
TXN_5442490,CUST_07,Patisserie,Item_5_PAT,11.00,7.00,77.00,"Credit Card",Online,2024-12-31,
TXN_7731210,CUST_18,Food,Item_22_FOOD,36.50,9.00,328.50,Cash,In-store,2022-09-28,
TXN_5606325,CUST_23,Beverages,Item_8_BEV,15.50,1.00,15.50,"Digital Wallet",Online,2024-08-09,
TXN_3490100,CUST_20,"Milk Products",Item_1_MILK,5.00,5.00,25.00,"Credit Card",Online,2022-07-20,
TXN_7989593,CUST_01,Food,Item_12_FOOD,21.50,7.00,150.50,"Digital Wallet",Online,2023-06-22,
TXN_4789199,CUST_24,"Milk Products",Item_4_MILK,9.50,9.00,85.50,"Digital Wallet",Online,2022-07-07,
TXN_6324328,CUST_24,Food,Item_17_FOOD,29.00,1.00,29.00,Cash,Online,2023-10-19,
TXN_7272122,CUST_22,"Milk Products",Item_17_MILK,29.00,10.00,290.00,"Digital Wallet",In-store,2022-04-08,
TXN_6509376,CUST_01,Food,Item_13_FOOD,23.00,7.00,161.00,"Credit Card",Online,2024-11-02,
TXN_1328851,CUST_25,"Electric household essentials",Item_16_EHE,27.50,7.00,192.50,"Credit Card",In-store,2023-02-21,
TXN_4852630,CUST_13,Patisserie,Item_25_PAT,41.00,2.00,82.00,Cash,In-store,2022-04-18,
TXN_7719806,CUST_11,"Electric household essentials",Item_8_EHE,15.50,9.00,139.50,Cash,Online,2023-06-07,
TXN_1057845,CUST_18,Beverages,Item_20_BEV,33.50,7.00,234.50,"Digital Wallet",In-store,2024-04-03,
TXN_1158681,CUST_23,Food,Item_20_FOOD,33.50,8.00,268.00,Cash,In-store,2022-02-22,
TXN_6911766,CUST_21,"Milk Products",Item_6_MILK,12.50,2.00,25.00,"Credit Card",In-store,2022-05-08,
TXN_1799201,CUST_03,Beverages,Item_9_BEV,17.00,5.00,85.00,Cash,In-store,2023-01-15,
TXN_4349507,CUST_18,"Electric household essentials",Item_5_EHE,11.00,7.00,77.00,Cash,Online,2023-07-17,
TXN_6590577,CUST_05,"Computers and electric accessories",Item_14_CEA,24.50,5.00,122.50,Cash,In-store,2023-02-16,
TXN_2020984,CUST_15,Butchers,Item_7_BUT,14.00,5.00,70.00,"Digital Wallet",Online,2023-11-25,
TXN_7965737,CUST_14,"Milk Products",Item_1_MILK,5.00,8.00,40.00,"Credit Card",Online,2024-05-16,
TXN_3185939,CUST_03,Butchers,Item_16_BUT,27.50,10.00,275.00,Cash,In-store,2022-09-24,
TXN_6862058,CUST_12,"Electric household essentials",Item_8_EHE,15.50,6.00,93.00,"Credit Card",Online,2024-11-08,
TXN_9817152,CUST_07,"Electric household essentials",Item_13_EHE,23.00,6.00,138.00,"Digital Wallet",Online,2024-05-08,
TXN_7645068,CUST_10,Furniture,Item_24_FUR,39.50,8.00,316.00,Cash,Online,2024-01-01,
TXN_9890204,CUST_15,Patisserie,Item_4_PAT,9.50,8.00,76.00,"Credit Card",In-store,2023-06-09,
TXN_2186627,CUST_13,"Computers and electric accessories",Item_14_CEA,24.50,3.00,73.50,Cash,In-store,2022-09-23,
TXN_3396886,CUST_12,"Milk Products",,0.00,4.00,110.00,"Credit Card",In-store,2022-01-18,
TXN_1992997,CUST_09,Beverages,Item_2_BEV,6.50,2.00,13.00,"Digital Wallet",In-store,2023-06-12,
TXN_2854233,CUST_17,Butchers,Item_20_BUT,33.50,1.00,33.50,"Digital Wallet",In-store,2024-07-15,
TXN_5943650,CUST_18,Furniture,Item_5_FUR,11.00,9.00,99.00,"Credit Card",In-store,2024-01-30,
TXN_4603395,CUST_13,Patisserie,Item_24_PAT,39.50,6.00,237.00,"Digital Wallet",In-store,2024-06-23,
TXN_8839295,CUST_07,"Milk Products",Item_16_MILK,27.50,4.00,110.00,Cash,Online,2023-11-25,
TXN_1775377,CUST_07,Butchers,Item_22_BUT,36.50,2.00,73.00,"Credit Card",Online,2024-01-17,
TXN_9260389,CUST_05,"Milk Products",Item_10_MILK,18.50,5.00,92.50,Cash,In-store,2024-01-23,
TXN_5563103,CUST_18,Furniture,Item_2_FUR,6.50,9.00,58.50,Cash,Online,2022-10-20,
TXN_3486014,CUST_11,"Milk Products",Item_1_MILK,5.00,5.00,25.00,"Credit Card",In-store,2023-01-03,
TXN_4339069,CUST_19,Butchers,Item_22_BUT,36.50,1.00,36.50,"Digital Wallet",In-store,2022-07-21,
TXN_2346181,CUST_21,"Milk Products",Item_23_MILK,38.00,5.00,190.00,"Digital Wallet",Online,2023-07-08,
TXN_5182329,CUST_24,"Computers and electric accessories",Item_8_CEA,15.50,10.00,155.00,Cash,In-store,2022-06-22,
TXN_2360216,CUST_07,Food,,41.00,0.00,0.00,"Digital Wallet",In-store,2022-06-01,
TXN_8848865,CUST_12,Patisserie,Item_13_PAT,23.00,6.00,138.00,"Digital Wallet",Online,2022-04-21,
TXN_5115502,CUST_13,Food,Item_12_FOOD,21.50,8.00,172.00,Cash,Online,2023-12-02,
TXN_6495763,CUST_17,Butchers,Item_23_BUT,38.00,8.00,304.00,Cash,Online,2023-09-26,
TXN_4689703,CUST_14,Food,Item_4_FOOD,9.50,2.00,19.00,"Digital Wallet",Online,2024-07-11,
TXN_7470175,CUST_06,Food,Item_17_FOOD,29.00,3.00,87.00,Cash,Online,2022-12-10,
TXN_3762758,CUST_03,Furniture,Item_24_FUR,39.50,2.00,79.00,"Digital Wallet",In-store,2022-03-28,
TXN_6097606,CUST_03,Butchers,Item_16_BUT,27.50,2.00,55.00,"Credit Card",In-store,2023-12-20,
TXN_6540041,CUST_12,Furniture,Item_19_FUR,32.00,10.00,320.00,Cash,In-store,2023-11-19,
TXN_1535917,CUST_18,Beverages,Item_14_BEV,24.50,6.00,147.00,"Digital Wallet",Online,2024-08-28,
TXN_6099359,CUST_09,Butchers,Item_20_BUT,33.50,5.00,167.50,"Credit Card",Online,2024-03-23,
TXN_9076233,CUST_08,Furniture,Item_15_FUR,26.00,9.00,234.00,Cash,Online,2023-07-09,
TXN_4984101,CUST_22,Furniture,Item_17_FUR,29.00,3.00,87.00,Cash,Online,2022-07-23,
TXN_3044059,CUST_15,Butchers,Item_16_BUT,27.50,6.00,165.00,"Credit Card",Online,2024-02-03,
TXN_7943325,CUST_08,Food,Item_25_FOOD,41.00,5.00,205.00,"Digital Wallet",In-store,2023-07-08,
TXN_9161960,CUST_09,"Computers and electric accessories",Item_19_CEA,32.00,5.00,160.00,"Credit Card",Online,2023-08-20,
TXN_5310579,CUST_18,Furniture,,0.00,10.00,185.00,"Digital Wallet",In-store,2024-07-02,
TXN_1950187,CUST_05,Patisserie,Item_6_PAT,12.50,2.00,25.00,"Digital Wallet",Online,2022-02-02,
TXN_6706915,CUST_02,"Milk Products",Item_18_MILK,30.50,8.00,244.00,"Digital Wallet",In-store,2024-12-04,
TXN_7868869,CUST_04,Butchers,Item_20_BUT,33.50,3.00,100.50,Cash,Online,2024-03-18,
TXN_9742627,CUST_20,"Electric household essentials",Item_25_EHE,41.00,4.00,164.00,"Digital Wallet",In-store,2022-09-30,
TXN_7993594,CUST_21,Furniture,Item_6_FUR,12.50,2.00,25.00,"Credit Card",Online,2023-08-18,
TXN_9350176,CUST_21,Furniture,Item_2_FUR,6.50,3.00,19.50,"Credit Card",In-store,2023-11-19,
TXN_9807282,CUST_21,Food,Item_12_FOOD,21.50,7.00,150.50,"Digital Wallet",Online,2023-08-22,
TXN_5204987,CUST_06,Beverages,Item_18_BEV,30.50,4.00,122.00,Cash,In-store,2024-11-01,
TXN_1701855,CUST_09,"Electric household essentials",Item_23_EHE,38.00,8.00,304.00,"Credit Card",In-store,2022-02-03,
TXN_6969110,CUST_23,"Electric household essentials",Item_13_EHE,23.00,6.00,138.00,"Digital Wallet",Online,2022-08-04,
TXN_4130110,CUST_20,Butchers,,0.00,4.00,92.00,"Digital Wallet",In-store,2023-05-14,
TXN_4104865,CUST_13,Patisserie,Item_25_PAT,41.00,1.00,41.00,"Credit Card",In-store,2024-08-24,
TXN_1445725,CUST_17,Furniture,Item_25_FUR,41.00,5.00,205.00,"Credit Card",In-store,2022-02-02,
TXN_7984962,CUST_12,"Electric household essentials",Item_20_EHE,33.50,10.00,335.00,"Digital Wallet",Online,2022-04-09,
TXN_5436267,CUST_02,Furniture,Item_15_FUR,26.00,4.00,104.00,"Credit Card",Online,2022-01-30,
TXN_2901672,CUST_23,"Milk Products",,27.50,0.00,0.00,Cash,In-store,2024-06-01,
TXN_7563132,CUST_25,Butchers,Item_16_BUT,27.50,6.00,165.00,Cash,Online,2022-09-10,
TXN_6422350,CUST_11,Butchers,Item_23_BUT,38.00,2.00,76.00,"Digital Wallet",Online,2024-06-06,
TXN_9220117,CUST_19,Food,Item_21_FOOD,35.00,8.00,280.00,"Digital Wallet",In-store,2022-07-09,
TXN_3109843,CUST_15,"Electric household essentials",Item_1_EHE,5.00,4.00,20.00,"Digital Wallet",In-store,2022-10-17,
TXN_3281825,CUST_17,Beverages,,38.00,0.00,0.00,"Credit Card",Online,2022-01-29,
TXN_4563150,CUST_04,"Electric household essentials",Item_23_EHE,38.00,5.00,190.00,"Digital Wallet",In-store,2023-09-02,
TXN_3146325,CUST_13,Beverages,Item_21_BEV,35.00,10.00,350.00,"Digital Wallet",Online,2024-10-07,
TXN_7365416,CUST_08,Butchers,Item_20_BUT,33.50,4.00,134.00,Cash,In-store,2024-08-02,
TXN_7627549,CUST_11,"Electric household essentials",Item_17_EHE,29.00,2.00,58.00,"Credit Card",In-store,2024-10-01,
TXN_4690292,CUST_15,Furniture,Item_18_FUR,30.50,6.00,183.00,Cash,In-store,2024-09-17,
TXN_2144983,CUST_10,Patisserie,Item_7_PAT,14.00,5.00,70.00,Cash,Online,2024-02-02,
TXN_3289406,CUST_06,Food,Item_17_FOOD,29.00,5.00,145.00,Cash,Online,2023-11-12,
TXN_2527365,CUST_17,"Electric household essentials",Item_23_EHE,38.00,8.00,304.00,"Digital Wallet",In-store,2023-02-24,
TXN_8959917,CUST_22,"Electric household essentials",Item_17_EHE,29.00,2.00,58.00,Cash,Online,2024-05-20,
TXN_1585008,CUST_15,"Electric household essentials",Item_1_EHE,5.00,8.00,40.00,Cash,In-store,2024-11-04,
TXN_5375311,CUST_22,"Milk Products",Item_4_MILK,9.50,3.00,28.50,Cash,Online,2024-01-19,
TXN_1109670,CUST_24,Beverages,Item_20_BEV,33.50,6.00,201.00,"Digital Wallet",Online,2023-08-12,
TXN_7403426,CUST_17,Patisserie,Item_17_PAT,29.00,5.00,145.00,"Digital Wallet",Online,2023-12-21,
TXN_8751626,CUST_12,"Computers and electric accessories",Item_6_CEA,12.50,8.00,100.00,"Credit Card",In-store,2022-02-14,
TXN_1505827,CUST_13,"Computers and electric accessories",,0.00,3.00,109.50,"Digital Wallet",Online,2025-01-18,
TXN_2995848,CUST_21,"Electric household essentials",Item_4_EHE,9.50,1.00,9.50,Cash,In-store,2022-06-25,
TXN_1467305,CUST_09,Patisserie,Item_11_PAT,20.00,2.00,40.00,"Credit Card",Online,2024-06-05,
TXN_7693498,CUST_07,Food,Item_13_FOOD,23.00,1.00,23.00,"Credit Card",In-store,2024-10-08,
TXN_2860262,CUST_11,"Milk Products",Item_13_MILK,23.00,7.00,161.00,Cash,In-store,2023-12-29,
TXN_1063113,CUST_14,Patisserie,Item_11_PAT,20.00,1.00,20.00,"Digital Wallet",In-store,2024-07-02,
TXN_9007776,CUST_11,"Electric household essentials",Item_9_EHE,17.00,2.00,34.00,"Credit Card",Online,2023-01-05,
TXN_8106469,CUST_13,Furniture,Item_12_FUR,21.50,8.00,172.00,"Credit Card",In-store,2023-09-25,
TXN_4336368,CUST_22,Furniture,Item_8_FUR,15.50,1.00,15.50,"Digital Wallet",In-store,2023-10-31,
TXN_5242699,CUST_24,Patisserie,Item_11_PAT,20.00,10.00,200.00,"Credit Card",In-store,2022-12-30,
TXN_3840199,CUST_15,Beverages,Item_11_BEV,20.00,10.00,200.00,"Digital Wallet",In-store,2023-10-15,
TXN_4958245,CUST_02,Butchers,Item_19_BUT,32.00,1.00,32.00,Cash,In-store,2023-01-05,
TXN_8224024,CUST_02,Patisserie,Item_14_PAT,24.50,2.00,49.00,"Credit Card",Online,2024-12-28,
TXN_5684409,CUST_01,Food,Item_6_FOOD,12.50,4.00,50.00,"Credit Card",Online,2025-01-03,
TXN_2883798,CUST_02,Beverages,Item_16_BEV,27.50,1.00,27.50,Cash,Online,2023-06-10,
TXN_4364043,CUST_23,"Milk Products",Item_5_MILK,11.00,7.00,77.00,"Digital Wallet",Online,2022-06-27,
TXN_8262746,CUST_08,"Electric household essentials",Item_22_EHE,36.50,2.00,73.00,"Credit Card",Online,2023-04-15,
TXN_6219786,CUST_08,"Electric household essentials",Item_25_EHE,41.00,10.00,410.00,"Digital Wallet",Online,2022-09-05,
TXN_5731588,CUST_04,"Electric household essentials",Item_19_EHE,32.00,6.00,192.00,"Credit Card",In-store,2024-01-22,
TXN_5603264,CUST_23,"Milk Products",Item_23_MILK,38.00,10.00,380.00,"Digital Wallet",Online,2024-04-09,
TXN_5935601,CUST_13,Patisserie,Item_8_PAT,15.50,3.00,46.50,"Credit Card",In-store,2024-07-19,
TXN_1421247,CUST_23,Patisserie,Item_8_PAT,15.50,1.00,15.50,Cash,In-store,2022-09-03,
TXN_4382785,CUST_10,Beverages,Item_8_BEV,15.50,5.00,77.50,"Credit Card",In-store,2024-04-22,
TXN_1228408,CUST_01,Patisserie,,41.00,0.00,0.00,Cash,Online,2023-12-19,
TXN_9686182,CUST_17,Beverages,Item_21_BEV,35.00,4.00,140.00,Cash,In-store,2023-12-12,
TXN_2773543,CUST_07,Furniture,,0.00,10.00,320.00,Cash,Online,2023-01-22,
TXN_6404760,CUST_10,Food,Item_5_FOOD,11.00,2.00,22.00,"Credit Card",In-store,2022-04-20,
TXN_5517289,CUST_25,Butchers,Item_2_BUT,6.50,8.00,52.00,"Credit Card",Online,2023-01-24,
TXN_8050790,CUST_05,"Computers and electric accessories",Item_11_CEA,20.00,6.00,120.00,Cash,In-store,2024-06-05,
TXN_5070893,CUST_07,"Computers and electric accessories",Item_17_CEA,29.00,10.00,290.00,"Digital Wallet",Online,2022-06-12,
TXN_2215651,CUST_13,Beverages,Item_16_BEV,27.50,5.00,137.50,"Credit Card",Online,2024-01-20,
TXN_8648929,CUST_01,Butchers,Item_13_BUT,23.00,1.00,23.00,"Credit Card",In-store,2022-08-17,
TXN_2930468,CUST_05,"Computers and electric accessories",Item_20_CEA,33.50,3.00,100.50,Cash,In-store,2022-01-26,
TXN_4889414,CUST_22,Butchers,Item_18_BUT,30.50,10.00,305.00,"Digital Wallet",Online,2024-10-09,
TXN_5052868,CUST_08,Food,Item_12_FOOD,21.50,10.00,215.00,"Credit Card",Online,2024-04-25,
TXN_6610318,CUST_24,"Electric household essentials",Item_1_EHE,5.00,4.00,20.00,"Digital Wallet",Online,2023-04-19,
TXN_6945381,CUST_22,Patisserie,Item_23_PAT,38.00,6.00,228.00,Cash,Online,2022-03-21,
TXN_4901740,CUST_03,Patisserie,Item_23_PAT,38.00,5.00,190.00,Cash,In-store,2023-03-01,
TXN_9075046,CUST_09,Furniture,Item_23_FUR,38.00,2.00,76.00,"Credit Card",Online,2022-11-03,
TXN_4805802,CUST_02,Beverages,Item_23_BEV,38.00,2.00,76.00,Cash,Online,2024-10-27,
TXN_6400204,CUST_11,Furniture,Item_9_FUR,17.00,2.00,34.00,Cash,In-store,2022-07-18,
TXN_3758544,CUST_15,Butchers,Item_23_BUT,38.00,5.00,190.00,Cash,Online,2022-05-10,
TXN_8517369,CUST_01,"Computers and electric accessories",Item_5_CEA,11.00,10.00,110.00,Cash,Online,2024-07-09,
TXN_9384720,CUST_19,Food,Item_12_FOOD,21.50,6.00,129.00,Cash,Online,2024-12-30,
TXN_2114614,CUST_12,Beverages,,24.50,0.00,0.00,"Digital Wallet",In-store,2023-09-02,
TXN_6223914,CUST_21,Furniture,Item_16_FUR,27.50,4.00,110.00,"Credit Card",In-store,2024-08-12,
TXN_1516498,CUST_21,"Computers and electric accessories",Item_1_CEA,5.00,2.00,10.00,Cash,In-store,2023-01-29,
TXN_9059235,CUST_12,Beverages,Item_2_BEV,6.50,7.00,45.50,Cash,In-store,2022-08-28,
TXN_6229221,CUST_10,Patisserie,Item_2_PAT,6.50,7.00,45.50,"Digital Wallet",Online,2023-04-07,
TXN_1528866,CUST_25,"Computers and electric accessories",Item_9_CEA,17.00,6.00,102.00,"Credit Card",Online,2022-02-14,
TXN_9823408,CUST_05,"Computers and electric accessories",,0.00,3.00,51.00,Cash,In-store,2024-10-20,
TXN_7922911,CUST_04,Beverages,Item_17_BEV,29.00,10.00,290.00,"Digital Wallet",Online,2024-10-01,
TXN_6325212,CUST_03,Patisserie,,0.00,8.00,244.00,"Digital Wallet",In-store,2023-06-07,
TXN_3157841,CUST_14,"Milk Products",Item_7_MILK,14.00,6.00,84.00,"Credit Card",In-store,2023-02-22,
TXN_9929072,CUST_01,Patisserie,Item_4_PAT,9.50,5.00,47.50,Cash,In-store,2024-05-27,
TXN_7608026,CUST_14,Furniture,Item_16_FUR,27.50,4.00,110.00,Cash,Online,2024-12-08,
TXN_8627287,CUST_21,"Milk Products",Item_12_MILK,21.50,2.00,43.00,Cash,In-store,2024-01-11,
TXN_3707187,CUST_04,Butchers,Item_3_BUT,8.00,1.00,8.00,"Credit Card",In-store,2022-06-10,
TXN_7059985,CUST_18,Furniture,Item_5_FUR,11.00,6.00,66.00,Cash,In-store,2022-09-18,
TXN_2090888,CUST_18,Beverages,Item_14_BEV,24.50,4.00,98.00,"Credit Card",In-store,2023-03-12,
TXN_8540496,CUST_24,"Electric household essentials",Item_13_EHE,23.00,5.00,115.00,Cash,Online,2022-05-09,
TXN_9192184,CUST_01,Food,Item_14_FOOD,24.50,6.00,147.00,"Digital Wallet",Online,2024-12-15,
TXN_4461053,CUST_14,Beverages,Item_1_BEV,5.00,9.00,45.00,"Digital Wallet",In-store,2023-07-13,
TXN_8722334,CUST_20,Patisserie,Item_23_PAT,38.00,3.00,114.00,Cash,In-store,2024-06-26,
TXN_9420175,CUST_11,Butchers,Item_10_BUT,18.50,10.00,185.00,"Digital Wallet",In-store,2024-08-14,
TXN_3254406,CUST_13,Butchers,Item_3_BUT,8.00,9.00,72.00,"Digital Wallet",In-store,2023-10-23,
TXN_7019152,CUST_21,Beverages,Item_11_BEV,20.00,10.00,200.00,"Digital Wallet",Online,2025-01-02,
TXN_4130749,CUST_20,"Electric household essentials",Item_6_EHE,12.50,9.00,112.50,"Digital Wallet",Online,2023-01-25,
TXN_7704793,CUST_22,Furniture,Item_25_FUR,41.00,4.00,164.00,"Digital Wallet",In-store,2023-07-02,
TXN_9349221,CUST_09,Butchers,,6.50,0.00,0.00,"Digital Wallet",Online,2023-05-02,
TXN_7928146,CUST_20,Patisserie,Item_4_PAT,9.50,7.00,66.50,"Digital Wallet",Online,2022-07-10,
TXN_3786390,CUST_15,"Electric household essentials",Item_5_EHE,11.00,6.00,66.00,"Credit Card",In-store,2022-06-19,
TXN_1778676,CUST_22,"Electric household essentials",Item_25_EHE,41.00,6.00,246.00,"Digital Wallet",Online,2022-09-21,
TXN_5127097,CUST_08,Food,Item_18_FOOD,30.50,7.00,213.50,"Digital Wallet",In-store,2023-02-28,
TXN_3925839,CUST_05,Food,,0.00,9.00,261.00,Cash,Online,2024-04-03,
TXN_3801711,CUST_17,Butchers,Item_15_BUT,26.00,2.00,52.00,Cash,In-store,2023-05-13,
TXN_2764924,CUST_20,"Electric household essentials",Item_16_EHE,27.50,1.00,27.50,"Credit Card",Online,2024-03-01,
TXN_5550924,CUST_11,Beverages,Item_3_BEV,8.00,4.00,32.00,"Credit Card",In-store,2022-12-29,
TXN_7520240,CUST_12,Beverages,Item_12_BEV,21.50,5.00,107.50,Cash,In-store,2024-02-04,
TXN_1342762,CUST_01,Furniture,Item_11_FUR,20.00,5.00,100.00,Cash,Online,2023-03-09,
TXN_1226245,CUST_18,Food,,21.50,0.00,0.00,"Credit Card",In-store,2023-05-31,
TXN_3137292,CUST_11,Furniture,Item_5_FUR,11.00,7.00,77.00,"Credit Card",Online,2023-01-16,
TXN_4926864,CUST_13,"Electric household essentials",Item_23_EHE,38.00,3.00,114.00,"Credit Card",Online,2023-10-16,
TXN_2073907,CUST_25,Furniture,Item_21_FUR,35.00,7.00,245.00,"Digital Wallet",In-store,2024-05-13,
TXN_3158202,CUST_06,Furniture,Item_20_FUR,33.50,3.00,100.50,"Digital Wallet",Online,2024-01-21,
TXN_3974545,CUST_14,Food,Item_11_FOOD,20.00,10.00,200.00,Cash,Online,2023-05-03,
TXN_6721126,CUST_07,Patisserie,Item_10_PAT,18.50,1.00,18.50,"Credit Card",In-store,2024-11-05,
TXN_8087783,CUST_04,Beverages,Item_25_BEV,41.00,7.00,287.00,"Digital Wallet",In-store,2024-04-27,
TXN_9946688,CUST_05,"Milk Products",Item_3_MILK,8.00,8.00,64.00,"Digital Wallet",Online,2023-12-05,
TXN_1916676,CUST_11,"Electric household essentials",Item_22_EHE,36.50,8.00,292.00,"Credit Card",Online,2023-06-06,
TXN_7077220,CUST_10,Butchers,Item_18_BUT,30.50,6.00,183.00,"Digital Wallet",In-store,2023-04-09,
TXN_4566087,CUST_11,Beverages,Item_23_BEV,38.00,6.00,228.00,"Credit Card",Online,2024-08-17,
TXN_3948601,CUST_04,Food,Item_9_FOOD,17.00,1.00,17.00,Cash,In-store,2024-01-22,
TXN_1238908,CUST_10,Beverages,Item_12_BEV,21.50,7.00,150.50,Cash,Online,2024-02-15,
TXN_4055065,CUST_04,Butchers,Item_15_BUT,26.00,2.00,52.00,Cash,Online,2022-07-12,
TXN_7628297,CUST_16,"Electric household essentials",Item_12_EHE,21.50,1.00,21.50,"Digital Wallet",Online,2022-05-19,
TXN_4908316,CUST_20,Butchers,Item_2_BUT,6.50,4.00,26.00,Cash,Online,2022-11-03,
TXN_3652475,CUST_12,"Computers and electric accessories",Item_19_CEA,32.00,2.00,64.00,"Credit Card",In-store,2022-11-28,
TXN_8285503,CUST_22,"Computers and electric accessories",Item_12_CEA,21.50,9.00,193.50,Cash,Online,2022-07-12,
TXN_5257079,CUST_08,"Computers and electric accessories",Item_15_CEA,26.00,9.00,234.00,Cash,In-store,2024-11-04,
TXN_7441583,CUST_05,Furniture,Item_11_FUR,20.00,10.00,200.00,"Digital Wallet",Online,2023-12-06,
TXN_8509815,CUST_08,"Electric household essentials",Item_8_EHE,15.50,7.00,108.50,"Digital Wallet",In-store,2023-03-09,
TXN_5485213,CUST_05,"Computers and electric accessories",Item_5_CEA,11.00,7.00,77.00,"Credit Card",In-store,2024-02-19,
TXN_4854437,CUST_03,Food,Item_25_FOOD,41.00,2.00,82.00,Cash,Online,2024-08-30,
TXN_3441163,CUST_05,Furniture,Item_11_FUR,20.00,2.00,40.00,"Digital Wallet",Online,2024-02-06,
TXN_1137690,CUST_22,"Electric household essentials",Item_23_EHE,38.00,9.00,342.00,"Digital Wallet",In-store,2023-01-18,
TXN_7056530,CUST_09,Food,Item_25_FOOD,41.00,10.00,410.00,"Credit Card",Online,2022-08-15,
TXN_1892944,CUST_18,Beverages,Item_20_BEV,33.50,3.00,100.50,"Credit Card",Online,2022-03-29,
TXN_6609162,CUST_23,"Milk Products",Item_22_MILK,36.50,5.00,182.50,"Digital Wallet",In-store,2024-02-18,
TXN_7138504,CUST_15,Beverages,Item_6_BEV,12.50,6.00,75.00,Cash,In-store,2024-04-21,
TXN_1425560,CUST_23,Patisserie,,0.00,10.00,320.00,"Digital Wallet",In-store,2023-02-02,
TXN_7549543,CUST_16,"Milk Products",Item_24_MILK,39.50,6.00,237.00,"Digital Wallet",In-store,2023-12-07,
TXN_2839202,CUST_21,Patisserie,Item_13_PAT,23.00,4.00,92.00,Cash,Online,2025-01-10,
TXN_3040482,CUST_06,Butchers,Item_18_BUT,30.50,10.00,305.00,Cash,In-store,2024-11-15,
TXN_4665978,CUST_02,Patisserie,Item_20_PAT,33.50,10.00,335.00,"Credit Card",Online,2022-04-27,
TXN_1046367,CUST_21,"Computers and electric accessories",,0.00,10.00,185.00,Cash,In-store,2022-06-21,
TXN_6036535,CUST_06,"Milk Products",Item_3_MILK,8.00,7.00,56.00,Cash,In-store,2024-09-13,
TXN_8364629,CUST_09,Butchers,Item_18_BUT,30.50,10.00,305.00,Cash,Online,2024-01-25,
TXN_2116815,CUST_17,Butchers,Item_3_BUT,8.00,6.00,48.00,"Credit Card",Online,2023-09-19,
TXN_1801245,CUST_19,Furniture,Item_11_FUR,20.00,4.00,80.00,"Digital Wallet",Online,2024-09-09,
TXN_9794056,CUST_05,"Electric household essentials",Item_25_EHE,41.00,8.00,328.00,"Credit Card",Online,2023-07-13,
TXN_7090254,CUST_21,Food,Item_13_FOOD,23.00,3.00,69.00,Cash,In-store,2022-10-11,
TXN_9858963,CUST_02,Furniture,Item_21_FUR,35.00,8.00,280.00,"Credit Card",Online,2024-09-27,
TXN_1266761,CUST_17,Furniture,Item_2_FUR,6.50,6.00,39.00,"Credit Card",In-store,2024-05-01,
TXN_3597074,CUST_05,Beverages,Item_3_BEV,8.00,7.00,56.00,"Digital Wallet",Online,2023-11-18,
TXN_9133144,CUST_24,"Computers and electric accessories",Item_21_CEA,35.00,10.00,350.00,"Credit Card",Online,2023-03-24,
TXN_5916928,CUST_21,Butchers,Item_13_BUT,23.00,6.00,138.00,Cash,Online,2023-02-22,
TXN_1363255,CUST_23,Patisserie,Item_1_PAT,5.00,1.00,5.00,"Credit Card",Online,2023-09-27,
TXN_8383421,CUST_15,Furniture,Item_24_FUR,39.50,7.00,276.50,"Credit Card",In-store,2023-10-19,
TXN_8194498,CUST_04,Butchers,Item_23_BUT,38.00,9.00,342.00,"Credit Card",In-store,2024-05-31,
TXN_9135155,CUST_09,"Milk Products",Item_19_MILK,32.00,1.00,32.00,"Digital Wallet",Online,2024-01-07,
TXN_6868951,CUST_16,Butchers,Item_20_BUT,33.50,10.00,335.00,"Digital Wallet",Online,2024-01-28,
TXN_3209261,CUST_17,"Computers and electric accessories",Item_5_CEA,11.00,6.00,66.00,"Credit Card",In-store,2023-01-30,
TXN_2356756,CUST_04,Beverages,Item_3_BEV,8.00,1.00,8.00,"Digital Wallet",Online,2022-07-02,
TXN_9975461,CUST_11,Food,Item_11_FOOD,20.00,8.00,160.00,Cash,Online,2024-01-30,
TXN_3198892,CUST_05,"Electric household essentials",Item_6_EHE,12.50,3.00,37.50,"Credit Card",Online,2024-08-11,
TXN_4169487,CUST_02,Patisserie,Item_16_PAT,27.50,3.00,82.50,Cash,In-store,2023-03-26,
TXN_5332200,CUST_19,Butchers,Item_23_BUT,38.00,9.00,342.00,"Digital Wallet",In-store,2024-10-21,
TXN_1813718,CUST_03,Butchers,,0.00,1.00,30.50,"Credit Card",In-store,2023-06-08,
TXN_4260538,CUST_11,Patisserie,Item_24_PAT,39.50,4.00,158.00,"Credit Card",Online,2023-05-20,
TXN_8833136,CUST_10,Food,Item_25_FOOD,41.00,8.00,328.00,"Credit Card",In-store,2025-01-13,
TXN_5059104,CUST_24,"Computers and electric accessories",Item_18_CEA,30.50,6.00,183.00,"Digital Wallet",In-store,2022-08-08,
TXN_1906808,CUST_22,Beverages,Item_12_BEV,21.50,7.00,150.50,Cash,In-store,2024-10-12,
TXN_6568038,CUST_05,"Computers and electric accessories",,0.00,2.00,79.00,"Digital Wallet",In-store,2023-12-16,
TXN_8808139,CUST_17,Butchers,Item_17_BUT,29.00,9.00,261.00,"Credit Card",In-store,2022-11-15,
TXN_6155057,CUST_20,Furniture,Item_21_FUR,35.00,8.00,280.00,Cash,Online,2023-06-07,
TXN_8361537,CUST_18,Beverages,Item_25_BEV,41.00,3.00,123.00,"Credit Card",Online,2022-10-01,
TXN_1211345,CUST_19,Furniture,,0.00,7.00,66.50,"Digital Wallet",Online,2024-12-02,
TXN_4450656,CUST_15,"Electric household essentials",Item_13_EHE,23.00,10.00,230.00,"Credit Card",Online,2023-04-18,
TXN_1978638,CUST_23,Food,Item_9_FOOD,17.00,4.00,68.00,"Credit Card",In-store,2022-12-21,
TXN_2826383,CUST_17,"Electric household essentials",Item_7_EHE,14.00,5.00,70.00,"Digital Wallet",In-store,2024-04-04,
TXN_4380827,CUST_02,"Milk Products",Item_20_MILK,33.50,5.00,167.50,"Credit Card",In-store,2023-12-12,
TXN_2832270,CUST_23,Butchers,Item_18_BUT,30.50,5.00,152.50,"Credit Card",In-store,2023-08-11,
TXN_9729966,CUST_23,"Electric household essentials",Item_10_EHE,18.50,10.00,185.00,Cash,In-store,2024-09-19,
TXN_3923033,CUST_05,"Electric household essentials",,0.00,9.00,207.00,"Credit Card",Online,2024-12-22,
TXN_8524452,CUST_15,Patisserie,Item_22_PAT,36.50,2.00,73.00,"Digital Wallet",Online,2023-07-19,
TXN_8885533,CUST_09,Butchers,Item_24_BUT,39.50,1.00,39.50,"Credit Card",Online,2023-12-12,
TXN_7053979,CUST_11,"Computers and electric accessories",Item_13_CEA,23.00,10.00,230.00,Cash,Online,2023-05-13,
TXN_8335741,CUST_23,"Electric household essentials",Item_10_EHE,18.50,6.00,111.00,Cash,In-store,2023-12-22,
TXN_5368211,CUST_25,Patisserie,Item_3_PAT,8.00,1.00,8.00,Cash,In-store,2024-08-01,
TXN_5362267,CUST_09,Beverages,Item_17_BEV,29.00,4.00,116.00,"Credit Card",Online,2022-09-11,
TXN_8782678,CUST_01,Furniture,Item_14_FUR,24.50,4.00,98.00,"Credit Card",Online,2023-01-21,
TXN_4802054,CUST_10,Food,Item_24_FOOD,39.50,5.00,197.50,"Credit Card",Online,2025-01-08,
TXN_7612835,CUST_08,Beverages,,6.50,0.00,0.00,"Credit Card",Online,2024-11-04,
TXN_7896424,CUST_20,Food,Item_17_FOOD,29.00,3.00,87.00,"Digital Wallet",Online,2022-11-15,
TXN_1503085,CUST_09,Furniture,Item_2_FUR,6.50,7.00,45.50,"Credit Card",In-store,2022-11-06,
TXN_3091416,CUST_13,Beverages,Item_7_BEV,14.00,7.00,98.00,Cash,Online,2022-09-19,
TXN_1006123,CUST_04,"Electric household essentials",Item_8_EHE,15.50,1.00,15.50,Cash,Online,2023-10-17,
TXN_9060638,CUST_08,Patisserie,Item_7_PAT,14.00,3.00,42.00,Cash,In-store,2024-05-08,
TXN_4086664,CUST_05,"Computers and electric accessories",Item_15_CEA,26.00,3.00,78.00,"Digital Wallet",Online,2022-06-12,
TXN_3233173,CUST_12,Butchers,Item_13_BUT,23.00,10.00,230.00,"Credit Card",Online,2022-02-15,
TXN_1423104,CUST_19,Food,Item_8_FOOD,15.50,9.00,139.50,"Credit Card",In-store,2024-11-24,
TXN_1068083,CUST_16,"Milk Products",Item_1_MILK,5.00,8.00,40.00,"Credit Card",In-store,2023-10-11,
TXN_1341944,CUST_05,Furniture,Item_6_FUR,12.50,9.00,112.50,"Credit Card",Online,2023-05-24,
TXN_6867521,CUST_12,"Milk Products",Item_8_MILK,15.50,6.00,93.00,"Credit Card",Online,2024-12-02,
TXN_9683490,CUST_24,"Electric household essentials",Item_25_EHE,41.00,6.00,246.00,Cash,In-store,2023-10-27,
TXN_3642617,CUST_19,Food,Item_13_FOOD,23.00,7.00,161.00,Cash,In-store,2023-07-08,
TXN_7998494,CUST_19,"Computers and electric accessories",Item_20_CEA,33.50,8.00,268.00,Cash,In-store,2024-04-07,
TXN_5659196,CUST_18,"Milk Products",Item_2_MILK,6.50,6.00,39.00,"Digital Wallet",Online,2022-04-14,
TXN_2776242,CUST_23,Furniture,Item_13_FUR,23.00,6.00,138.00,Cash,Online,2022-12-15,
TXN_1581204,CUST_01,Food,Item_14_FOOD,24.50,3.00,73.50,"Credit Card",In-store,2023-11-25,
TXN_8137790,CUST_07,Furniture,Item_6_FUR,12.50,5.00,62.50,"Digital Wallet",Online,2022-07-27,
TXN_5904701,CUST_18,Patisserie,Item_8_PAT,15.50,1.00,15.50,Cash,In-store,2024-10-04,
TXN_5793195,CUST_23,Furniture,,26.00,0.00,0.00,Cash,In-store,2022-02-15,
TXN_6954754,CUST_21,Food,Item_25_FOOD,41.00,5.00,205.00,"Digital Wallet",Online,2023-10-07,
TXN_6481866,CUST_06,"Computers and electric accessories",Item_11_CEA,20.00,7.00,140.00,"Credit Card",In-store,2025-01-08,
TXN_2895452,CUST_03,"Computers and electric accessories",Item_8_CEA,15.50,3.00,46.50,"Credit Card",Online,2022-03-09,
TXN_7465318,CUST_16,"Electric household essentials",Item_6_EHE,12.50,7.00,87.50,"Credit Card",In-store,2022-10-03,
TXN_6449718,CUST_12,Beverages,Item_12_BEV,21.50,3.00,64.50,Cash,In-store,2022-06-18,
TXN_2953972,CUST_15,"Electric household essentials",,0.00,2.00,46.00,"Digital Wallet",Online,2024-01-27,
TXN_2524809,CUST_12,"Computers and electric accessories",Item_2_CEA,6.50,1.00,6.50,Cash,In-store,2024-02-13,
TXN_2945851,CUST_10,Patisserie,Item_25_PAT,41.00,9.00,369.00,"Credit Card",In-store,2023-03-14,
TXN_8402437,CUST_12,"Milk Products",Item_19_MILK,32.00,1.00,32.00,"Credit Card",In-store,2024-08-04,
TXN_9740911,CUST_20,Beverages,Item_19_BEV,32.00,3.00,96.00,"Credit Card",In-store,2023-10-09,
TXN_4165936,CUST_12,"Electric household essentials",Item_20_EHE,33.50,7.00,234.50,Cash,Online,2023-06-01,
TXN_5046899,CUST_21,"Computers and electric accessories",Item_11_CEA,20.00,9.00,180.00,"Digital Wallet",In-store,2023-01-20,
TXN_8316682,CUST_01,Food,Item_24_FOOD,39.50,6.00,237.00,"Digital Wallet",Online,2024-07-05,
TXN_6229504,CUST_07,Food,Item_18_FOOD,30.50,3.00,91.50,Cash,Online,2024-08-30,
TXN_2102336,CUST_02,"Milk Products",Item_5_MILK,11.00,10.00,110.00,"Credit Card",In-store,2022-07-07,
TXN_7170661,CUST_15,Food,Item_1_FOOD,5.00,9.00,45.00,Cash,Online,2023-07-17,
TXN_5026398,CUST_25,Butchers,,0.00,9.00,328.50,"Digital Wallet",Online,2022-04-07,
TXN_1514117,CUST_22,"Computers and electric accessories",Item_13_CEA,23.00,3.00,69.00,"Digital Wallet",Online,2022-12-08,
TXN_3168019,CUST_08,Beverages,Item_20_BEV,33.50,9.00,301.50,"Digital Wallet",Online,2022-06-17,
TXN_4879792,CUST_10,Beverages,Item_7_BEV,14.00,8.00,112.00,"Digital Wallet",In-store,2024-02-06,
TXN_3547519,CUST_16,Butchers,Item_25_BUT,41.00,7.00,287.00,"Credit Card",In-store,2022-02-02,
TXN_1954548,CUST_25,"Electric household essentials",Item_13_EHE,23.00,10.00,230.00,"Credit Card",In-store,2022-05-13,
TXN_9158283,CUST_21,Patisserie,,29.00,0.00,0.00,Cash,In-store,2024-09-26,
TXN_5155156,CUST_02,Beverages,Item_9_BEV,17.00,6.00,102.00,"Digital Wallet",In-store,2023-06-30,
TXN_4272832,CUST_04,Furniture,Item_5_FUR,11.00,7.00,77.00,"Digital Wallet",In-store,2023-06-12,
TXN_7587019,CUST_22,"Milk Products",Item_19_MILK,32.00,10.00,320.00,"Digital Wallet",In-store,2024-06-29,
TXN_2695177,CUST_16,Furniture,Item_7_FUR,14.00,8.00,112.00,"Credit Card",In-store,2022-03-31,
TXN_8293569,CUST_19,"Computers and electric accessories",Item_19_CEA,32.00,5.00,160.00,"Digital Wallet",In-store,2023-06-20,
TXN_4708675,CUST_14,"Milk Products",Item_18_MILK,30.50,4.00,122.00,"Digital Wallet",Online,2022-07-15,
TXN_7627081,CUST_14,Beverages,Item_15_BEV,26.00,6.00,156.00,Cash,In-store,2022-03-12,
TXN_3384376,CUST_22,"Milk Products",Item_23_MILK,38.00,2.00,76.00,"Credit Card",Online,2024-02-22,
TXN_1454886,CUST_06,"Milk Products",Item_3_MILK,8.00,7.00,56.00,"Digital Wallet",Online,2022-05-16,
TXN_3827408,CUST_14,Food,Item_3_FOOD,8.00,6.00,48.00,"Digital Wallet",Online,2024-01-28,
TXN_2338994,CUST_11,"Electric household essentials",Item_9_EHE,17.00,7.00,119.00,Cash,In-store,2022-03-05,
TXN_5000699,CUST_14,Furniture,Item_20_FUR,33.50,6.00,201.00,"Credit Card",In-store,2022-05-01,
TXN_1513521,CUST_18,Furniture,Item_2_FUR,6.50,5.00,32.50,"Digital Wallet",In-store,2024-10-25,
TXN_5488903,CUST_24,Furniture,Item_23_FUR,38.00,5.00,190.00,"Credit Card",Online,2024-03-16,
TXN_2625598,CUST_10,Beverages,Item_15_BEV,26.00,7.00,182.00,"Digital Wallet",In-store,2024-06-15,
TXN_8945171,CUST_05,Food,Item_9_FOOD,17.00,10.00,170.00,"Digital Wallet",In-store,2022-10-19,
TXN_5399162,CUST_25,Furniture,Item_8_FUR,15.50,2.00,31.00,Cash,In-store,2022-04-05,
TXN_9780180,CUST_07,"Electric household essentials",Item_25_EHE,41.00,8.00,328.00,Cash,In-store,2023-10-19,
TXN_2275962,CUST_25,Furniture,Item_15_FUR,26.00,4.00,104.00,Cash,Online,2023-07-06,
TXN_8035999,CUST_20,"Electric household essentials",Item_20_EHE,33.50,5.00,167.50,Cash,Online,2024-12-19,
TXN_3800325,CUST_16,"Computers and electric accessories",Item_9_CEA,17.00,7.00,119.00,"Credit Card",In-store,2023-08-30,
TXN_1500347,CUST_10,Furniture,Item_16_FUR,27.50,5.00,137.50,"Credit Card",In-store,2023-01-22,
TXN_9212186,CUST_12,"Milk Products",Item_5_MILK,11.00,6.00,66.00,"Digital Wallet",Online,2023-03-20,
TXN_2167229,CUST_19,"Electric household essentials",Item_2_EHE,6.50,3.00,19.50,Cash,Online,2023-06-11,
TXN_9967946,CUST_22,Beverages,Item_20_BEV,33.50,9.00,301.50,"Credit Card",In-store,2024-04-23,
TXN_7881149,CUST_22,Patisserie,Item_23_PAT,38.00,8.00,304.00,"Credit Card",In-store,2024-03-29,
TXN_5404379,CUST_03,Butchers,Item_19_BUT,32.00,9.00,288.00,"Digital Wallet",In-store,2022-01-13,
TXN_6912528,CUST_08,"Computers and electric accessories",,0.00,7.00,287.00,Cash,Online,2024-04-13,
TXN_6573079,CUST_02,"Milk Products",Item_16_MILK,27.50,7.00,192.50,"Digital Wallet",In-store,2022-10-24,
TXN_7121701,CUST_05,Butchers,Item_20_BUT,33.50,1.00,33.50,"Credit Card",Online,2024-09-10,
TXN_3125965,CUST_04,Beverages,Item_8_BEV,15.50,3.00,46.50,Cash,Online,2022-08-16,
TXN_1942225,CUST_04,Beverages,Item_17_BEV,29.00,2.00,58.00,"Credit Card",Online,2022-06-11,
TXN_1161003,CUST_17,"Electric household essentials",Item_23_EHE,38.00,4.00,152.00,"Credit Card",In-store,2022-03-24,
TXN_9479761,CUST_03,Beverages,Item_12_BEV,21.50,2.00,43.00,"Credit Card",In-store,2024-01-29,
TXN_5628367,CUST_04,Food,,0.00,3.00,123.00,Cash,In-store,2023-01-29,
TXN_7984079,CUST_15,"Milk Products",Item_23_MILK,38.00,1.00,38.00,"Credit Card",In-store,2023-06-09,
TXN_3676096,CUST_03,Food,Item_25_FOOD,41.00,1.00,41.00,"Digital Wallet",In-store,2023-03-22,
TXN_4541411,CUST_06,"Electric household essentials",Item_11_EHE,20.00,4.00,80.00,"Credit Card",Online,2025-01-15,
TXN_3088798,CUST_08,Beverages,Item_14_BEV,24.50,3.00,73.50,"Credit Card",In-store,2022-07-21,
TXN_7394411,CUST_23,"Computers and electric accessories",Item_16_CEA,27.50,2.00,55.00,Cash,In-store,2022-08-17,
TXN_7898262,CUST_24,"Computers and electric accessories",Item_19_CEA,32.00,7.00,224.00,Cash,In-store,2024-06-11,
TXN_9113248,CUST_17,Patisserie,Item_4_PAT,9.50,6.00,57.00,Cash,Online,2024-05-16,
TXN_4733711,CUST_03,Patisserie,Item_12_PAT,21.50,6.00,129.00,"Credit Card",In-store,2023-08-03,
TXN_6204232,CUST_10,"Computers and electric accessories",Item_3_CEA,8.00,6.00,48.00,Cash,Online,2023-07-29,
TXN_5533205,CUST_18,Furniture,,0.00,7.00,276.50,"Credit Card",Online,2023-12-31,
TXN_6780214,CUST_05,Food,,9.50,0.00,0.00,"Credit Card",Online,2022-08-15,
TXN_1631345,CUST_07,Furniture,Item_6_FUR,12.50,10.00,125.00,"Credit Card",Online,2023-09-10,
TXN_3076458,CUST_11,"Electric household essentials",Item_1_EHE,5.00,1.00,5.00,"Digital Wallet",Online,2024-12-04,
TXN_3648215,CUST_01,Food,,0.00,6.00,210.00,Cash,In-store,2024-03-29,
TXN_3943267,CUST_13,Food,Item_5_FOOD,11.00,4.00,44.00,"Digital Wallet",Online,2023-11-21,
TXN_5158837,CUST_17,Food,,17.00,0.00,0.00,"Credit Card",Online,2023-03-20,
TXN_8662660,CUST_14,Furniture,Item_2_FUR,6.50,10.00,65.00,"Credit Card",Online,2022-05-29,
TXN_5740802,CUST_12,"Electric household essentials",Item_8_EHE,15.50,1.00,15.50,Cash,Online,2024-09-20,
TXN_5622173,CUST_07,Beverages,Item_3_BEV,8.00,5.00,40.00,"Digital Wallet",In-store,2023-10-16,
TXN_4613619,CUST_03,Beverages,Item_20_BEV,33.50,3.00,100.50,"Digital Wallet",Online,2022-10-07,
TXN_1153704,CUST_10,Patisserie,Item_13_PAT,23.00,1.00,23.00,Cash,In-store,2022-01-02,
TXN_9435818,CUST_06,"Milk Products",Item_13_MILK,23.00,8.00,184.00,Cash,In-store,2023-03-10,
TXN_5631765,CUST_19,"Electric household essentials",Item_10_EHE,18.50,4.00,74.00,"Credit Card",Online,2022-11-10,
TXN_7143271,CUST_24,Beverages,Item_8_BEV,15.50,2.00,31.00,"Digital Wallet",In-store,2024-04-20,
TXN_4283461,CUST_13,Food,Item_18_FOOD,30.50,5.00,152.50,Cash,In-store,2023-06-25,
TXN_2296900,CUST_17,"Milk Products",Item_13_MILK,23.00,1.00,23.00,"Digital Wallet",Online,2022-05-05,
TXN_6220862,CUST_21,"Electric household essentials",Item_6_EHE,12.50,4.00,50.00,Cash,In-store,2023-04-04,
TXN_4055300,CUST_15,Furniture,Item_11_FUR,20.00,8.00,160.00,"Credit Card",In-store,2024-10-22,
TXN_5514653,CUST_18,Butchers,Item_7_BUT,14.00,10.00,140.00,"Credit Card",In-store,2022-04-23,
TXN_9886800,CUST_09,Patisserie,Item_5_PAT,11.00,8.00,88.00,"Credit Card",Online,2022-01-27,
TXN_2447361,CUST_07,"Milk Products",Item_11_MILK,20.00,1.00,20.00,Cash,In-store,2023-04-06,
TXN_5037301,CUST_21,Patisserie,,0.00,9.00,45.00,"Digital Wallet",Online,2023-11-14,
TXN_8722582,CUST_11,Beverages,Item_9_BEV,17.00,10.00,170.00,Cash,In-store,2022-09-18,
TXN_7858070,CUST_09,Food,Item_15_FOOD,26.00,3.00,78.00,"Digital Wallet",In-store,2022-09-20,
TXN_9619679,CUST_05,"Milk Products",Item_23_MILK,38.00,4.00,152.00,"Credit Card",In-store,2023-04-27,
TXN_4232426,CUST_10,Butchers,Item_22_BUT,36.50,7.00,255.50,"Digital Wallet",Online,2022-09-30,
TXN_8295792,CUST_24,"Electric household essentials",Item_25_EHE,41.00,7.00,287.00,"Digital Wallet",In-store,2024-02-02,
TXN_7984009,CUST_09,"Milk Products",Item_8_MILK,15.50,2.00,31.00,"Credit Card",In-store,2024-02-20,
TXN_5680789,CUST_13,Food,Item_22_FOOD,36.50,9.00,328.50,Cash,In-store,2022-11-08,
TXN_7478863,CUST_22,Patisserie,,0.00,2.00,49.00,Cash,In-store,2022-05-16,
TXN_4864665,CUST_06,"Computers and electric accessories",Item_14_CEA,24.50,2.00,49.00,"Digital Wallet",In-store,2022-06-17,
TXN_7303362,CUST_20,Furniture,,0.00,10.00,110.00,"Digital Wallet",In-store,2023-11-02,
TXN_7866173,CUST_04,"Electric household essentials",Item_5_EHE,11.00,5.00,55.00,"Credit Card",In-store,2022-11-10,
TXN_8451329,CUST_20,Furniture,Item_14_FUR,24.50,1.00,24.50,"Credit Card",Online,2024-11-02,
TXN_6380869,CUST_15,Patisserie,Item_3_PAT,8.00,9.00,72.00,Cash,Online,2022-05-02,
TXN_8021276,CUST_18,"Electric household essentials",Item_4_EHE,9.50,5.00,47.50,"Digital Wallet",Online,2023-10-14,
TXN_6350381,CUST_05,Patisserie,Item_17_PAT,29.00,4.00,116.00,Cash,In-store,2022-10-08,
TXN_3896731,CUST_17,Patisserie,Item_1_PAT,5.00,3.00,15.00,"Digital Wallet",In-store,2024-07-15,
TXN_8284106,CUST_16,Beverages,Item_3_BEV,8.00,5.00,40.00,"Credit Card",In-store,2022-07-25,
TXN_5884888,CUST_04,Furniture,Item_11_FUR,20.00,9.00,180.00,Cash,In-store,2023-12-25,
TXN_2778307,CUST_03,Furniture,Item_23_FUR,38.00,10.00,380.00,"Credit Card",Online,2022-01-28,
TXN_4883235,CUST_19,Furniture,Item_6_FUR,12.50,7.00,87.50,"Digital Wallet",In-store,2022-08-24,
TXN_4063341,CUST_04,Food,Item_4_FOOD,9.50,8.00,76.00,Cash,In-store,2022-03-25,
TXN_9862250,CUST_11,Food,Item_6_FOOD,12.50,6.00,75.00,Cash,In-store,2022-06-04,
TXN_6346461,CUST_03,Furniture,Item_11_FUR,20.00,3.00,60.00,"Digital Wallet",In-store,2022-01-14,
TXN_4204330,CUST_04,Furniture,Item_4_FUR,9.50,3.00,28.50,"Digital Wallet",In-store,2022-11-04,
TXN_5762651,CUST_12,Patisserie,Item_11_PAT,20.00,1.00,20.00,"Credit Card",Online,2024-02-12,
TXN_4776643,CUST_15,Furniture,Item_20_FUR,33.50,3.00,100.50,Cash,In-store,2024-06-22,
TXN_2850918,CUST_25,Beverages,Item_2_BEV,6.50,8.00,52.00,"Credit Card",Online,2024-05-21,
TXN_6133268,CUST_13,Patisserie,,21.50,0.00,0.00,"Credit Card",Online,2024-03-17,
TXN_6913140,CUST_02,Patisserie,Item_15_PAT,26.00,7.00,182.00,"Digital Wallet",Online,2024-07-08,
TXN_9976971,CUST_14,"Electric household essentials",Item_15_EHE,26.00,7.00,182.00,Cash,In-store,2022-05-21,
TXN_5687388,CUST_21,Beverages,Item_20_BEV,33.50,5.00,167.50,Cash,Online,2022-09-29,
TXN_4306611,CUST_16,"Electric household essentials",Item_19_EHE,32.00,6.00,192.00,"Digital Wallet",Online,2023-08-25,
TXN_6251701,CUST_07,Food,,30.50,0.00,0.00,Cash,Online,2024-06-25,
TXN_3486476,CUST_14,Food,Item_5_FOOD,11.00,7.00,77.00,Cash,In-store,2022-05-30,
TXN_6529390,CUST_04,"Computers and electric accessories",Item_25_CEA,41.00,8.00,328.00,"Digital Wallet",In-store,2022-11-26,
TXN_6973160,CUST_25,"Computers and electric accessories",Item_11_CEA,20.00,1.00,20.00,"Credit Card",Online,2022-11-26,
TXN_6997387,CUST_13,"Milk Products",Item_7_MILK,14.00,10.00,140.00,"Digital Wallet",In-store,2022-02-02,
TXN_2345880,CUST_06,"Electric household essentials",Item_13_EHE,23.00,4.00,92.00,Cash,In-store,2024-09-09,
TXN_5153121,CUST_14,Food,Item_11_FOOD,20.00,2.00,40.00,"Digital Wallet",In-store,2025-01-02,
TXN_6102269,CUST_07,Beverages,Item_25_BEV,41.00,9.00,369.00,"Credit Card",In-store,2023-10-03,
TXN_2204860,CUST_10,Beverages,Item_19_BEV,32.00,7.00,224.00,"Digital Wallet",Online,2023-07-17,
TXN_1044009,CUST_05,"Milk Products",Item_7_MILK,14.00,9.00,126.00,"Credit Card",Online,2024-01-07,
TXN_3514972,CUST_20,"Milk Products",Item_19_MILK,32.00,3.00,96.00,"Credit Card",Online,2023-10-13,
TXN_9165564,CUST_02,"Milk Products",,0.00,3.00,100.50,Cash,Online,2023-03-31,
TXN_5532478,CUST_19,"Milk Products",Item_3_MILK,8.00,10.00,80.00,Cash,Online,2024-07-12,
TXN_6501235,CUST_02,Patisserie,Item_23_PAT,38.00,9.00,342.00,Cash,In-store,2024-10-23,
TXN_1257746,CUST_14,Beverages,Item_17_BEV,29.00,1.00,29.00,"Credit Card",In-store,2022-09-29,
TXN_7105109,CUST_01,Food,Item_3_FOOD,8.00,5.00,40.00,Cash,In-store,2023-04-01,
TXN_2463351,CUST_19,"Computers and electric accessories",,0.00,10.00,65.00,"Credit Card",Online,2022-08-12,
TXN_2207845,CUST_02,"Computers and electric accessories",Item_16_CEA,27.50,1.00,27.50,"Digital Wallet",Online,2022-07-20,
TXN_8931933,CUST_17,Food,Item_12_FOOD,21.50,4.00,86.00,"Credit Card",Online,2024-07-05,
TXN_7780561,CUST_06,Beverages,,0.00,4.00,80.00,Cash,In-store,2024-05-06,
TXN_7715494,CUST_09,"Computers and electric accessories",Item_20_CEA,33.50,3.00,100.50,Cash,Online,2024-09-22,
TXN_4903037,CUST_06,Patisserie,Item_11_PAT,20.00,4.00,80.00,"Digital Wallet",In-store,2023-10-30,
TXN_1078672,CUST_16,Patisserie,Item_24_PAT,39.50,8.00,316.00,"Credit Card",Online,2023-07-22,
TXN_3620185,CUST_08,"Milk Products",Item_17_MILK,29.00,2.00,58.00,"Digital Wallet",In-store,2023-01-31,
TXN_7342745,CUST_02,Furniture,Item_24_FUR,39.50,3.00,118.50,"Digital Wallet",In-store,2022-11-26,
TXN_1743700,CUST_04,Butchers,Item_21_BUT,35.00,8.00,280.00,Cash,In-store,2023-12-06,
TXN_1757980,CUST_02,Food,Item_14_FOOD,24.50,7.00,171.50,Cash,In-store,2023-12-10,
TXN_5142992,CUST_19,"Electric household essentials",Item_24_EHE,39.50,7.00,276.50,"Digital Wallet",In-store,2023-09-02,
TXN_1746228,CUST_07,Beverages,Item_25_BEV,41.00,9.00,369.00,"Credit Card",Online,2024-06-16,
TXN_7345106,CUST_21,"Electric household essentials",Item_1_EHE,5.00,3.00,15.00,"Digital Wallet",Online,2024-04-21,
TXN_1688767,CUST_13,Furniture,Item_20_FUR,33.50,2.00,67.00,Cash,In-store,2023-12-31,
TXN_9821381,CUST_10,Furniture,Item_5_FUR,11.00,10.00,110.00,Cash,Online,2024-06-11,
TXN_9848359,CUST_16,Butchers,Item_15_BUT,26.00,3.00,78.00,"Credit Card",In-store,2024-12-19,
TXN_3591977,CUST_14,Furniture,Item_14_FUR,24.50,5.00,122.50,Cash,Online,2023-12-12,
TXN_2625866,CUST_19,"Electric household essentials",Item_12_EHE,21.50,5.00,107.50,"Digital Wallet",In-store,2023-01-31,
TXN_9991358,CUST_25,"Electric household essentials",Item_18_EHE,30.50,6.00,183.00,Cash,Online,2023-07-17,
TXN_8897254,CUST_07,Food,Item_17_FOOD,29.00,8.00,232.00,Cash,In-store,2024-08-25,
TXN_7589967,CUST_16,"Electric household essentials",,14.00,0.00,0.00,Cash,Online,2023-02-25,
TXN_5861553,CUST_05,Beverages,Item_25_BEV,41.00,3.00,123.00,"Credit Card",Online,2023-01-18,
TXN_6096860,CUST_18,Furniture,,35.00,0.00,0.00,"Digital Wallet",Online,2024-05-15,
TXN_9088597,CUST_05,Beverages,Item_4_BEV,9.50,8.00,76.00,Cash,In-store,2023-07-23,
TXN_4387932,CUST_21,Furniture,Item_1_FUR,5.00,6.00,30.00,Cash,Online,2024-08-11,
TXN_7016344,CUST_19,Furniture,Item_16_FUR,27.50,6.00,165.00,Cash,Online,2023-05-13,
TXN_5879899,CUST_21,Furniture,Item_23_FUR,38.00,7.00,266.00,"Digital Wallet",In-store,2024-10-31,
TXN_8061941,CUST_11,Butchers,Item_6_BUT,12.50,1.00,12.50,"Digital Wallet",Online,2024-08-03,
TXN_9093693,CUST_02,Beverages,Item_16_BEV,27.50,10.00,275.00,Cash,In-store,2022-04-18,
TXN_5602945,CUST_03,"Electric household essentials",Item_15_EHE,26.00,5.00,130.00,"Digital Wallet",Online,2023-09-29,
TXN_8221789,CUST_23,Furniture,,0.00,10.00,110.00,"Credit Card",In-store,2024-06-12,
TXN_8474989,CUST_06,Beverages,Item_2_BEV,6.50,3.00,19.50,"Credit Card",Online,2022-06-22,
TXN_4963681,CUST_17,"Computers and electric accessories",Item_17_CEA,29.00,5.00,145.00,"Digital Wallet",Online,2023-01-17,
TXN_9152621,CUST_14,Butchers,Item_22_BUT,36.50,4.00,146.00,"Credit Card",In-store,2025-01-01,
TXN_9713205,CUST_17,Butchers,Item_19_BUT,32.00,3.00,96.00,Cash,Online,2022-06-15,
TXN_2781552,CUST_13,Patisserie,Item_2_PAT,6.50,3.00,19.50,Cash,Online,2024-09-09,
TXN_6276223,CUST_14,"Milk Products",Item_1_MILK,5.00,4.00,20.00,Cash,In-store,2024-01-14,
TXN_9202573,CUST_19,Beverages,Item_2_BEV,6.50,3.00,19.50,Cash,Online,2023-07-07,
TXN_1999095,CUST_13,Furniture,Item_24_FUR,39.50,1.00,39.50,"Credit Card",Online,2024-01-12,
TXN_8076264,CUST_19,Furniture,,6.50,0.00,0.00,"Digital Wallet",In-store,2024-12-01,
TXN_6952271,CUST_01,Furniture,Item_5_FUR,11.00,6.00,66.00,"Credit Card",Online,2022-06-12,
TXN_1960835,CUST_15,"Electric household essentials",Item_8_EHE,15.50,2.00,31.00,Cash,Online,2022-03-22,
TXN_9021131,CUST_11,"Computers and electric accessories",Item_12_CEA,21.50,7.00,150.50,"Digital Wallet",In-store,2022-09-21,
TXN_6587902,CUST_24,"Milk Products",Item_22_MILK,36.50,8.00,292.00,"Digital Wallet",Online,2024-05-14,
TXN_6794062,CUST_08,Beverages,Item_20_BEV,33.50,7.00,234.50,"Credit Card",In-store,2024-10-11,
TXN_8593519,CUST_23,Beverages,Item_25_BEV,41.00,9.00,369.00,Cash,Online,2024-03-18,
TXN_9199451,CUST_23,"Electric household essentials",Item_20_EHE,33.50,7.00,234.50,Cash,In-store,2022-11-08,
TXN_7026208,CUST_08,Beverages,Item_9_BEV,17.00,8.00,136.00,Cash,In-store,2024-08-02,
TXN_4333003,CUST_15,Furniture,Item_20_FUR,33.50,7.00,234.50,"Credit Card",In-store,2024-01-25,
TXN_6559568,CUST_07,Beverages,Item_18_BEV,30.50,2.00,61.00,Cash,In-store,2024-01-12,
TXN_8904495,CUST_07,Butchers,Item_6_BUT,12.50,9.00,112.50,"Digital Wallet",Online,2023-09-26,
TXN_2486841,CUST_19,Food,Item_3_FOOD,8.00,4.00,32.00,Cash,In-store,2024-02-15,
TXN_3683979,CUST_21,"Computers and electric accessories",Item_12_CEA,21.50,10.00,215.00,Cash,In-store,2024-01-01,
TXN_2375733,CUST_17,"Milk Products",Item_3_MILK,8.00,9.00,72.00,Cash,In-store,2023-12-01,
TXN_9212145,CUST_07,Furniture,Item_11_FUR,20.00,6.00,120.00,"Digital Wallet",Online,2024-03-16,
TXN_8424740,CUST_13,Furniture,Item_10_FUR,18.50,7.00,129.50,"Credit Card",In-store,2023-10-04,
TXN_7551403,CUST_15,Beverages,Item_6_BEV,12.50,4.00,50.00,Cash,In-store,2023-12-13,
TXN_1865240,CUST_13,"Computers and electric accessories",Item_17_CEA,29.00,2.00,58.00,"Credit Card",In-store,2022-08-21,
TXN_2542225,CUST_15,"Electric household essentials",Item_13_EHE,23.00,2.00,46.00,"Digital Wallet",In-store,2023-03-24,
TXN_3721973,CUST_16,Beverages,Item_3_BEV,8.00,9.00,72.00,"Credit Card",In-store,2024-08-31,
TXN_4672858,CUST_16,"Milk Products",Item_1_MILK,5.00,2.00,10.00,"Credit Card",In-store,2024-09-05,
TXN_1210437,CUST_15,Food,Item_4_FOOD,9.50,7.00,66.50,Cash,In-store,2023-05-26,
TXN_1134786,CUST_18,"Electric household essentials",Item_17_EHE,29.00,1.00,29.00,Cash,In-store,2023-09-21,
TXN_7705072,CUST_03,Butchers,Item_13_BUT,23.00,1.00,23.00,"Digital Wallet",Online,2022-12-08,
TXN_4488427,CUST_04,Butchers,Item_20_BUT,33.50,7.00,234.50,"Credit Card",In-store,2022-05-31,
TXN_4521020,CUST_15,Butchers,Item_19_BUT,32.00,4.00,128.00,"Credit Card",In-store,2022-06-19,
TXN_3759268,CUST_19,Butchers,Item_12_BUT,21.50,1.00,21.50,"Digital Wallet",Online,2023-09-05,
TXN_6053571,CUST_04,"Computers and electric accessories",Item_25_CEA,41.00,8.00,328.00,Cash,Online,2023-03-01,
TXN_8300398,CUST_09,Furniture,Item_23_FUR,38.00,3.00,114.00,"Digital Wallet",Online,2023-08-07,
TXN_2128361,CUST_08,Furniture,Item_18_FUR,30.50,1.00,30.50,Cash,In-store,2023-07-18,
TXN_9723010,CUST_21,"Milk Products",Item_15_MILK,26.00,9.00,234.00,"Credit Card",Online,2022-01-14,
TXN_6940568,CUST_20,Patisserie,Item_25_PAT,41.00,5.00,205.00,Cash,Online,2022-08-13,
TXN_3442172,CUST_11,"Computers and electric accessories",Item_18_CEA,30.50,8.00,244.00,"Digital Wallet",In-store,2024-10-11,
TXN_6978346,CUST_17,"Milk Products",Item_16_MILK,27.50,8.00,220.00,"Credit Card",In-store,2023-04-28,
TXN_5387401,CUST_09,Food,Item_24_FOOD,39.50,4.00,158.00,"Digital Wallet",Online,2024-12-30,
TXN_9799570,CUST_24,Food,Item_2_FOOD,6.50,1.00,6.50,"Credit Card",Online,2022-02-05,
TXN_4324613,CUST_22,"Electric household essentials",Item_22_EHE,36.50,7.00,255.50,"Credit Card",Online,2022-03-01,
TXN_3234418,CUST_09,Beverages,Item_17_BEV,29.00,2.00,58.00,"Digital Wallet",In-store,2024-09-11,
TXN_5603167,CUST_10,"Milk Products",Item_15_MILK,26.00,8.00,208.00,"Digital Wallet",Online,2023-05-09,
TXN_8334587,CUST_16,Butchers,Item_22_BUT,36.50,10.00,365.00,"Digital Wallet",In-store,2023-03-25,
TXN_7877933,CUST_15,Butchers,,0.00,2.00,73.00,"Credit Card",In-store,2023-04-26,
TXN_6730526,CUST_20,Patisserie,,41.00,0.00,0.00,Cash,In-store,2022-01-07,
TXN_1471432,CUST_17,Furniture,Item_20_FUR,33.50,10.00,335.00,Cash,Online,2022-03-01,
TXN_9285109,CUST_20,"Computers and electric accessories",,0.00,2.00,64.00,Cash,In-store,2023-12-26,
TXN_4144158,CUST_25,Patisserie,Item_12_PAT,21.50,8.00,172.00,Cash,In-store,2023-10-19,
TXN_4082896,CUST_15,"Milk Products",Item_20_MILK,33.50,8.00,268.00,"Credit Card",In-store,2024-02-05,
TXN_3865377,CUST_18,Patisserie,Item_15_PAT,26.00,4.00,104.00,"Digital Wallet",Online,2023-12-13,
TXN_3303315,CUST_17,Furniture,Item_23_FUR,38.00,10.00,380.00,"Credit Card",Online,2023-11-26,
TXN_4755286,CUST_18,Food,Item_14_FOOD,24.50,1.00,24.50,Cash,Online,2022-05-27,
TXN_4379335,CUST_10,Beverages,Item_4_BEV,9.50,6.00,57.00,"Digital Wallet",Online,2024-01-19,
TXN_1611531,CUST_13,"Electric household essentials",Item_17_EHE,29.00,3.00,87.00,"Credit Card",In-store,2024-06-29,
TXN_2885167,CUST_17,"Electric household essentials",Item_7_EHE,14.00,8.00,112.00,"Credit Card",Online,2022-03-15,
TXN_1309344,CUST_03,Food,Item_24_FOOD,39.50,4.00,158.00,Cash,In-store,2024-01-30,
TXN_3411885,CUST_01,Food,Item_20_FOOD,33.50,3.00,100.50,"Digital Wallet",In-store,2024-03-21,
TXN_1537039,CUST_05,"Computers and electric accessories",Item_15_CEA,26.00,5.00,130.00,"Digital Wallet",Online,2022-06-06,
TXN_2314713,CUST_20,Patisserie,Item_12_PAT,21.50,9.00,193.50,Cash,Online,2024-08-14,
TXN_3967043,CUST_06,Beverages,Item_14_BEV,24.50,9.00,220.50,"Digital Wallet",In-store,2024-12-26,
TXN_1849169,CUST_06,"Milk Products",Item_9_MILK,17.00,3.00,51.00,"Credit Card",In-store,2023-03-15,
TXN_3648115,CUST_19,Food,Item_21_FOOD,35.00,8.00,280.00,"Credit Card",Online,2023-06-28,
TXN_5026777,CUST_19,"Milk Products",Item_8_MILK,15.50,7.00,108.50,Cash,Online,2022-12-23,
TXN_1319314,CUST_09,Butchers,Item_22_BUT,36.50,6.00,219.00,"Credit Card",Online,2025-01-13,
TXN_2624035,CUST_20,"Computers and electric accessories",Item_5_CEA,11.00,3.00,33.00,"Credit Card",Online,2022-08-23,
TXN_4832854,CUST_15,Furniture,Item_3_FUR,8.00,6.00,48.00,Cash,In-store,2022-05-14,
TXN_1505983,CUST_12,Food,Item_9_FOOD,17.00,2.00,34.00,Cash,Online,2022-04-06,
TXN_8010278,CUST_01,Food,Item_21_FOOD,35.00,5.00,175.00,Cash,Online,2023-09-27,
TXN_7459969,CUST_24,"Electric household essentials",Item_19_EHE,32.00,5.00,160.00,"Digital Wallet",Online,2024-04-27,
TXN_8094925,CUST_20,Food,Item_20_FOOD,33.50,10.00,335.00,"Credit Card",In-store,2022-09-02,
TXN_5203845,CUST_16,Beverages,,0.00,7.00,287.00,"Digital Wallet",Online,2022-11-15,
TXN_6896978,CUST_06,"Milk Products",Item_3_MILK,8.00,10.00,80.00,"Digital Wallet",Online,2022-05-29,
TXN_5005918,CUST_15,Butchers,Item_23_BUT,38.00,2.00,76.00,Cash,Online,2024-10-18,
TXN_6363176,CUST_04,Furniture,Item_2_FUR,6.50,6.00,39.00,Cash,Online,2023-09-13,
TXN_2267230,CUST_21,Beverages,Item_17_BEV,29.00,4.00,116.00,"Digital Wallet",In-store,2022-11-01,
TXN_7656897,CUST_08,Butchers,Item_23_BUT,38.00,8.00,304.00,"Credit Card",In-store,2023-01-12,
TXN_6720752,CUST_08,Butchers,Item_20_BUT,33.50,1.00,33.50,"Credit Card",Online,2024-04-12,
TXN_2651559,CUST_23,Butchers,Item_6_BUT,12.50,8.00,100.00,"Digital Wallet",In-store,2022-07-13,
TXN_8059116,CUST_25,"Milk Products",Item_4_MILK,9.50,1.00,9.50,"Digital Wallet",Online,2022-02-18,
TXN_2543088,CUST_11,Beverages,Item_21_BEV,35.00,6.00,210.00,"Digital Wallet",In-store,2022-04-17,
TXN_9553259,CUST_20,Food,Item_25_FOOD,41.00,10.00,410.00,Cash,In-store,2023-05-01,
TXN_6089183,CUST_09,Patisserie,Item_3_PAT,8.00,1.00,8.00,Cash,Online,2024-12-31,
TXN_3994804,CUST_03,Furniture,,0.00,1.00,33.50,"Credit Card",In-store,2022-01-08,
TXN_7263952,CUST_03,Furniture,Item_25_FUR,41.00,1.00,41.00,"Credit Card",Online,2022-04-12,
TXN_7517089,CUST_17,"Milk Products",Item_2_MILK,6.50,10.00,65.00,"Credit Card",In-store,2025-01-02,
TXN_4353166,CUST_16,"Computers and electric accessories",Item_2_CEA,6.50,1.00,6.50,"Credit Card",In-store,2022-06-21,
TXN_2755169,CUST_12,Patisserie,Item_2_PAT,6.50,6.00,39.00,"Digital Wallet",Online,2022-09-07,
TXN_9371962,CUST_12,"Electric household essentials",Item_25_EHE,41.00,2.00,82.00,"Digital Wallet",In-store,2022-12-30,
TXN_7095887,CUST_06,"Computers and electric accessories",Item_19_CEA,32.00,1.00,32.00,"Credit Card",In-store,2024-09-24,
TXN_7853513,CUST_08,"Computers and electric accessories",Item_15_CEA,26.00,10.00,260.00,"Digital Wallet",In-store,2023-01-14,
TXN_4522149,CUST_14,Food,Item_17_FOOD,29.00,1.00,29.00,"Digital Wallet",Online,2022-12-24,
TXN_7427224,CUST_03,Butchers,Item_13_BUT,23.00,9.00,207.00,"Digital Wallet",Online,2022-08-20,
TXN_2598069,CUST_12,Furniture,Item_20_FUR,33.50,1.00,33.50,"Credit Card",In-store,2024-01-31,
TXN_7039780,CUST_13,Furniture,Item_8_FUR,15.50,1.00,15.50,"Credit Card",In-store,2024-08-21,
TXN_3026600,CUST_14,Furniture,Item_7_FUR,14.00,4.00,56.00,"Credit Card",Online,2022-11-03,
TXN_2019445,CUST_15,"Milk Products",Item_1_MILK,5.00,10.00,50.00,"Digital Wallet",In-store,2023-11-13,
TXN_1147196,CUST_13,Food,Item_20_FOOD,33.50,5.00,167.50,"Digital Wallet",Online,2023-02-09,
TXN_9712699,CUST_11,"Milk Products",Item_6_MILK,12.50,8.00,100.00,Cash,Online,2022-09-08,
TXN_2763819,CUST_03,Beverages,,39.50,0.00,0.00,"Digital Wallet",In-store,2022-01-23,
TXN_2845336,CUST_23,Patisserie,Item_22_PAT,36.50,3.00,109.50,"Credit Card",In-store,2022-02-10,
TXN_6845710,CUST_03,"Milk Products",,0.00,2.00,40.00,"Digital Wallet",Online,2024-11-23,
TXN_6989869,CUST_16,"Computers and electric accessories",,18.50,0.00,0.00,Cash,In-store,2022-02-21,
TXN_1866665,CUST_09,Food,Item_2_FOOD,6.50,4.00,26.00,"Credit Card",Online,2024-08-22,
TXN_2325423,CUST_12,Food,,8.00,0.00,0.00,Cash,In-store,2024-12-17,
TXN_3937470,CUST_17,"Computers and electric accessories",Item_11_CEA,20.00,6.00,120.00,"Credit Card",In-store,2023-09-04,
TXN_4885762,CUST_19,"Electric household essentials",Item_21_EHE,35.00,8.00,280.00,"Digital Wallet",Online,2023-12-22,
TXN_9439778,CUST_05,Beverages,Item_12_BEV,21.50,10.00,215.00,Cash,In-store,2024-06-09,
TXN_1499569,CUST_13,Food,,29.00,0.00,0.00,"Credit Card",Online,2025-01-02,
TXN_3151678,CUST_16,Beverages,Item_21_BEV,35.00,4.00,140.00,Cash,In-store,2024-01-01,
TXN_5550602,CUST_08,Beverages,Item_3_BEV,8.00,1.00,8.00,"Credit Card",Online,2023-08-26,
TXN_3033931,CUST_09,"Milk Products",,0.00,1.00,12.50,Cash,In-store,2023-08-17,
TXN_7561034,CUST_14,"Electric household essentials",Item_4_EHE,9.50,10.00,95.00,"Credit Card",Online,2022-08-25,
TXN_9570129,CUST_10,Patisserie,Item_1_PAT,5.00,7.00,35.00,"Credit Card",Online,2024-07-13,
TXN_1619948,CUST_09,Beverages,Item_8_BEV,15.50,1.00,15.50,Cash,In-store,2022-06-08,
TXN_5995127,CUST_10,"Computers and electric accessories",Item_7_CEA,14.00,6.00,84.00,"Digital Wallet",Online,2024-09-01,
TXN_6568002,CUST_02,Beverages,Item_21_BEV,35.00,9.00,315.00,Cash,Online,2024-04-15,
TXN_6636583,CUST_20,Patisserie,Item_16_PAT,27.50,3.00,82.50,"Digital Wallet",Online,2024-01-06,
TXN_3521811,CUST_12,Patisserie,Item_17_PAT,29.00,1.00,29.00,Cash,Online,2024-09-07,
TXN_6272497,CUST_19,Patisserie,Item_14_PAT,24.50,4.00,98.00,"Credit Card",In-store,2023-07-06,
TXN_2720959,CUST_23,Butchers,Item_7_BUT,14.00,3.00,42.00,"Credit Card",Online,2024-10-22,
TXN_2284295,CUST_04,Food,Item_13_FOOD,23.00,3.00,69.00,"Digital Wallet",In-store,2022-10-24,
TXN_7378094,CUST_22,"Milk Products",,20.00,0.00,0.00,Cash,In-store,2023-12-06,
TXN_4335324,CUST_25,Food,Item_6_FOOD,12.50,2.00,25.00,Cash,Online,2022-11-03,
TXN_4495319,CUST_25,"Computers and electric accessories",,15.50,0.00,0.00,Cash,Online,2023-04-15,
TXN_7140517,CUST_24,Butchers,Item_6_BUT,12.50,1.00,12.50,Cash,In-store,2022-07-11,
TXN_7384071,CUST_07,Beverages,Item_19_BEV,32.00,10.00,320.00,Cash,In-store,2024-10-25,
TXN_9050173,CUST_09,Furniture,Item_15_FUR,26.00,2.00,52.00,"Credit Card",In-store,2024-07-29,
TXN_9101686,CUST_14,Food,Item_24_FOOD,39.50,5.00,197.50,"Digital Wallet",Online,2023-05-07,
TXN_4057646,CUST_15,Patisserie,Item_7_PAT,14.00,9.00,126.00,"Digital Wallet",In-store,2022-08-29,
TXN_4521411,CUST_24,Butchers,Item_16_BUT,27.50,4.00,110.00,"Credit Card",Online,2024-08-10,
TXN_1606488,CUST_12,Butchers,Item_12_BUT,21.50,5.00,107.50,"Credit Card",In-store,2023-09-12,
TXN_6522433,CUST_22,"Computers and electric accessories",,20.00,0.00,0.00,"Credit Card",In-store,2024-10-19,
TXN_8043987,CUST_11,Food,Item_14_FOOD,24.50,5.00,122.50,"Credit Card",Online,2024-10-23,
TXN_1011882,CUST_16,Patisserie,Item_21_PAT,35.00,2.00,70.00,Cash,In-store,2023-10-31,
TXN_6701976,CUST_12,"Electric household essentials",Item_21_EHE,35.00,6.00,210.00,"Credit Card",In-store,2023-09-24,
TXN_5051765,CUST_11,Food,Item_4_FOOD,9.50,4.00,38.00,"Credit Card",Online,2024-05-09,
TXN_6995379,CUST_11,"Milk Products",Item_19_MILK,32.00,1.00,32.00,Cash,Online,2024-08-24,
TXN_1809996,CUST_04,Butchers,Item_23_BUT,38.00,6.00,228.00,"Digital Wallet",Online,2025-01-10,
TXN_4099276,CUST_17,Beverages,,0.00,6.00,84.00,"Digital Wallet",In-store,2024-11-24,
TXN_1680727,CUST_24,"Milk Products",Item_5_MILK,11.00,2.00,22.00,"Credit Card",Online,2024-06-08,
TXN_7589131,CUST_22,Butchers,Item_22_BUT,36.50,7.00,255.50,Cash,In-store,2024-12-11,
TXN_9120906,CUST_10,"Computers and electric accessories",,21.50,0.00,0.00,"Credit Card",In-store,2024-02-13,
TXN_4134129,CUST_24,"Milk Products",Item_21_MILK,35.00,5.00,175.00,Cash,In-store,2023-04-14,
TXN_2313390,CUST_21,Patisserie,Item_5_PAT,11.00,4.00,44.00,Cash,Online,2022-02-08,
TXN_4983622,CUST_11,Patisserie,Item_15_PAT,26.00,1.00,26.00,"Credit Card",In-store,2024-10-09,
TXN_7522573,CUST_01,Beverages,Item_24_BEV,39.50,4.00,158.00,"Credit Card",Online,2022-05-22,
TXN_4750432,CUST_10,Furniture,Item_3_FUR,8.00,9.00,72.00,Cash,Online,2024-09-17,
TXN_5756331,CUST_18,Furniture,Item_23_FUR,38.00,5.00,190.00,"Credit Card",In-store,2023-08-02,
TXN_5025168,CUST_01,Butchers,Item_9_BUT,17.00,5.00,85.00,"Digital Wallet",In-store,2022-07-28,
TXN_9628331,CUST_04,Food,Item_25_FOOD,41.00,10.00,410.00,"Credit Card",Online,2022-09-03,
TXN_2895330,CUST_23,Patisserie,Item_14_PAT,24.50,10.00,245.00,Cash,Online,2022-07-12,
TXN_8345485,CUST_06,Beverages,Item_17_BEV,29.00,6.00,174.00,Cash,Online,2024-11-11,
TXN_6406070,CUST_02,Food,Item_12_FOOD,21.50,8.00,172.00,"Credit Card",Online,2024-06-08,
TXN_6557660,CUST_11,Butchers,Item_18_BUT,30.50,10.00,305.00,Cash,Online,2024-01-13,
TXN_8158197,CUST_25,"Milk Products",Item_6_MILK,12.50,10.00,125.00,"Credit Card",Online,2022-07-03,
TXN_8615053,CUST_01,"Computers and electric accessories",Item_11_CEA,20.00,7.00,140.00,"Credit Card",In-store,2024-09-08,
TXN_6929636,CUST_17,"Computers and electric accessories",,0.00,2.00,16.00,"Digital Wallet",Online,2023-11-23,
TXN_9560060,CUST_04,Food,Item_14_FOOD,24.50,2.00,49.00,"Digital Wallet",Online,2023-05-20,
TXN_6770698,CUST_18,Food,Item_10_FOOD,18.50,9.00,166.50,"Digital Wallet",Online,2023-12-04,
TXN_9951192,CUST_05,"Electric household essentials",Item_22_EHE,36.50,7.00,255.50,Cash,In-store,2024-06-27,
TXN_4000635,CUST_02,Furniture,Item_19_FUR,32.00,6.00,192.00,"Credit Card",Online,2023-12-16,
TXN_7806205,CUST_08,"Milk Products",,0.00,3.00,109.50,"Digital Wallet",In-store,2023-03-03,
TXN_2056623,CUST_01,Beverages,Item_8_BEV,15.50,2.00,31.00,Cash,In-store,2023-02-19,
TXN_6454872,CUST_03,Furniture,Item_25_FUR,41.00,7.00,287.00,Cash,In-store,2024-03-07,
TXN_5824333,CUST_18,Furniture,Item_6_FUR,12.50,6.00,75.00,"Digital Wallet",In-store,2024-07-23,
TXN_6017215,CUST_11,"Computers and electric accessories",Item_18_CEA,30.50,7.00,213.50,"Digital Wallet",Online,2024-04-08,
TXN_9649004,CUST_11,Butchers,,0.00,2.00,49.00,Cash,Online,2022-07-16,
TXN_5584686,CUST_21,"Milk Products",Item_5_MILK,11.00,10.00,110.00,Cash,In-store,2023-08-13,
TXN_2889632,CUST_19,Butchers,Item_22_BUT,36.50,2.00,73.00,"Digital Wallet",Online,2022-11-09,
TXN_9731122,CUST_15,"Milk Products",Item_6_MILK,12.50,6.00,75.00,Cash,In-store,2022-04-24,
TXN_7292564,CUST_22,Beverages,Item_8_BEV,15.50,9.00,139.50,Cash,In-store,2025-01-09,
TXN_6328740,CUST_07,"Electric household essentials",Item_25_EHE,41.00,8.00,328.00,"Credit Card",Online,2024-07-29,
TXN_4141134,CUST_15,Food,Item_8_FOOD,15.50,3.00,46.50,Cash,In-store,2024-01-04,
TXN_3861764,CUST_09,"Milk Products",Item_18_MILK,30.50,8.00,244.00,Cash,In-store,2023-08-29,
TXN_4715547,CUST_19,"Computers and electric accessories",Item_5_CEA,11.00,6.00,66.00,"Digital Wallet",In-store,2022-09-01,
TXN_2942406,CUST_21,Patisserie,Item_1_PAT,5.00,5.00,25.00,Cash,In-store,2022-02-26,
TXN_6055420,CUST_24,Furniture,Item_13_FUR,23.00,2.00,46.00,"Digital Wallet",Online,2023-11-22,
TXN_4844992,CUST_14,"Milk Products",Item_7_MILK,14.00,6.00,84.00,"Digital Wallet",Online,2022-08-11,
TXN_9672266,CUST_22,Butchers,Item_4_BUT,9.50,3.00,28.50,"Digital Wallet",In-store,2023-06-24,
TXN_1776674,CUST_07,Beverages,Item_20_BEV,33.50,5.00,167.50,Cash,In-store,2024-08-20,
TXN_5113509,CUST_02,Furniture,Item_24_FUR,39.50,9.00,355.50,Cash,In-store,2022-07-21,
TXN_2384499,CUST_18,"Electric household essentials",Item_25_EHE,41.00,8.00,328.00,Cash,In-store,2024-12-13,
TXN_4418483,CUST_10,"Milk Products",Item_3_MILK,8.00,8.00,64.00,"Credit Card",In-store,2022-04-22,
TXN_2501304,CUST_14,Beverages,,15.50,0.00,0.00,"Credit Card",In-store,2024-07-14,
TXN_6890854,CUST_16,Beverages,Item_8_BEV,15.50,7.00,108.50,Cash,Online,2022-02-28,
TXN_8652929,CUST_19,Furniture,Item_11_FUR,20.00,8.00,160.00,"Digital Wallet",In-store,2023-05-05,
TXN_9236550,CUST_22,Furniture,Item_1_FUR,5.00,7.00,35.00,"Credit Card",Online,2022-02-20,
TXN_3471500,CUST_13,Food,Item_13_FOOD,23.00,8.00,184.00,Cash,In-store,2022-03-01,
TXN_5282091,CUST_21,Patisserie,Item_20_PAT,33.50,8.00,268.00,"Credit Card",In-store,2023-01-13,
TXN_2520240,CUST_19,Furniture,Item_5_FUR,11.00,4.00,44.00,Cash,In-store,2023-02-17,
TXN_6680454,CUST_25,"Electric household essentials",Item_5_EHE,11.00,8.00,88.00,Cash,In-store,2022-03-14,
TXN_2085906,CUST_09,Patisserie,Item_7_PAT,14.00,10.00,140.00,"Digital Wallet",Online,2024-02-19,
TXN_5400225,CUST_04,"Electric household essentials",Item_18_EHE,30.50,8.00,244.00,Cash,Online,2023-06-14,
TXN_5495475,CUST_06,"Electric household essentials",Item_11_EHE,20.00,5.00,100.00,"Credit Card",Online,2022-06-11,
TXN_9452917,CUST_23,Patisserie,Item_12_PAT,21.50,7.00,150.50,Cash,Online,2024-08-02,
TXN_8404205,CUST_25,Beverages,Item_25_BEV,41.00,3.00,123.00,Cash,Online,2022-04-28,
TXN_3843440,CUST_20,Food,Item_12_FOOD,21.50,8.00,172.00,Cash,Online,2024-05-02,
TXN_7094738,CUST_10,"Computers and electric accessories",Item_9_CEA,17.00,2.00,34.00,"Digital Wallet",Online,2024-09-10,
TXN_3772788,CUST_04,Food,Item_4_FOOD,9.50,1.00,9.50,Cash,In-store,2024-06-11,
TXN_1404576,CUST_01,Butchers,Item_17_BUT,29.00,5.00,145.00,Cash,In-store,2023-03-26,
TXN_9364579,CUST_25,Beverages,Item_7_BEV,14.00,3.00,42.00,"Digital Wallet",In-store,2023-04-26,
TXN_7415965,CUST_23,"Electric household essentials",Item_5_EHE,11.00,8.00,88.00,Cash,In-store,2023-09-19,
TXN_7078920,CUST_07,Butchers,Item_7_BUT,14.00,7.00,98.00,"Credit Card",Online,2024-07-10,
TXN_9102767,CUST_14,Food,Item_13_FOOD,23.00,9.00,207.00,Cash,Online,2024-05-31,
TXN_8677921,CUST_09,"Computers and electric accessories",Item_5_CEA,11.00,3.00,33.00,"Credit Card",In-store,2022-05-09,
TXN_4674560,CUST_06,"Electric household essentials",Item_22_EHE,36.50,9.00,328.50,"Digital Wallet",Online,2022-08-19,
TXN_7586988,CUST_22,Beverages,Item_2_BEV,6.50,3.00,19.50,Cash,Online,2022-03-15,
TXN_3905353,CUST_09,Furniture,Item_6_FUR,12.50,2.00,25.00,Cash,In-store,2023-12-12,
TXN_4916417,CUST_08,Beverages,Item_17_BEV,29.00,8.00,232.00,"Credit Card",In-store,2023-11-05,
TXN_4950257,CUST_01,Beverages,Item_12_BEV,21.50,2.00,43.00,"Digital Wallet",In-store,2023-01-10,
TXN_4219435,CUST_23,Food,,15.50,0.00,0.00,"Digital Wallet",Online,2022-10-07,
TXN_6517884,CUST_20,"Computers and electric accessories",Item_19_CEA,32.00,6.00,192.00,"Digital Wallet",Online,2024-05-23,
TXN_9713810,CUST_14,Furniture,Item_23_FUR,38.00,3.00,114.00,"Credit Card",In-store,2022-03-07,
TXN_5739434,CUST_05,"Electric household essentials",Item_13_EHE,23.00,2.00,46.00,"Credit Card",In-store,2022-04-15,
TXN_5810308,CUST_13,Food,Item_9_FOOD,17.00,3.00,51.00,Cash,Online,2023-06-08,
TXN_9547089,CUST_21,"Milk Products",Item_18_MILK,30.50,4.00,122.00,"Credit Card",In-store,2023-01-14,
TXN_4105792,CUST_02,Furniture,Item_2_FUR,6.50,9.00,58.50,Cash,Online,2023-10-14,
TXN_2716764,CUST_18,Beverages,Item_12_BEV,21.50,9.00,193.50,"Digital Wallet",In-store,2022-10-25,
TXN_6437047,CUST_03,"Electric household essentials",,0.00,7.00,255.50,Cash,Online,2023-03-28,
TXN_9583443,CUST_03,Furniture,Item_8_FUR,15.50,10.00,155.00,"Credit Card",In-store,2023-05-01,
TXN_7811299,CUST_05,Butchers,Item_20_BUT,33.50,3.00,100.50,Cash,Online,2023-07-21,
TXN_6829963,CUST_03,Food,Item_9_FOOD,17.00,4.00,68.00,Cash,Online,2023-12-31,
TXN_9427980,CUST_12,Beverages,,0.00,8.00,124.00,Cash,Online,2023-06-22,
TXN_1593463,CUST_08,"Electric household essentials",Item_21_EHE,35.00,7.00,245.00,"Credit Card",In-store,2022-11-27,
TXN_4984048,CUST_08,"Electric household essentials",Item_25_EHE,41.00,5.00,205.00,"Credit Card",In-store,2022-02-27,
TXN_5369691,CUST_24,Food,Item_6_FOOD,12.50,5.00,62.50,Cash,Online,2022-02-16,
TXN_6046922,CUST_10,Food,Item_21_FOOD,35.00,7.00,245.00,Cash,Online,2023-08-21,
TXN_3592627,CUST_03,Furniture,Item_2_FUR,6.50,4.00,26.00,Cash,Online,2024-08-28,
TXN_3521719,CUST_22,Patisserie,,39.50,0.00,0.00,Cash,In-store,2022-10-15,
TXN_7660981,CUST_19,"Computers and electric accessories",Item_13_CEA,23.00,5.00,115.00,"Digital Wallet",Online,2023-05-26,
TXN_4796001,CUST_01,Beverages,Item_7_BEV,14.00,1.00,14.00,Cash,Online,2024-02-13,
TXN_7585393,CUST_24,Patisserie,Item_18_PAT,30.50,10.00,305.00,"Credit Card",In-store,2022-01-26,
TXN_4269803,CUST_15,Furniture,Item_19_FUR,32.00,10.00,320.00,Cash,Online,2022-08-27,
TXN_2875355,CUST_16,Furniture,Item_8_FUR,15.50,8.00,124.00,"Digital Wallet",Online,2024-01-18,
TXN_9268528,CUST_13,"Electric household essentials",Item_23_EHE,38.00,8.00,304.00,Cash,Online,2024-03-25,
TXN_8746722,CUST_25,Beverages,Item_12_BEV,21.50,10.00,215.00,Cash,In-store,2022-11-24,
TXN_3485437,CUST_25,"Computers and electric accessories",Item_2_CEA,6.50,10.00,65.00,"Credit Card",Online,2023-07-12,
TXN_5451304,CUST_14,Furniture,Item_4_FUR,9.50,1.00,9.50,"Digital Wallet",Online,2022-07-21,
TXN_5625570,CUST_05,Patisserie,Item_11_PAT,20.00,1.00,20.00,"Digital Wallet",Online,2024-07-16,
TXN_2544376,CUST_05,Food,Item_11_FOOD,20.00,2.00,40.00,"Credit Card",In-store,2024-01-31,
TXN_2543415,CUST_11,Furniture,Item_8_FUR,15.50,7.00,108.50,Cash,In-store,2022-08-08,
TXN_5648628,CUST_22,Patisserie,Item_4_PAT,9.50,3.00,28.50,Cash,Online,2024-03-22,
TXN_8147389,CUST_14,"Electric household essentials",Item_15_EHE,26.00,5.00,130.00,"Digital Wallet",In-store,2023-12-02,
TXN_5512150,CUST_21,Butchers,Item_20_BUT,33.50,2.00,67.00,Cash,Online,2024-04-17,
TXN_7276508,CUST_15,Furniture,Item_5_FUR,11.00,7.00,77.00,Cash,In-store,2022-11-25,
TXN_2217778,CUST_12,Furniture,Item_18_FUR,30.50,8.00,244.00,"Digital Wallet",In-store,2024-12-19,
TXN_8483818,CUST_15,Furniture,Item_25_FUR,41.00,4.00,164.00,"Digital Wallet",In-store,2024-03-03,
TXN_4848182,CUST_21,Food,,0.00,4.00,146.00,"Credit Card",Online,2023-09-11,
TXN_1512841,CUST_15,Food,Item_13_FOOD,23.00,1.00,23.00,Cash,Online,2023-09-12,
TXN_4824204,CUST_22,"Electric household essentials",Item_15_EHE,26.00,4.00,104.00,"Digital Wallet",Online,2023-04-24,
TXN_2649541,CUST_18,Butchers,Item_21_BUT,35.00,7.00,245.00,Cash,Online,2022-12-28,
TXN_8116349,CUST_01,"Milk Products",Item_19_MILK,32.00,7.00,224.00,"Digital Wallet",Online,2024-11-02,
TXN_9361358,CUST_13,Food,,0.00,5.00,115.00,"Credit Card",In-store,2023-05-11,
TXN_1159099,CUST_11,"Computers and electric accessories",Item_17_CEA,29.00,5.00,145.00,Cash,Online,2023-06-08,
TXN_2023399,CUST_19,"Milk Products",Item_11_MILK,20.00,7.00,140.00,Cash,Online,2024-09-12,
TXN_8619540,CUST_11,"Electric household essentials",Item_25_EHE,41.00,5.00,205.00,"Digital Wallet",In-store,2022-07-17,
TXN_2258558,CUST_17,Beverages,,15.50,0.00,0.00,Cash,In-store,2023-11-23,
TXN_9592834,CUST_08,Patisserie,Item_15_PAT,26.00,5.00,130.00,"Credit Card",Online,2022-07-22,
TXN_3184534,CUST_21,Food,Item_11_FOOD,20.00,5.00,100.00,"Digital Wallet",In-store,2022-02-20,
TXN_1384004,CUST_25,Butchers,Item_17_BUT,29.00,3.00,87.00,Cash,Online,2023-07-15,
TXN_6860798,CUST_17,"Computers and electric accessories",Item_10_CEA,18.50,1.00,18.50,Cash,In-store,2024-09-05,
TXN_1135523,CUST_04,"Electric household essentials",Item_20_EHE,33.50,6.00,201.00,"Credit Card",In-store,2024-08-04,
TXN_7673230,CUST_22,Patisserie,Item_17_PAT,29.00,5.00,145.00,"Digital Wallet",Online,2024-06-25,
TXN_6420393,CUST_24,Patisserie,Item_17_PAT,29.00,10.00,290.00,Cash,Online,2022-03-14,
TXN_1136214,CUST_25,Furniture,Item_2_FUR,6.50,4.00,26.00,Cash,Online,2023-08-06,
TXN_2850454,CUST_23,Furniture,Item_20_FUR,33.50,9.00,301.50,"Credit Card",In-store,2023-01-17,
TXN_7399472,CUST_20,"Milk Products",Item_7_MILK,14.00,3.00,42.00,Cash,Online,2023-02-15,
TXN_8240192,CUST_02,Furniture,Item_15_FUR,26.00,3.00,78.00,"Digital Wallet",In-store,2024-04-10,
TXN_4617868,CUST_22,Food,Item_24_FOOD,39.50,6.00,237.00,Cash,In-store,2022-06-03,
TXN_5045913,CUST_01,Furniture,Item_23_FUR,38.00,4.00,152.00,"Digital Wallet",Online,2022-10-17,
TXN_9094247,CUST_06,Beverages,Item_2_BEV,6.50,4.00,26.00,"Credit Card",In-store,2022-09-03,
TXN_3475226,CUST_12,Patisserie,Item_23_PAT,38.00,7.00,266.00,"Digital Wallet",Online,2022-01-19,
TXN_5208918,CUST_07,Beverages,Item_16_BEV,27.50,6.00,165.00,Cash,In-store,2022-12-09,
TXN_6113330,CUST_23,Patisserie,Item_10_PAT,18.50,8.00,148.00,Cash,In-store,2022-05-18,
TXN_6801089,CUST_06,Patisserie,Item_18_PAT,30.50,3.00,91.50,"Digital Wallet",In-store,2022-11-20,
TXN_2478548,CUST_19,Patisserie,Item_12_PAT,21.50,4.00,86.00,"Digital Wallet",In-store,2024-07-27,
TXN_8653885,CUST_12,Food,,0.00,7.00,182.00,"Credit Card",Online,2022-03-29,
TXN_8400840,CUST_03,Butchers,Item_11_BUT,20.00,2.00,40.00,"Digital Wallet",In-store,2023-01-24,
TXN_3053284,CUST_05,Butchers,Item_7_BUT,14.00,1.00,14.00,"Credit Card",In-store,2024-05-13,
TXN_2055325,CUST_12,"Milk Products",Item_11_MILK,20.00,7.00,140.00,"Digital Wallet",In-store,2023-07-25,
TXN_6923329,CUST_08,"Electric household essentials",Item_17_EHE,29.00,6.00,174.00,"Digital Wallet",Online,2023-04-10,
TXN_3747617,CUST_12,Butchers,Item_3_BUT,8.00,5.00,40.00,"Digital Wallet",Online,2023-09-18,
TXN_4457834,CUST_10,Beverages,Item_6_BEV,12.50,1.00,12.50,"Credit Card",In-store,2024-02-06,
TXN_3277766,CUST_06,Furniture,Item_1_FUR,5.00,7.00,35.00,"Credit Card",In-store,2023-04-23,
TXN_1438632,CUST_09,"Milk Products",Item_9_MILK,17.00,9.00,153.00,"Digital Wallet",In-store,2022-10-25,
TXN_3347862,CUST_02,Butchers,Item_9_BUT,17.00,10.00,170.00,"Credit Card",Online,2022-06-12,
TXN_8519447,CUST_20,"Electric household essentials",Item_15_EHE,26.00,4.00,104.00,"Credit Card",In-store,2024-07-31,
TXN_7987328,CUST_21,"Computers and electric accessories",Item_10_CEA,18.50,3.00,55.50,"Credit Card",Online,2022-08-19,
TXN_4761311,CUST_08,Beverages,Item_22_BEV,36.50,10.00,365.00,Cash,In-store,2022-10-15,
TXN_9198301,CUST_04,"Computers and electric accessories",Item_19_CEA,32.00,8.00,256.00,"Digital Wallet",In-store,2024-06-25,
TXN_9218985,CUST_07,Butchers,Item_25_BUT,41.00,7.00,287.00,Cash,Online,2023-11-09,
TXN_5361549,CUST_13,"Computers and electric accessories",Item_14_CEA,24.50,8.00,196.00,"Digital Wallet",Online,2022-07-13,
TXN_9359126,CUST_08,Beverages,Item_16_BEV,27.50,6.00,165.00,"Credit Card",In-store,2023-02-25,
TXN_4822005,CUST_10,Food,,0.00,8.00,268.00,"Credit Card",Online,2023-02-26,
TXN_1246620,CUST_22,Patisserie,Item_11_PAT,20.00,6.00,120.00,Cash,In-store,2024-06-23,
TXN_7867022,CUST_04,"Electric household essentials",Item_17_EHE,29.00,4.00,116.00,"Credit Card",In-store,2023-12-31,
TXN_1122490,CUST_06,Butchers,Item_6_BUT,12.50,6.00,75.00,"Credit Card",Online,2023-11-30,
TXN_9716704,CUST_22,Patisserie,Item_4_PAT,9.50,3.00,28.50,"Digital Wallet",In-store,2024-07-27,
TXN_3584590,CUST_25,Beverages,Item_14_BEV,24.50,5.00,122.50,Cash,Online,2023-09-05,
TXN_4189884,CUST_09,Food,Item_4_FOOD,9.50,3.00,28.50,Cash,Online,2024-12-29,
TXN_3449156,CUST_07,Beverages,Item_25_BEV,41.00,5.00,205.00,"Digital Wallet",In-store,2022-10-22,
TXN_6252321,CUST_03,Butchers,Item_1_BUT,5.00,10.00,50.00,"Credit Card",Online,2023-01-06,
TXN_5623265,CUST_10,Food,Item_20_FOOD,33.50,1.00,33.50,Cash,Online,2023-06-05,
TXN_1188617,CUST_04,Food,Item_14_FOOD,24.50,1.00,24.50,"Credit Card",In-store,2024-02-19,
TXN_7265411,CUST_08,Patisserie,Item_12_PAT,21.50,3.00,64.50,Cash,In-store,2023-09-14,
TXN_6384068,CUST_09,Beverages,Item_16_BEV,27.50,8.00,220.00,Cash,In-store,2022-06-13,
TXN_3237512,CUST_12,Food,Item_12_FOOD,21.50,9.00,193.50,Cash,In-store,2024-08-12,
TXN_7377726,CUST_05,Beverages,Item_23_BEV,38.00,7.00,266.00,Cash,In-store,2024-11-08,
TXN_7384665,CUST_14,Furniture,Item_5_FUR,11.00,3.00,33.00,"Digital Wallet",Online,2024-07-27,
TXN_1580488,CUST_13,Beverages,Item_25_BEV,41.00,9.00,369.00,"Credit Card",In-store,2024-08-20,
TXN_4459903,CUST_24,Food,Item_25_FOOD,41.00,4.00,164.00,"Credit Card",In-store,2023-04-12,
TXN_6950924,CUST_05,Butchers,Item_17_BUT,29.00,7.00,203.00,"Digital Wallet",Online,2022-02-12,
TXN_5842189,CUST_02,Patisserie,Item_9_PAT,17.00,6.00,102.00,"Digital Wallet",Online,2023-01-18,
TXN_6004569,CUST_03,"Milk Products",Item_4_MILK,9.50,6.00,57.00,"Credit Card",In-store,2024-07-17,
TXN_9135404,CUST_06,Food,Item_21_FOOD,35.00,8.00,280.00,Cash,Online,2024-03-25,
TXN_2781560,CUST_05,Food,Item_12_FOOD,21.50,2.00,43.00,"Digital Wallet",Online,2024-02-06,
TXN_5526938,CUST_20,Patisserie,Item_11_PAT,20.00,3.00,60.00,"Credit Card",In-store,2022-12-31,
TXN_2041673,CUST_10,Furniture,Item_17_FUR,29.00,7.00,203.00,"Digital Wallet",In-store,2023-05-27,
TXN_4130909,CUST_21,Furniture,Item_15_FUR,26.00,10.00,260.00,"Digital Wallet",In-store,2022-07-08,
TXN_1010976,CUST_07,"Computers and electric accessories",Item_12_CEA,21.50,5.00,107.50,"Digital Wallet",In-store,2022-06-30,
TXN_3927009,CUST_25,Butchers,Item_25_BUT,41.00,3.00,123.00,"Credit Card",In-store,2022-05-29,
TXN_9862828,CUST_18,Butchers,Item_22_BUT,36.50,1.00,36.50,"Digital Wallet",In-store,2025-01-03,
TXN_4783225,CUST_15,"Electric household essentials",Item_25_EHE,41.00,5.00,205.00,"Digital Wallet",In-store,2023-07-08,
TXN_4523181,CUST_14,"Computers and electric accessories",Item_9_CEA,17.00,1.00,17.00,Cash,Online,2022-08-11,
TXN_5132787,CUST_10,"Electric household essentials",Item_10_EHE,18.50,5.00,92.50,"Credit Card",Online,2023-06-12,
TXN_1993111,CUST_06,"Milk Products",Item_16_MILK,27.50,5.00,137.50,"Digital Wallet",In-store,2023-09-18,
TXN_2404874,CUST_05,Patisserie,Item_7_PAT,14.00,10.00,140.00,"Digital Wallet",In-store,2024-08-16,
TXN_8756425,CUST_16,Patisserie,Item_8_PAT,15.50,1.00,15.50,Cash,In-store,2024-12-20,
TXN_8332080,CUST_08,"Milk Products",,0.00,7.00,192.50,"Digital Wallet",Online,2024-08-27,
TXN_4649181,CUST_17,"Computers and electric accessories",Item_10_CEA,18.50,9.00,166.50,Cash,In-store,2024-09-22,
TXN_5985386,CUST_12,"Electric household essentials",Item_1_EHE,5.00,1.00,5.00,Cash,In-store,2023-01-03,
TXN_3811009,CUST_03,Beverages,Item_22_BEV,36.50,5.00,182.50,"Credit Card",In-store,2023-06-12,
TXN_4264920,CUST_22,"Milk Products",Item_17_MILK,29.00,6.00,174.00,Cash,Online,2022-02-04,
TXN_2678332,CUST_19,Food,Item_14_FOOD,24.50,9.00,220.50,Cash,Online,2023-01-20,
TXN_8293931,CUST_24,Butchers,Item_23_BUT,38.00,5.00,190.00,"Credit Card",Online,2022-02-23,
TXN_5678337,CUST_20,Beverages,Item_15_BEV,26.00,8.00,208.00,Cash,Online,2022-01-11,
TXN_4665834,CUST_04,"Milk Products",Item_5_MILK,11.00,8.00,88.00,"Credit Card",Online,2023-12-05,
TXN_6448726,CUST_10,Butchers,Item_3_BUT,8.00,10.00,80.00,"Credit Card",In-store,2022-12-07,
TXN_7180171,CUST_09,"Computers and electric accessories",Item_20_CEA,33.50,6.00,201.00,"Digital Wallet",Online,2022-06-05,
TXN_7042127,CUST_11,"Milk Products",Item_5_MILK,11.00,9.00,99.00,"Digital Wallet",In-store,2024-07-13,
TXN_9484621,CUST_04,"Milk Products",Item_23_MILK,38.00,1.00,38.00,"Credit Card",Online,2022-06-10,
TXN_1537955,CUST_01,Butchers,Item_24_BUT,39.50,9.00,355.50,"Credit Card",Online,2022-03-23,
TXN_2481222,CUST_09,Beverages,Item_25_BEV,41.00,8.00,328.00,Cash,Online,2023-01-10,
TXN_6457506,CUST_11,Furniture,Item_7_FUR,14.00,1.00,14.00,"Digital Wallet",In-store,2023-04-15,
TXN_2411272,CUST_25,Patisserie,Item_6_PAT,12.50,3.00,37.50,"Digital Wallet",Online,2024-02-10,
TXN_1083965,CUST_15,Patisserie,Item_6_PAT,12.50,8.00,100.00,"Credit Card",Online,2024-04-11,
TXN_2507911,CUST_25,Furniture,Item_11_FUR,20.00,1.00,20.00,Cash,Online,2023-10-13,
TXN_2661507,CUST_07,Patisserie,Item_20_PAT,33.50,4.00,134.00,"Digital Wallet",Online,2022-10-16,
TXN_7880395,CUST_20,Furniture,Item_6_FUR,12.50,8.00,100.00,"Digital Wallet",In-store,2024-10-06,
TXN_5599144,CUST_05,Patisserie,,30.50,0.00,0.00,Cash,In-store,2022-09-11,
TXN_7722927,CUST_14,"Milk Products",Item_8_MILK,15.50,6.00,93.00,Cash,Online,2023-04-10,
TXN_1679439,CUST_10,"Milk Products",,36.50,0.00,0.00,Cash,Online,2023-11-01,
TXN_8844263,CUST_21,"Computers and electric accessories",Item_1_CEA,5.00,8.00,40.00,Cash,In-store,2023-06-29,
TXN_1967088,CUST_07,Patisserie,Item_10_PAT,18.50,4.00,74.00,"Credit Card",In-store,2022-01-18,
TXN_8048553,CUST_04,"Electric household essentials",Item_8_EHE,15.50,5.00,77.50,Cash,In-store,2024-08-08,
TXN_7288545,CUST_22,Butchers,Item_25_BUT,41.00,1.00,41.00,"Digital Wallet",Online,2022-07-18,
TXN_5504141,CUST_16,Patisserie,Item_23_PAT,38.00,5.00,190.00,"Digital Wallet",Online,2024-11-30,
TXN_2594009,CUST_21,Butchers,Item_2_BUT,6.50,1.00,6.50,"Digital Wallet",In-store,2023-11-13,
TXN_6145877,CUST_20,"Computers and electric accessories",Item_9_CEA,17.00,4.00,68.00,Cash,Online,2024-10-15,
TXN_2559484,CUST_04,"Computers and electric accessories",,0.00,9.00,112.50,Cash,In-store,2022-04-15,
TXN_5074325,CUST_11,Furniture,Item_18_FUR,30.50,3.00,91.50,"Credit Card",Online,2024-04-24,
TXN_6639197,CUST_10,"Electric household essentials",Item_23_EHE,38.00,4.00,152.00,"Digital Wallet",Online,2023-06-20,
TXN_8967409,CUST_16,Patisserie,Item_12_PAT,21.50,7.00,150.50,"Digital Wallet",Online,2023-03-13,
TXN_4266611,CUST_13,Butchers,Item_11_BUT,20.00,3.00,60.00,"Credit Card",Online,2024-06-04,
TXN_2232291,CUST_18,Furniture,Item_25_FUR,41.00,8.00,328.00,Cash,Online,2024-04-01,
TXN_7603720,CUST_14,Food,Item_13_FOOD,23.00,5.00,115.00,Cash,Online,2022-05-25,
TXN_1521429,CUST_10,"Electric household essentials",Item_8_EHE,15.50,3.00,46.50,"Credit Card",Online,2024-02-29,
TXN_3982982,CUST_05,Beverages,Item_2_BEV,6.50,3.00,19.50,Cash,In-store,2022-11-25,
TXN_2568387,CUST_16,"Milk Products",Item_12_MILK,21.50,8.00,172.00,"Credit Card",In-store,2024-05-17,
TXN_3277279,CUST_15,Butchers,Item_16_BUT,27.50,8.00,220.00,"Digital Wallet",Online,2023-10-24,
TXN_4516306,CUST_02,Food,Item_13_FOOD,23.00,6.00,138.00,Cash,In-store,2023-07-28,
TXN_3656019,CUST_08,Furniture,Item_20_FUR,33.50,4.00,134.00,"Digital Wallet",Online,2022-05-05,
TXN_7641024,CUST_17,Butchers,Item_12_BUT,21.50,2.00,43.00,"Credit Card",In-store,2023-12-01,
TXN_2900952,CUST_20,"Computers and electric accessories",Item_16_CEA,27.50,3.00,82.50,"Digital Wallet",In-store,2023-10-31,
TXN_1906467,CUST_10,Patisserie,Item_2_PAT,6.50,10.00,65.00,Cash,Online,2022-10-23,
TXN_2571191,CUST_04,"Electric household essentials",Item_4_EHE,9.50,3.00,28.50,"Digital Wallet",In-store,2023-07-28,
TXN_1449007,CUST_09,"Milk Products",Item_16_MILK,27.50,5.00,137.50,Cash,Online,2023-06-20,
TXN_2605899,CUST_24,"Electric household essentials",Item_9_EHE,17.00,1.00,17.00,Cash,In-store,2022-04-21,
TXN_9671259,CUST_13,Furniture,Item_8_FUR,15.50,6.00,93.00,"Digital Wallet",In-store,2022-07-08,
TXN_7439310,CUST_20,Food,Item_20_FOOD,33.50,9.00,301.50,"Credit Card",Online,2023-04-17,
TXN_1659899,CUST_05,"Milk Products",Item_23_MILK,38.00,5.00,190.00,Cash,In-store,2024-04-10,
TXN_3943992,CUST_11,Butchers,Item_5_BUT,11.00,3.00,33.00,Cash,Online,2023-07-01,
TXN_8044350,CUST_19,"Electric household essentials",Item_8_EHE,15.50,8.00,124.00,"Credit Card",In-store,2024-02-08,
TXN_3693569,CUST_08,Patisserie,Item_6_PAT,12.50,6.00,75.00,"Credit Card",In-store,2024-10-29,
TXN_3246313,CUST_23,Patisserie,,14.00,0.00,0.00,"Digital Wallet",Online,2024-01-11,
TXN_7472571,CUST_08,"Electric household essentials",Item_9_EHE,17.00,10.00,170.00,"Credit Card",In-store,2023-06-19,
TXN_9106695,CUST_21,"Milk Products",Item_23_MILK,38.00,7.00,266.00,"Credit Card",Online,2022-04-26,
TXN_6646935,CUST_19,Patisserie,Item_17_PAT,29.00,9.00,261.00,"Digital Wallet",Online,2023-03-05,
TXN_8269734,CUST_02,Beverages,Item_8_BEV,15.50,4.00,62.00,"Credit Card",In-store,2024-07-06,
TXN_7376932,CUST_15,"Milk Products",Item_1_MILK,5.00,3.00,15.00,"Credit Card",In-store,2024-02-12,
TXN_7334901,CUST_07,"Electric household essentials",Item_5_EHE,11.00,9.00,99.00,Cash,In-store,2023-05-25,
TXN_8198762,CUST_25,"Milk Products",Item_24_MILK,39.50,7.00,276.50,Cash,In-store,2023-01-17,
TXN_7437163,CUST_14,Patisserie,Item_24_PAT,39.50,7.00,276.50,"Credit Card",Online,2024-11-07,
TXN_8233288,CUST_07,"Computers and electric accessories",Item_5_CEA,11.00,2.00,22.00,"Credit Card",In-store,2022-11-26,
TXN_4062346,CUST_24,Beverages,Item_17_BEV,29.00,9.00,261.00,"Digital Wallet",Online,2024-03-12,
TXN_8620953,CUST_14,Furniture,Item_17_FUR,29.00,6.00,174.00,"Digital Wallet",Online,2022-11-10,
TXN_2366280,CUST_11,Patisserie,Item_14_PAT,24.50,4.00,98.00,Cash,In-store,2024-03-20,
TXN_7274101,CUST_21,Patisserie,Item_12_PAT,21.50,5.00,107.50,"Digital Wallet",In-store,2024-04-10,
TXN_1054994,CUST_11,"Computers and electric accessories",Item_7_CEA,14.00,10.00,140.00,"Digital Wallet",Online,2023-09-05,
TXN_2801305,CUST_04,Butchers,,27.50,0.00,0.00,Cash,Online,2022-06-26,
TXN_9718198,CUST_02,"Electric household essentials",Item_20_EHE,33.50,6.00,201.00,"Digital Wallet",Online,2023-11-22,
TXN_8343684,CUST_17,Furniture,Item_16_FUR,27.50,6.00,165.00,Cash,Online,2023-05-17,
TXN_2138636,CUST_03,"Electric household essentials",Item_8_EHE,15.50,6.00,93.00,"Credit Card",In-store,2023-06-16,
TXN_5830519,CUST_03,Patisserie,Item_2_PAT,6.50,4.00,26.00,Cash,Online,2022-07-22,
TXN_4647619,CUST_19,Butchers,Item_23_BUT,38.00,10.00,380.00,Cash,In-store,2024-12-12,
TXN_6297431,CUST_01,"Electric household essentials",Item_21_EHE,35.00,9.00,315.00,"Digital Wallet",Online,2024-06-04,
TXN_4607272,CUST_19,"Computers and electric accessories",Item_9_CEA,17.00,7.00,119.00,Cash,Online,2024-04-13,
TXN_8714514,CUST_04,Patisserie,,0.00,7.00,98.00,"Digital Wallet",In-store,2022-08-19,
TXN_1276028,CUST_16,"Milk Products",Item_13_MILK,23.00,4.00,92.00,"Digital Wallet",Online,2023-06-09,
TXN_1524960,CUST_22,Food,Item_2_FOOD,6.50,3.00,19.50,Cash,Online,2025-01-01,
TXN_3878879,CUST_03,"Computers and electric accessories",,0.00,9.00,288.00,"Digital Wallet",In-store,2022-01-22,
TXN_2193873,CUST_21,Food,Item_11_FOOD,20.00,5.00,100.00,Cash,Online,2024-02-08,
TXN_8638277,CUST_16,"Electric household essentials",Item_9_EHE,17.00,2.00,34.00,Cash,In-store,2024-04-09,
TXN_6433419,CUST_01,Patisserie,Item_12_PAT,21.50,2.00,43.00,"Digital Wallet",Online,2024-06-19,
TXN_4047741,CUST_10,"Electric household essentials",Item_23_EHE,38.00,5.00,190.00,Cash,Online,2022-12-25,
TXN_3932706,CUST_03,"Computers and electric accessories",Item_3_CEA,8.00,2.00,16.00,"Digital Wallet",Online,2024-10-19,
TXN_3562995,CUST_04,"Computers and electric accessories",Item_12_CEA,21.50,8.00,172.00,"Digital Wallet",Online,2024-02-25,
TXN_9898371,CUST_01,Butchers,Item_1_BUT,5.00,2.00,10.00,"Credit Card",Online,2024-11-29,
TXN_7938943,CUST_02,"Computers and electric accessories",Item_7_CEA,14.00,10.00,140.00,Cash,In-store,2023-05-09,
TXN_8098794,CUST_07,"Milk Products",Item_2_MILK,6.50,9.00,58.50,Cash,In-store,2022-03-15,
TXN_4297005,CUST_03,Patisserie,Item_20_PAT,33.50,7.00,234.50,Cash,In-store,2023-04-02,
TXN_7163146,CUST_20,Furniture,Item_8_FUR,15.50,1.00,15.50,Cash,Online,2022-04-12,
TXN_7071724,CUST_21,"Computers and electric accessories",Item_22_CEA,36.50,7.00,255.50,"Digital Wallet",Online,2023-08-29,
TXN_3827227,CUST_25,"Milk Products",Item_2_MILK,6.50,2.00,13.00,"Digital Wallet",In-store,2022-05-14,
TXN_5352821,CUST_16,Patisserie,Item_13_PAT,23.00,2.00,46.00,"Credit Card",Online,2024-07-13,
TXN_7645237,CUST_02,"Computers and electric accessories",Item_6_CEA,12.50,2.00,25.00,"Credit Card",Online,2024-08-09,
TXN_4966895,CUST_09,Food,Item_19_FOOD,32.00,9.00,288.00,Cash,Online,2024-10-15,
TXN_3180537,CUST_20,"Computers and electric accessories",Item_2_CEA,6.50,4.00,26.00,Cash,Online,2022-04-06,
TXN_1997401,CUST_18,Patisserie,Item_13_PAT,23.00,7.00,161.00,"Digital Wallet",Online,2022-02-22,
TXN_9407903,CUST_06,"Computers and electric accessories",Item_2_CEA,6.50,2.00,13.00,Cash,Online,2023-09-14,
TXN_2830652,CUST_22,"Milk Products",Item_13_MILK,23.00,7.00,161.00,"Credit Card",In-store,2022-07-19,
TXN_8897537,CUST_02,"Milk Products",Item_22_MILK,36.50,4.00,146.00,"Credit Card",Online,2023-05-17,
TXN_5687512,CUST_24,"Milk Products",Item_3_MILK,8.00,2.00,16.00,"Credit Card",Online,2023-11-07,
TXN_1069163,CUST_09,Butchers,Item_25_BUT,41.00,2.00,82.00,"Digital Wallet",In-store,2023-01-20,
TXN_7134842,CUST_01,"Electric household essentials",Item_11_EHE,20.00,5.00,100.00,Cash,Online,2024-08-31,
TXN_3377448,CUST_21,"Electric household essentials",Item_9_EHE,17.00,9.00,153.00,Cash,Online,2024-04-08,
TXN_3304060,CUST_15,Food,Item_5_FOOD,11.00,9.00,99.00,"Credit Card",In-store,2023-05-28,
TXN_4733738,CUST_19,Butchers,,11.00,0.00,0.00,Cash,In-store,2023-06-29,
TXN_3571425,CUST_17,Beverages,Item_4_BEV,9.50,8.00,76.00,"Digital Wallet",Online,2023-03-23,
TXN_1523559,CUST_21,"Electric household essentials",Item_19_EHE,32.00,4.00,128.00,"Digital Wallet",Online,2022-06-16,
TXN_6314774,CUST_25,"Milk Products",Item_23_MILK,38.00,8.00,304.00,"Credit Card",Online,2025-01-08,
TXN_7559379,CUST_14,"Milk Products",Item_25_MILK,41.00,6.00,246.00,"Credit Card",In-store,2023-03-19,
TXN_7184635,CUST_12,Beverages,Item_21_BEV,35.00,5.00,175.00,"Digital Wallet",Online,2022-01-13,
TXN_5536646,CUST_24,"Electric household essentials",Item_20_EHE,33.50,9.00,301.50,Cash,Online,2024-08-21,
TXN_5353177,CUST_04,"Computers and electric accessories",Item_19_CEA,32.00,6.00,192.00,Cash,Online,2024-01-01,
TXN_3900703,CUST_08,Furniture,Item_16_FUR,27.50,8.00,220.00,"Digital Wallet",Online,2022-09-20,
TXN_7906287,CUST_03,Beverages,Item_25_BEV,41.00,1.00,41.00,"Digital Wallet",Online,2024-12-29,
TXN_3484575,CUST_13,Food,Item_3_FOOD,8.00,10.00,80.00,"Digital Wallet",Online,2022-05-17,
TXN_7206380,CUST_19,Furniture,Item_24_FUR,39.50,8.00,316.00,"Credit Card",In-store,2022-04-18,
TXN_5819436,CUST_10,Furniture,Item_1_FUR,5.00,3.00,15.00,Cash,In-store,2022-06-16,
TXN_8113812,CUST_24,Patisserie,Item_18_PAT,30.50,1.00,30.50,"Credit Card",In-store,2023-04-19,
TXN_7904598,CUST_13,"Milk Products",Item_19_MILK,32.00,2.00,64.00,"Credit Card",Online,2024-06-04,
TXN_4395212,CUST_15,Furniture,Item_1_FUR,5.00,1.00,5.00,"Credit Card",Online,2023-06-02,
TXN_6378657,CUST_05,"Electric household essentials",Item_23_EHE,38.00,3.00,114.00,"Digital Wallet",Online,2024-11-11,
TXN_1763054,CUST_15,"Milk Products",Item_16_MILK,27.50,5.00,137.50,Cash,Online,2023-01-03,
TXN_1552772,CUST_06,Furniture,Item_11_FUR,20.00,1.00,20.00,"Digital Wallet",Online,2024-03-22,
TXN_5439195,CUST_21,Beverages,Item_12_BEV,21.50,4.00,86.00,Cash,Online,2023-06-29,
TXN_6890337,CUST_13,"Milk Products",Item_17_MILK,29.00,6.00,174.00,"Credit Card",Online,2023-06-17,
TXN_3249934,CUST_22,"Electric household essentials",Item_17_EHE,29.00,8.00,232.00,Cash,In-store,2024-06-14,
TXN_5059729,CUST_16,Butchers,Item_11_BUT,20.00,9.00,180.00,Cash,Online,2023-10-11,
TXN_2968785,CUST_23,Patisserie,Item_8_PAT,15.50,8.00,124.00,Cash,Online,2022-08-10,
TXN_1950227,CUST_01,Food,Item_5_FOOD,11.00,7.00,77.00,Cash,Online,2023-09-04,
TXN_1990927,CUST_05,"Milk Products",Item_7_MILK,14.00,8.00,112.00,Cash,In-store,2022-03-19,
TXN_9738784,CUST_17,Food,Item_11_FOOD,20.00,2.00,40.00,Cash,In-store,2023-05-23,
TXN_3020241,CUST_23,"Electric household essentials",Item_17_EHE,29.00,5.00,145.00,"Digital Wallet",In-store,2024-11-21,
TXN_9386058,CUST_25,"Electric household essentials",Item_9_EHE,17.00,8.00,136.00,"Digital Wallet",In-store,2022-06-18,
TXN_1610493,CUST_11,"Electric household essentials",,0.00,1.00,18.50,Cash,Online,2023-01-26,
TXN_8655514,CUST_04,"Computers and electric accessories",Item_5_CEA,11.00,2.00,22.00,Cash,Online,2022-04-16,
TXN_9969248,CUST_02,Butchers,Item_22_BUT,36.50,2.00,73.00,"Digital Wallet",Online,2023-05-12,
TXN_5855475,CUST_08,Furniture,Item_15_FUR,26.00,4.00,104.00,"Digital Wallet",Online,2023-07-13,
TXN_5493009,CUST_10,Food,Item_12_FOOD,21.50,8.00,172.00,"Credit Card",Online,2022-01-17,
TXN_3849865,CUST_01,Furniture,Item_12_FUR,21.50,7.00,150.50,Cash,Online,2024-01-03,
TXN_3589576,CUST_18,Furniture,Item_15_FUR,26.00,6.00,156.00,"Digital Wallet",Online,2023-10-20,
TXN_3731691,CUST_18,Patisserie,Item_14_PAT,24.50,4.00,98.00,"Credit Card",Online,2023-03-30,
TXN_4290252,CUST_21,Furniture,Item_6_FUR,12.50,7.00,87.50,Cash,In-store,2023-06-17,
TXN_1366912,CUST_17,Butchers,Item_7_BUT,14.00,9.00,126.00,"Credit Card",In-store,2023-05-19,
TXN_6204485,CUST_08,Beverages,Item_8_BEV,15.50,7.00,108.50,"Credit Card",Online,2022-12-29,
TXN_4720711,CUST_07,Beverages,Item_25_BEV,41.00,2.00,82.00,"Digital Wallet",Online,2024-07-15,
TXN_9767779,CUST_03,"Computers and electric accessories",,29.00,0.00,0.00,Cash,In-store,2022-08-03,
TXN_7694067,CUST_25,Beverages,Item_20_BEV,33.50,3.00,100.50,"Credit Card",Online,2024-12-01,
TXN_3049823,CUST_02,Butchers,Item_4_BUT,9.50,6.00,57.00,"Digital Wallet",In-store,2022-09-16,
TXN_1440154,CUST_08,"Computers and electric accessories",Item_20_CEA,33.50,7.00,234.50,"Digital Wallet",Online,2024-02-25,
TXN_5513986,CUST_13,Furniture,Item_15_FUR,26.00,1.00,26.00,"Digital Wallet",Online,2024-08-08,
TXN_2043131,CUST_14,Food,Item_24_FOOD,39.50,4.00,158.00,"Credit Card",Online,2022-06-24,
TXN_3254667,CUST_19,"Milk Products",Item_24_MILK,39.50,4.00,158.00,"Digital Wallet",In-store,2023-02-18,
TXN_9341596,CUST_22,Beverages,Item_8_BEV,15.50,8.00,124.00,"Credit Card",Online,2024-05-28,
TXN_2475853,CUST_05,Furniture,Item_5_FUR,11.00,5.00,55.00,"Credit Card",Online,2024-12-29,
TXN_4286038,CUST_05,"Milk Products",Item_19_MILK,32.00,5.00,160.00,"Digital Wallet",Online,2024-11-26,
TXN_7169670,CUST_13,Food,Item_12_FOOD,21.50,7.00,150.50,"Digital Wallet",In-store,2023-11-21,
TXN_2010228,CUST_17,Food,,0.00,4.00,32.00,"Digital Wallet",In-store,2025-01-06,
TXN_2682726,CUST_01,"Electric household essentials",Item_14_EHE,24.50,9.00,220.50,Cash,In-store,2023-12-01,
TXN_9959673,CUST_06,"Electric household essentials",Item_17_EHE,29.00,6.00,174.00,"Credit Card",Online,2023-05-05,
TXN_1642674,CUST_14,Beverages,Item_17_BEV,29.00,10.00,290.00,"Digital Wallet",Online,2022-11-22,
TXN_4230848,CUST_08,Beverages,Item_2_BEV,6.50,5.00,32.50,Cash,In-store,2022-06-29,
TXN_4411160,CUST_17,"Computers and electric accessories",Item_13_CEA,23.00,1.00,23.00,Cash,In-store,2024-05-29,
TXN_1743677,CUST_06,Food,Item_9_FOOD,17.00,6.00,102.00,Cash,Online,2024-12-21,
TXN_7246929,CUST_24,"Computers and electric accessories",Item_19_CEA,32.00,8.00,256.00,Cash,Online,2023-07-21,
TXN_8424225,CUST_08,"Milk Products",Item_22_MILK,36.50,9.00,328.50,"Digital Wallet",In-store,2022-05-28,
TXN_5939344,CUST_10,"Milk Products",Item_22_MILK,36.50,7.00,255.50,"Credit Card",Online,2022-01-24,
TXN_3888352,CUST_20,"Milk Products",Item_11_MILK,20.00,4.00,80.00,Cash,In-store,2024-06-25,
TXN_9971279,CUST_18,Patisserie,Item_1_PAT,5.00,6.00,30.00,"Credit Card",In-store,2023-06-14,
TXN_6207869,CUST_08,Patisserie,Item_11_PAT,20.00,8.00,160.00,"Credit Card",Online,2023-10-02,
TXN_1170854,CUST_03,Patisserie,Item_10_PAT,18.50,7.00,129.50,Cash,In-store,2022-04-04,
TXN_4373645,CUST_11,Patisserie,Item_24_PAT,39.50,8.00,316.00,"Credit Card",In-store,2022-06-26,
TXN_5826237,CUST_08,Furniture,Item_2_FUR,6.50,9.00,58.50,"Credit Card",In-store,2024-09-21,
TXN_6097303,CUST_10,Food,Item_14_FOOD,24.50,4.00,98.00,Cash,In-store,2022-03-14,
TXN_4702504,CUST_14,Butchers,Item_22_BUT,36.50,5.00,182.50,Cash,In-store,2024-01-19,
TXN_3720200,CUST_11,Butchers,Item_24_BUT,39.50,4.00,158.00,"Credit Card",In-store,2022-05-17,
TXN_1609606,CUST_17,Butchers,Item_22_BUT,36.50,6.00,219.00,Cash,In-store,2022-02-28,
TXN_4538911,CUST_10,"Computers and electric accessories",Item_19_CEA,32.00,7.00,224.00,Cash,Online,2024-03-01,
TXN_1858997,CUST_08,Patisserie,Item_13_PAT,23.00,6.00,138.00,"Digital Wallet",In-store,2022-10-01,
TXN_6500900,CUST_08,Patisserie,Item_1_PAT,5.00,4.00,20.00,"Digital Wallet",Online,2022-06-22,
TXN_2156079,CUST_07,"Milk Products",Item_16_MILK,27.50,10.00,275.00,"Digital Wallet",In-store,2022-10-16,
TXN_6006069,CUST_20,Furniture,Item_5_FUR,11.00,1.00,11.00,"Digital Wallet",In-store,2022-01-29,
TXN_7907095,CUST_17,"Milk Products",Item_6_MILK,12.50,2.00,25.00,Cash,Online,2022-01-22,
TXN_4489216,CUST_21,Furniture,Item_18_FUR,30.50,2.00,61.00,Cash,Online,2025-01-08,
TXN_5218835,CUST_05,Butchers,Item_18_BUT,30.50,10.00,305.00,Cash,Online,2022-12-02,
TXN_8669054,CUST_24,"Milk Products",Item_6_MILK,12.50,7.00,87.50,"Digital Wallet",In-store,2022-08-28,
TXN_4872092,CUST_23,"Electric household essentials",,0.00,3.00,123.00,Cash,In-store,2024-11-02,
TXN_1709660,CUST_18,"Electric household essentials",Item_8_EHE,15.50,1.00,15.50,"Credit Card",In-store,2024-06-19,
TXN_1207822,CUST_03,Food,Item_14_FOOD,24.50,1.00,24.50,Cash,Online,2023-05-26,
TXN_2271263,CUST_25,"Milk Products",Item_19_MILK,32.00,9.00,288.00,"Digital Wallet",Online,2022-09-13,
TXN_5449415,CUST_18,"Electric household essentials",Item_20_EHE,33.50,5.00,167.50,"Digital Wallet",Online,2022-12-11,
TXN_1039611,CUST_09,Beverages,Item_8_BEV,15.50,1.00,15.50,"Digital Wallet",In-store,2023-08-18,
TXN_4793029,CUST_20,Food,,0.00,4.00,92.00,"Credit Card",In-store,2024-12-07,
TXN_5305961,CUST_24,Food,Item_17_FOOD,29.00,4.00,116.00,"Credit Card",In-store,2024-06-02,
TXN_3757482,CUST_07,Furniture,Item_20_FUR,33.50,5.00,167.50,"Digital Wallet",Online,2023-10-13,
TXN_1015414,CUST_18,Butchers,Item_23_BUT,38.00,10.00,380.00,Cash,Online,2022-12-13,
TXN_4813540,CUST_20,"Computers and electric accessories",Item_23_CEA,38.00,2.00,76.00,"Credit Card",Online,2022-06-13,
TXN_4780677,CUST_02,Patisserie,Item_24_PAT,39.50,7.00,276.50,Cash,Online,2022-02-12,
TXN_2910944,CUST_24,Patisserie,,21.50,0.00,0.00,"Credit Card",Online,2022-12-21,
TXN_5566845,CUST_12,"Computers and electric accessories",Item_13_CEA,23.00,10.00,230.00,"Digital Wallet",In-store,2024-08-23,
TXN_7674214,CUST_23,"Milk Products",Item_1_MILK,5.00,2.00,10.00,"Credit Card",In-store,2022-09-28,
TXN_2725299,CUST_06,Furniture,Item_24_FUR,39.50,4.00,158.00,"Digital Wallet",In-store,2024-01-13,
TXN_1610953,CUST_08,"Computers and electric accessories",Item_13_CEA,23.00,8.00,184.00,"Credit Card",Online,2023-10-30,
TXN_3923907,CUST_20,Furniture,Item_13_FUR,23.00,5.00,115.00,Cash,In-store,2023-10-08,
TXN_8448458,CUST_10,Beverages,Item_25_BEV,41.00,7.00,287.00,Cash,Online,2022-12-12,
TXN_7477657,CUST_23,Furniture,Item_25_FUR,41.00,5.00,205.00,Cash,Online,2022-12-28,
TXN_3795800,CUST_11,"Milk Products",Item_17_MILK,29.00,10.00,290.00,"Credit Card",In-store,2023-10-02,
TXN_2107305,CUST_20,Furniture,Item_7_FUR,14.00,2.00,28.00,Cash,Online,2024-10-08,
TXN_4838523,CUST_11,Butchers,,23.00,0.00,0.00,"Credit Card",In-store,2024-08-29,
TXN_1069677,CUST_12,Beverages,Item_17_BEV,29.00,8.00,232.00,"Digital Wallet",Online,2023-03-18,
TXN_5216726,CUST_07,"Computers and electric accessories",Item_15_CEA,26.00,6.00,156.00,Cash,In-store,2024-04-18,
TXN_9902772,CUST_12,Food,Item_11_FOOD,20.00,4.00,80.00,"Digital Wallet",In-store,2022-06-16,
TXN_3929063,CUST_19,"Computers and electric accessories",Item_14_CEA,24.50,9.00,220.50,"Credit Card",Online,2024-06-07,
TXN_8728894,CUST_10,Furniture,Item_8_FUR,15.50,10.00,155.00,Cash,Online,2023-03-24,
TXN_1481703,CUST_04,Food,Item_5_FOOD,11.00,5.00,55.00,"Credit Card",Online,2022-01-20,
TXN_7965993,CUST_24,"Electric household essentials",Item_4_EHE,9.50,9.00,85.50,"Digital Wallet",In-store,2024-03-29,
TXN_3881781,CUST_04,Food,Item_16_FOOD,27.50,6.00,165.00,"Credit Card",In-store,2024-07-01,
TXN_9398789,CUST_13,"Milk Products",Item_1_MILK,5.00,9.00,45.00,"Digital Wallet",In-store,2022-10-01,
TXN_2182474,CUST_22,Butchers,Item_11_BUT,20.00,7.00,140.00,"Credit Card",Online,2023-11-20,
TXN_6288635,CUST_01,Butchers,Item_5_BUT,11.00,9.00,99.00,"Digital Wallet",In-store,2023-04-14,
TXN_7178038,CUST_23,"Milk Products",Item_19_MILK,32.00,9.00,288.00,"Digital Wallet",In-store,2023-07-22,
TXN_9228573,CUST_03,Butchers,Item_17_BUT,29.00,8.00,232.00,"Credit Card",In-store,2022-03-19,
TXN_5758502,CUST_21,Food,,0.00,3.00,73.50,"Credit Card",In-store,2024-01-01,
TXN_2818752,CUST_14,Patisserie,Item_8_PAT,15.50,2.00,31.00,"Digital Wallet",Online,2024-10-17,
TXN_7014126,CUST_10,"Milk Products",Item_1_MILK,5.00,10.00,50.00,"Credit Card",In-store,2022-11-20,
TXN_2813218,CUST_02,Beverages,,6.50,0.00,0.00,"Digital Wallet",Online,2022-11-14,
TXN_8591439,CUST_07,Beverages,Item_3_BEV,8.00,3.00,24.00,Cash,Online,2024-05-16,
TXN_6298267,CUST_06,Beverages,Item_15_BEV,26.00,3.00,78.00,"Credit Card",In-store,2022-11-06,
TXN_4324177,CUST_16,Butchers,Item_24_BUT,39.50,10.00,395.00,"Digital Wallet",Online,2023-11-20,
TXN_1017087,CUST_06,Patisserie,Item_10_PAT,18.50,4.00,74.00,"Credit Card",In-store,2023-05-22,
TXN_6151684,CUST_09,Butchers,Item_6_BUT,12.50,7.00,87.50,Cash,Online,2024-06-30,
TXN_6835930,CUST_01,Food,Item_12_FOOD,21.50,8.00,172.00,"Credit Card",In-store,2022-09-05,
TXN_7443806,CUST_17,"Computers and electric accessories",Item_12_CEA,21.50,4.00,86.00,Cash,Online,2022-11-01,
TXN_8693268,CUST_19,"Computers and electric accessories",,0.00,5.00,197.50,"Credit Card",In-store,2022-05-31,
TXN_5749242,CUST_01,Food,Item_21_FOOD,35.00,7.00,245.00,"Credit Card",Online,2022-01-23,
TXN_8757048,CUST_11,"Electric household essentials",Item_23_EHE,38.00,3.00,114.00,"Credit Card",Online,2024-05-22,
TXN_2868734,CUST_17,Furniture,Item_6_FUR,12.50,6.00,75.00,"Credit Card",Online,2022-05-13,
TXN_1814757,CUST_01,Patisserie,,6.50,0.00,0.00,Cash,In-store,2024-08-18,
TXN_3919198,CUST_24,Patisserie,Item_15_PAT,26.00,1.00,26.00,Cash,In-store,2022-10-12,
TXN_6352253,CUST_24,Butchers,Item_20_BUT,33.50,4.00,134.00,"Credit Card",In-store,2022-09-19,
TXN_9705594,CUST_16,Food,Item_7_FOOD,14.00,7.00,98.00,"Digital Wallet",In-store,2024-12-11,
TXN_9295319,CUST_07,Patisserie,,27.50,0.00,0.00,"Credit Card",In-store,2023-06-04,
TXN_7825394,CUST_01,Patisserie,Item_4_PAT,9.50,6.00,57.00,"Credit Card",In-store,2023-03-26,
TXN_9028823,CUST_01,Furniture,Item_24_FUR,39.50,6.00,237.00,Cash,Online,2023-10-15,
TXN_2418640,CUST_11,"Computers and electric accessories",Item_9_CEA,17.00,4.00,68.00,Cash,Online,2023-12-01,
TXN_5567034,CUST_07,Beverages,Item_12_BEV,21.50,5.00,107.50,Cash,In-store,2024-10-31,
TXN_9986278,CUST_07,Food,Item_1_FOOD,5.00,2.00,10.00,"Digital Wallet",In-store,2024-09-14,
TXN_7727815,CUST_16,Butchers,Item_22_BUT,36.50,7.00,255.50,"Digital Wallet",In-store,2023-03-21,
TXN_2466081,CUST_03,Beverages,Item_4_BEV,9.50,6.00,57.00,Cash,Online,2024-09-30,
TXN_9253735,CUST_23,Furniture,Item_15_FUR,26.00,1.00,26.00,"Credit Card",In-store,2023-05-10,
TXN_8868169,CUST_07,Food,,12.50,0.00,0.00,"Digital Wallet",Online,2023-01-05,
TXN_1340752,CUST_10,Butchers,Item_13_BUT,23.00,5.00,115.00,"Credit Card",In-store,2024-01-24,
TXN_9117542,CUST_14,Patisserie,Item_11_PAT,20.00,10.00,200.00,"Credit Card",Online,2022-02-26,
TXN_3030371,CUST_13,Patisserie,Item_17_PAT,29.00,7.00,203.00,"Credit Card",In-store,2023-08-10,
TXN_7828800,CUST_17,"Computers and electric accessories",Item_17_CEA,29.00,7.00,203.00,Cash,Online,2024-11-03,
TXN_7100513,CUST_12,Patisserie,Item_16_PAT,27.50,7.00,192.50,Cash,In-store,2024-06-28,
TXN_4830778,CUST_06,"Computers and electric accessories",Item_2_CEA,6.50,1.00,6.50,Cash,In-store,2023-08-31,
TXN_2418365,CUST_22,"Computers and electric accessories",Item_19_CEA,32.00,1.00,32.00,"Digital Wallet",In-store,2023-07-16,
TXN_4133411,CUST_15,"Computers and electric accessories",Item_12_CEA,21.50,7.00,150.50,Cash,Online,2024-02-10,
TXN_4654153,CUST_16,"Electric household essentials",,5.00,0.00,0.00,Cash,Online,2022-06-03,
TXN_6595811,CUST_24,Butchers,Item_12_BUT,21.50,3.00,64.50,Cash,Online,2024-08-22,
TXN_9321451,CUST_10,Furniture,,0.00,1.00,5.00,"Credit Card",Online,2022-11-21,
TXN_2649664,CUST_19,Patisserie,Item_7_PAT,14.00,1.00,14.00,"Digital Wallet",In-store,2023-07-22,
TXN_2412614,CUST_23,Patisserie,Item_2_PAT,6.50,6.00,39.00,"Credit Card",In-store,2022-01-15,
TXN_9045372,CUST_16,Beverages,Item_20_BEV,33.50,9.00,301.50,"Credit Card",In-store,2024-04-18,
TXN_2638283,CUST_15,"Electric household essentials",Item_15_EHE,26.00,3.00,78.00,Cash,Online,2024-08-07,
TXN_3009967,CUST_09,"Milk Products",Item_3_MILK,8.00,3.00,24.00,"Credit Card",Online,2024-12-25,
TXN_9646533,CUST_21,Beverages,Item_12_BEV,21.50,6.00,129.00,"Credit Card",Online,2023-09-05,
TXN_5213298,CUST_08,"Milk Products",Item_4_MILK,9.50,3.00,28.50,"Credit Card",Online,2024-02-21,
TXN_5678219,CUST_13,Furniture,Item_8_FUR,15.50,4.00,62.00,"Credit Card",In-store,2024-01-25,
TXN_7428385,CUST_09,"Milk Products",Item_8_MILK,15.50,3.00,46.50,Cash,In-store,2022-08-04,
TXN_8014673,CUST_16,"Electric household essentials",Item_12_EHE,21.50,2.00,43.00,"Credit Card",Online,2024-06-29,
TXN_3884360,CUST_05,Furniture,Item_17_FUR,29.00,9.00,261.00,"Credit Card",Online,2022-01-10,
TXN_2232201,CUST_13,"Computers and electric accessories",Item_22_CEA,36.50,9.00,328.50,"Credit Card",Online,2022-09-29,
TXN_7164276,CUST_02,Patisserie,Item_8_PAT,15.50,5.00,77.50,"Digital Wallet",In-store,2024-09-21,
TXN_9310005,CUST_07,Beverages,Item_19_BEV,32.00,8.00,256.00,"Digital Wallet",Online,2023-07-17,
TXN_2696682,CUST_15,Food,Item_4_FOOD,9.50,7.00,66.50,"Digital Wallet",Online,2023-12-07,
TXN_9523274,CUST_12,"Electric household essentials",Item_7_EHE,14.00,2.00,28.00,Cash,In-store,2024-02-04,
TXN_9877876,CUST_16,Patisserie,Item_12_PAT,21.50,2.00,43.00,Cash,Online,2024-02-07,
TXN_3031995,CUST_20,Beverages,Item_4_BEV,9.50,8.00,76.00,"Digital Wallet",In-store,2024-05-25,
TXN_6231583,CUST_19,Food,Item_13_FOOD,23.00,7.00,161.00,Cash,Online,2022-03-29,
TXN_8256321,CUST_23,"Electric household essentials",Item_8_EHE,15.50,4.00,62.00,"Digital Wallet",In-store,2022-12-31,
TXN_1305706,CUST_01,"Electric household essentials",Item_23_EHE,38.00,6.00,228.00,"Credit Card",Online,2022-01-26,
TXN_8581857,CUST_05,Patisserie,,17.00,0.00,0.00,Cash,Online,2024-08-20,
TXN_7999293,CUST_10,"Milk Products",Item_20_MILK,33.50,9.00,301.50,"Credit Card",In-store,2024-07-23,
TXN_2924284,CUST_08,Beverages,Item_17_BEV,29.00,10.00,290.00,"Credit Card",Online,2024-08-01,
TXN_1051223,CUST_08,Patisserie,,0.00,9.00,45.00,"Credit Card",Online,2023-10-25,
TXN_7281987,CUST_05,"Milk Products",Item_14_MILK,24.50,9.00,220.50,"Credit Card",In-store,2024-11-30,
TXN_7272664,CUST_24,Food,Item_6_FOOD,12.50,6.00,75.00,"Credit Card",In-store,2024-05-14,
TXN_8318270,CUST_05,"Electric household essentials",Item_25_EHE,41.00,8.00,328.00,Cash,In-store,2023-05-18,
TXN_5965201,CUST_13,Beverages,Item_25_BEV,41.00,5.00,205.00,"Credit Card",In-store,2023-03-20,
TXN_7324213,CUST_12,Beverages,Item_12_BEV,21.50,10.00,215.00,"Credit Card",Online,2023-06-09,
TXN_5210463,CUST_11,Furniture,Item_1_FUR,5.00,6.00,30.00,"Credit Card",In-store,2024-03-06,
TXN_4822853,CUST_03,Furniture,Item_14_FUR,24.50,9.00,220.50,"Digital Wallet",In-store,2024-03-31,
TXN_6141899,CUST_22,Beverages,Item_12_BEV,21.50,10.00,215.00,"Digital Wallet",In-store,2024-01-02,
TXN_6173941,CUST_17,Patisserie,Item_8_PAT,15.50,9.00,139.50,"Credit Card",Online,2023-02-23,
TXN_3454986,CUST_16,Patisserie,Item_17_PAT,29.00,2.00,58.00,Cash,In-store,2022-08-25,
TXN_8153182,CUST_17,Furniture,Item_15_FUR,26.00,3.00,78.00,"Digital Wallet",In-store,2022-06-25,
TXN_3580823,CUST_11,Butchers,Item_3_BUT,8.00,8.00,64.00,"Credit Card",Online,2022-06-26,
TXN_5643421,CUST_07,"Computers and electric accessories",Item_5_CEA,11.00,3.00,33.00,"Credit Card",Online,2022-10-09,
TXN_2537147,CUST_01,"Electric household essentials",Item_17_EHE,29.00,10.00,290.00,"Digital Wallet",Online,2022-06-28,
TXN_5793965,CUST_15,"Computers and electric accessories",Item_18_CEA,30.50,10.00,305.00,Cash,Online,2024-04-08,
TXN_1525535,CUST_03,"Electric household essentials",Item_5_EHE,11.00,5.00,55.00,"Digital Wallet",In-store,2024-01-05,
TXN_4245049,CUST_04,Butchers,,14.00,0.00,0.00,"Credit Card",Online,2022-01-12,
TXN_5133656,CUST_22,Beverages,Item_21_BEV,35.00,6.00,210.00,"Digital Wallet",Online,2022-05-27,
TXN_3876992,CUST_15,"Milk Products",Item_19_MILK,32.00,2.00,64.00,"Credit Card",Online,2023-04-26,
TXN_7639499,CUST_14,Patisserie,Item_9_PAT,17.00,6.00,102.00,"Credit Card",Online,2023-09-07,
TXN_8908411,CUST_05,"Electric household essentials",Item_17_EHE,29.00,7.00,203.00,"Credit Card",In-store,2023-09-22,
TXN_8061410,CUST_12,"Computers and electric accessories",,36.50,0.00,0.00,Cash,Online,2024-05-02,
TXN_4624063,CUST_03,Patisserie,Item_22_PAT,36.50,2.00,73.00,"Digital Wallet",In-store,2024-08-23,
TXN_5240249,CUST_02,Patisserie,Item_3_PAT,8.00,9.00,72.00,"Credit Card",Online,2024-01-04,
TXN_3134697,CUST_03,Food,Item_10_FOOD,18.50,2.00,37.00,Cash,Online,2024-03-16,
TXN_2751393,CUST_16,Food,Item_18_FOOD,30.50,10.00,305.00,"Digital Wallet",In-store,2022-01-01,
TXN_9362305,CUST_07,Food,Item_3_FOOD,8.00,7.00,56.00,"Digital Wallet",In-store,2022-01-30,
TXN_2445605,CUST_08,"Computers and electric accessories",Item_13_CEA,23.00,9.00,207.00,"Credit Card",Online,2022-12-25,
TXN_9890315,CUST_21,Patisserie,Item_23_PAT,38.00,10.00,380.00,Cash,Online,2023-06-15,
TXN_3427844,CUST_08,Patisserie,Item_12_PAT,21.50,6.00,129.00,"Credit Card",In-store,2022-09-21,
TXN_2133071,CUST_21,Butchers,Item_3_BUT,8.00,5.00,40.00,"Credit Card",In-store,2024-06-28,
TXN_4436280,CUST_11,"Computers and electric accessories",Item_11_CEA,20.00,9.00,180.00,"Digital Wallet",Online,2024-07-28,
TXN_4943711,CUST_02,Furniture,Item_11_FUR,20.00,7.00,140.00,Cash,In-store,2023-03-19,
TXN_2061484,CUST_01,Food,Item_7_FOOD,14.00,7.00,98.00,Cash,Online,2024-07-22,
TXN_4482044,CUST_17,"Electric household essentials",Item_11_EHE,20.00,1.00,20.00,"Digital Wallet",Online,2022-03-14,
TXN_9020000,CUST_09,"Electric household essentials",Item_9_EHE,17.00,1.00,17.00,"Digital Wallet",Online,2022-02-22,
TXN_9769588,CUST_05,Beverages,Item_2_BEV,6.50,9.00,58.50,"Digital Wallet",Online,2024-09-20,
TXN_4276753,CUST_22,Patisserie,Item_1_PAT,5.00,8.00,40.00,Cash,Online,2022-10-11,
TXN_5342424,CUST_01,Food,Item_11_FOOD,20.00,5.00,100.00,"Credit Card",Online,2024-05-31,
TXN_5595359,CUST_15,"Milk Products",Item_19_MILK,32.00,4.00,128.00,"Digital Wallet",Online,2024-08-15,
TXN_7908998,CUST_13,"Milk Products",Item_1_MILK,5.00,5.00,25.00,Cash,In-store,2023-02-18,
TXN_8268341,CUST_20,Patisserie,Item_4_PAT,9.50,7.00,66.50,Cash,In-store,2022-12-02,
TXN_5646577,CUST_06,"Milk Products",Item_8_MILK,15.50,4.00,62.00,Cash,In-store,2023-09-11,
TXN_3185079,CUST_18,Beverages,Item_7_BEV,14.00,9.00,126.00,"Digital Wallet",Online,2022-07-16,
TXN_3838117,CUST_13,Butchers,Item_5_BUT,11.00,4.00,44.00,"Digital Wallet",In-store,2022-11-16,
TXN_4665967,CUST_09,"Electric household essentials",Item_8_EHE,15.50,2.00,31.00,"Credit Card",In-store,2022-03-04,
TXN_3443924,CUST_09,"Milk Products",Item_1_MILK,5.00,6.00,30.00,Cash,In-store,2022-04-28,
TXN_8199604,CUST_13,Butchers,Item_15_BUT,26.00,5.00,130.00,"Credit Card",In-store,2022-09-07,
TXN_9280425,CUST_06,Butchers,Item_10_BUT,18.50,6.00,111.00,"Credit Card",Online,2023-11-16,
TXN_2242671,CUST_08,"Milk Products",Item_8_MILK,15.50,3.00,46.50,Cash,Online,2024-07-29,
TXN_7965748,CUST_08,Patisserie,,0.00,8.00,328.00,"Digital Wallet",In-store,2023-01-14,
TXN_7164854,CUST_20,Furniture,Item_16_FUR,27.50,10.00,275.00,Cash,Online,2023-11-12,
TXN_4532717,CUST_01,Beverages,Item_2_BEV,6.50,10.00,65.00,"Digital Wallet",In-store,2024-01-01,
TXN_9753602,CUST_18,"Milk Products",,12.50,0.00,0.00,Cash,In-store,2022-03-31,
TXN_3311708,CUST_12,Patisserie,Item_8_PAT,15.50,3.00,46.50,"Credit Card",Online,2022-10-09,
TXN_6748447,CUST_07,"Electric household essentials",Item_8_EHE,15.50,2.00,31.00,Cash,In-store,2023-08-18,
TXN_4703045,CUST_12,"Milk Products",Item_3_MILK,8.00,10.00,80.00,Cash,Online,2023-10-23,
TXN_4878575,CUST_24,Food,Item_11_FOOD,20.00,4.00,80.00,"Credit Card",In-store,2023-03-15,
TXN_6933637,CUST_18,Furniture,Item_20_FUR,33.50,9.00,301.50,"Digital Wallet",Online,2022-02-28,
TXN_6722415,CUST_02,Patisserie,Item_20_PAT,33.50,3.00,100.50,"Credit Card",Online,2024-03-23,
TXN_7954220,CUST_16,"Milk Products",Item_23_MILK,38.00,7.00,266.00,"Credit Card",In-store,2024-10-16,
TXN_5773507,CUST_04,"Computers and electric accessories",Item_2_CEA,6.50,8.00,52.00,Cash,In-store,2023-01-27,
TXN_8523870,CUST_16,Patisserie,Item_17_PAT,29.00,5.00,145.00,Cash,Online,2024-03-15,
TXN_8323434,CUST_01,Butchers,Item_12_BUT,21.50,2.00,43.00,Cash,In-store,2024-12-16,
TXN_8941172,CUST_02,"Electric household essentials",,41.00,0.00,0.00,"Credit Card",Online,2022-07-09,
TXN_1388437,CUST_07,Butchers,Item_20_BUT,33.50,10.00,335.00,"Credit Card",Online,2022-12-05,
TXN_9830435,CUST_19,"Computers and electric accessories",Item_8_CEA,15.50,5.00,77.50,Cash,In-store,2022-01-30,
TXN_9841835,CUST_01,"Computers and electric accessories",Item_9_CEA,17.00,1.00,17.00,"Digital Wallet",In-store,2022-02-01,
TXN_3666581,CUST_07,"Electric household essentials",,0.00,3.00,46.50,Cash,In-store,2024-06-08,
TXN_1693429,CUST_01,"Milk Products",Item_3_MILK,8.00,10.00,80.00,"Credit Card",Online,2024-08-06,
TXN_8909732,CUST_21,"Computers and electric accessories",Item_20_CEA,33.50,4.00,134.00,"Digital Wallet",Online,2023-08-06,
TXN_6903090,CUST_08,Beverages,Item_3_BEV,8.00,7.00,56.00,Cash,Online,2022-10-11,
TXN_5719635,CUST_20,Furniture,Item_5_FUR,11.00,9.00,99.00,"Digital Wallet",In-store,2024-07-02,
TXN_5667204,CUST_07,"Milk Products",Item_13_MILK,23.00,10.00,230.00,"Credit Card",Online,2023-10-10,
TXN_7882087,CUST_13,"Milk Products",Item_24_MILK,39.50,9.00,355.50,Cash,Online,2024-06-03,
TXN_7905536,CUST_14,Food,Item_11_FOOD,20.00,10.00,200.00,"Credit Card",Online,2022-10-16,
TXN_4144954,CUST_13,Furniture,Item_24_FUR,39.50,6.00,237.00,Cash,In-store,2023-06-22,
TXN_1020981,CUST_19,"Electric household essentials",Item_15_EHE,26.00,2.00,52.00,"Credit Card",In-store,2024-09-25,
TXN_6278418,CUST_05,"Milk Products",,21.50,0.00,0.00,Cash,Online,2023-03-21,
TXN_1962487,CUST_10,"Milk Products",Item_15_MILK,26.00,3.00,78.00,Cash,In-store,2024-01-21,
TXN_5992097,CUST_17,Patisserie,,41.00,0.00,0.00,"Digital Wallet",In-store,2024-02-13,
TXN_5410273,CUST_22,Furniture,Item_7_FUR,14.00,7.00,98.00,"Credit Card",Online,2024-02-06,
TXN_6278864,CUST_15,Food,Item_22_FOOD,36.50,4.00,146.00,Cash,In-store,2024-11-28,
TXN_1846459,CUST_11,Beverages,Item_7_BEV,14.00,10.00,140.00,Cash,Online,2024-05-29,
TXN_5009022,CUST_15,Food,Item_7_FOOD,14.00,4.00,56.00,"Digital Wallet",In-store,2024-12-02,
TXN_4525054,CUST_04,"Milk Products",Item_11_MILK,20.00,2.00,40.00,"Credit Card",In-store,2024-07-10,
TXN_2059202,CUST_24,"Milk Products",Item_3_MILK,8.00,3.00,24.00,Cash,In-store,2024-01-20,
TXN_3159241,CUST_10,"Electric household essentials",Item_16_EHE,27.50,6.00,165.00,"Digital Wallet",In-store,2022-06-13,
TXN_4853504,CUST_25,"Computers and electric accessories",Item_21_CEA,35.00,6.00,210.00,Cash,In-store,2022-12-01,
TXN_1943990,CUST_14,Butchers,Item_20_BUT,33.50,3.00,100.50,"Credit Card",In-store,2024-03-10,
TXN_3679931,CUST_19,Furniture,Item_16_FUR,27.50,10.00,275.00,Cash,Online,2023-05-18,
TXN_8373098,CUST_18,Butchers,,0.00,7.00,234.50,"Digital Wallet",Online,2024-04-02,
TXN_6948452,CUST_18,"Electric household essentials",,0.00,5.00,47.50,"Digital Wallet",In-store,2024-11-05,
TXN_1420094,CUST_19,Butchers,Item_6_BUT,12.50,4.00,50.00,"Credit Card",In-store,2023-01-09,
TXN_8837607,CUST_15,Food,Item_25_FOOD,41.00,10.00,410.00,Cash,Online,2022-11-05,
TXN_8283969,CUST_24,Food,Item_13_FOOD,23.00,4.00,92.00,Cash,In-store,2024-06-08,
TXN_8252120,CUST_03,"Milk Products",Item_18_MILK,30.50,4.00,122.00,"Credit Card",In-store,2023-01-02,
TXN_4563647,CUST_20,"Electric household essentials",Item_13_EHE,23.00,6.00,138.00,"Credit Card",Online,2023-06-07,
TXN_1874387,CUST_12,"Electric household essentials",Item_13_EHE,23.00,10.00,230.00,"Digital Wallet",In-store,2024-12-04,
TXN_5460852,CUST_21,Butchers,Item_12_BUT,21.50,5.00,107.50,"Digital Wallet",In-store,2024-02-09,
TXN_8690631,CUST_09,Food,Item_11_FOOD,20.00,6.00,120.00,"Digital Wallet",In-store,2024-03-03,
TXN_7597576,CUST_10,Butchers,Item_23_BUT,38.00,6.00,228.00,"Digital Wallet",Online,2022-09-17,
TXN_2669806,CUST_22,Butchers,Item_4_BUT,9.50,9.00,85.50,Cash,In-store,2022-01-19,
TXN_6866868,CUST_25,Beverages,Item_20_BEV,33.50,10.00,335.00,"Digital Wallet",Online,2023-01-16,
TXN_3523660,CUST_10,Patisserie,Item_15_PAT,26.00,2.00,52.00,Cash,Online,2022-05-13,
TXN_4921672,CUST_21,Furniture,Item_23_FUR,38.00,4.00,152.00,"Digital Wallet",Online,2023-11-23,
TXN_7088185,CUST_01,Beverages,Item_17_BEV,29.00,4.00,116.00,"Digital Wallet",Online,2024-07-15,
TXN_9790107,CUST_24,Patisserie,Item_12_PAT,21.50,3.00,64.50,"Credit Card",Online,2022-06-06,
TXN_6272504,CUST_14,Furniture,,15.50,0.00,0.00,"Digital Wallet",In-store,2023-02-28,
TXN_9861733,CUST_08,Beverages,Item_18_BEV,30.50,1.00,30.50,"Credit Card",Online,2022-03-04,
TXN_2154714,CUST_21,Furniture,Item_15_FUR,26.00,2.00,52.00,"Credit Card",In-store,2025-01-15,
TXN_4171929,CUST_03,Food,Item_10_FOOD,18.50,1.00,18.50,"Credit Card",Online,2024-05-30,
TXN_6115982,CUST_25,Patisserie,Item_1_PAT,5.00,1.00,5.00,Cash,Online,2023-05-14,
TXN_7594907,CUST_01,"Milk Products",Item_4_MILK,9.50,4.00,38.00,"Credit Card",Online,2024-03-24,
TXN_9933537,CUST_02,Furniture,Item_19_FUR,32.00,1.00,32.00,"Digital Wallet",Online,2022-04-13,
TXN_7302842,CUST_15,Butchers,,0.00,10.00,80.00,"Digital Wallet",Online,2024-11-05,
TXN_8241373,CUST_09,Food,Item_17_FOOD,29.00,5.00,145.00,Cash,In-store,2024-03-26,
TXN_1164094,CUST_09,Patisserie,,0.00,3.00,33.00,"Digital Wallet",In-store,2024-07-29,
TXN_2861234,CUST_06,"Computers and electric accessories",Item_19_CEA,32.00,4.00,128.00,Cash,Online,2025-01-08,
TXN_1855175,CUST_02,"Computers and electric accessories",Item_13_CEA,23.00,4.00,92.00,"Credit Card",In-store,2022-04-20,
TXN_5831445,CUST_17,Beverages,,0.00,4.00,98.00,Cash,In-store,2023-10-31,
TXN_5459004,CUST_16,Furniture,Item_2_FUR,6.50,5.00,32.50,Cash,Online,2022-08-31,
TXN_4968556,CUST_13,Patisserie,Item_12_PAT,21.50,2.00,43.00,"Digital Wallet",In-store,2022-04-28,
TXN_6884026,CUST_09,Furniture,Item_6_FUR,12.50,7.00,87.50,Cash,In-store,2023-06-15,
TXN_7152984,CUST_18,Food,Item_25_FOOD,41.00,1.00,41.00,"Digital Wallet",Online,2022-01-21,
TXN_1353717,CUST_03,Furniture,Item_7_FUR,14.00,7.00,98.00,"Credit Card",In-store,2024-02-04,
TXN_8535735,CUST_11,Patisserie,Item_20_PAT,33.50,8.00,268.00,"Digital Wallet",In-store,2022-02-15,
TXN_4523018,CUST_07,"Electric household essentials",Item_25_EHE,41.00,6.00,246.00,Cash,In-store,2024-01-08,
TXN_4782317,CUST_05,Beverages,Item_2_BEV,6.50,2.00,13.00,"Credit Card",Online,2023-05-24,
TXN_8887517,CUST_20,"Computers and electric accessories",Item_9_CEA,17.00,10.00,170.00,"Credit Card",In-store,2024-01-22,
TXN_6623586,CUST_13,"Computers and electric accessories",Item_5_CEA,11.00,3.00,33.00,"Digital Wallet",In-store,2022-02-17,
TXN_9759144,CUST_21,Food,Item_15_FOOD,26.00,9.00,234.00,Cash,Online,2023-03-06,
TXN_3770874,CUST_22,Patisserie,Item_7_PAT,14.00,1.00,14.00,"Digital Wallet",In-store,2024-09-02,
TXN_3444412,CUST_13,Patisserie,Item_19_PAT,32.00,7.00,224.00,"Digital Wallet",Online,2023-12-21,
TXN_6632930,CUST_03,Patisserie,Item_25_PAT,41.00,1.00,41.00,Cash,In-store,2022-02-17,
TXN_2358087,CUST_12,Beverages,Item_4_BEV,9.50,4.00,38.00,Cash,Online,2023-04-03,
TXN_4705521,CUST_07,Food,,11.00,0.00,0.00,Cash,Online,2023-07-06,
TXN_3970556,CUST_07,Food,Item_15_FOOD,26.00,9.00,234.00,"Credit Card",Online,2023-10-04,
TXN_5092009,CUST_12,"Electric household essentials",Item_17_EHE,29.00,1.00,29.00,"Digital Wallet",Online,2024-08-18,
TXN_4161105,CUST_22,Beverages,Item_3_BEV,8.00,4.00,32.00,"Digital Wallet",In-store,2024-12-17,
TXN_2582622,CUST_24,Patisserie,Item_17_PAT,29.00,3.00,87.00,Cash,In-store,2022-01-09,
TXN_9805058,CUST_19,Butchers,,0.00,7.00,98.00,Cash,In-store,2024-06-24,
TXN_5624556,CUST_21,"Electric household essentials",Item_25_EHE,41.00,4.00,164.00,Cash,Online,2023-08-22,
TXN_3893429,CUST_21,Furniture,Item_14_FUR,24.50,9.00,220.50,"Digital Wallet",In-store,2023-12-17,
TXN_2260125,CUST_07,Butchers,Item_21_BUT,35.00,6.00,210.00,"Credit Card",Online,2024-08-07,
TXN_6345102,CUST_23,Food,,0.00,6.00,165.00,Cash,Online,2022-12-20,
TXN_7664369,CUST_12,Furniture,Item_8_FUR,15.50,3.00,46.50,Cash,Online,2022-09-17,
TXN_8354569,CUST_02,"Computers and electric accessories",Item_16_CEA,27.50,10.00,275.00,Cash,Online,2022-04-14,
TXN_2595446,CUST_22,"Milk Products",Item_17_MILK,29.00,10.00,290.00,"Digital Wallet",In-store,2024-12-03,
TXN_3143689,CUST_25,Food,Item_17_FOOD,29.00,8.00,232.00,"Digital Wallet",In-store,2024-07-25,
TXN_1127482,CUST_05,Furniture,Item_14_FUR,24.50,7.00,171.50,"Digital Wallet",Online,2023-10-16,
TXN_6992616,CUST_11,Food,Item_21_FOOD,35.00,5.00,175.00,Cash,Online,2023-09-06,
TXN_4772413,CUST_22,"Milk Products",,33.50,0.00,0.00,"Digital Wallet",Online,2023-05-13,
TXN_9860184,CUST_22,Butchers,Item_2_BUT,6.50,1.00,6.50,"Credit Card",In-store,2022-04-21,
TXN_9018335,CUST_15,Patisserie,Item_9_PAT,17.00,6.00,102.00,"Credit Card",In-store,2022-08-29,
TXN_9810444,CUST_05,Furniture,Item_6_FUR,12.50,6.00,75.00,Cash,Online,2024-08-03,
TXN_6468939,CUST_24,Beverages,Item_15_BEV,26.00,6.00,156.00,"Credit Card",Online,2023-07-22,
TXN_4219464,CUST_14,Food,Item_4_FOOD,9.50,4.00,38.00,"Digital Wallet",In-store,2024-07-27,
TXN_2496641,CUST_24,"Electric household essentials",Item_19_EHE,32.00,10.00,320.00,"Digital Wallet",Online,2022-01-14,
TXN_3471881,CUST_06,Patisserie,Item_22_PAT,36.50,9.00,328.50,"Credit Card",In-store,2024-04-04,
TXN_3673613,CUST_15,Furniture,Item_2_FUR,6.50,7.00,45.50,"Credit Card",In-store,2022-08-17,
TXN_2770070,CUST_22,"Electric household essentials",,0.00,6.00,165.00,"Digital Wallet",In-store,2022-06-10,
TXN_4763213,CUST_11,Butchers,Item_12_BUT,21.50,5.00,107.50,Cash,In-store,2024-01-10,
TXN_8516678,CUST_22,Beverages,Item_23_BEV,38.00,1.00,38.00,"Digital Wallet",In-store,2024-03-30,
TXN_4087929,CUST_22,"Electric household essentials",Item_17_EHE,29.00,4.00,116.00,"Credit Card",Online,2022-10-30,
TXN_3495027,CUST_09,"Electric household essentials",Item_23_EHE,38.00,2.00,76.00,"Digital Wallet",In-store,2022-10-14,
TXN_9780053,CUST_20,Butchers,Item_5_BUT,11.00,1.00,11.00,"Digital Wallet",Online,2023-06-25,
TXN_4752443,CUST_20,"Computers and electric accessories",Item_13_CEA,23.00,5.00,115.00,"Digital Wallet",Online,2022-09-08,
TXN_4979461,CUST_07,"Electric household essentials",Item_23_EHE,38.00,2.00,76.00,Cash,Online,2023-08-04,
TXN_5217918,CUST_18,Patisserie,Item_4_PAT,9.50,4.00,38.00,"Digital Wallet",In-store,2023-08-01,
TXN_2478592,CUST_14,Patisserie,Item_17_PAT,29.00,10.00,290.00,Cash,In-store,2024-10-08,
TXN_6760018,CUST_12,"Electric household essentials",Item_6_EHE,12.50,1.00,12.50,"Digital Wallet",In-store,2024-12-10,
TXN_4695386,CUST_07,Beverages,Item_14_BEV,24.50,2.00,49.00,"Digital Wallet",In-store,2024-10-01,
TXN_4486901,CUST_14,Beverages,Item_20_BEV,33.50,4.00,134.00,"Digital Wallet",Online,2022-11-30,
TXN_5906197,CUST_24,Food,Item_20_FOOD,33.50,5.00,167.50,Cash,Online,2023-03-04,
TXN_9023603,CUST_08,"Milk Products",Item_8_MILK,15.50,9.00,139.50,"Credit Card",Online,2025-01-16,
TXN_9495051,CUST_10,"Electric household essentials",Item_21_EHE,35.00,10.00,350.00,"Credit Card",Online,2022-03-10,
TXN_7819259,CUST_25,Beverages,Item_19_BEV,32.00,6.00,192.00,"Digital Wallet",Online,2022-11-18,
TXN_5372218,CUST_19,"Electric household essentials",Item_9_EHE,17.00,7.00,119.00,"Credit Card",Online,2024-09-12,
TXN_8692837,CUST_10,"Computers and electric accessories",Item_20_CEA,33.50,3.00,100.50,"Digital Wallet",In-store,2025-01-02,
TXN_7531230,CUST_05,"Computers and electric accessories",Item_20_CEA,33.50,10.00,335.00,Cash,In-store,2024-11-02,
TXN_6027273,CUST_01,"Milk Products",,0.00,1.00,12.50,"Digital Wallet",In-store,2023-03-20,
TXN_9163817,CUST_20,Butchers,Item_18_BUT,30.50,9.00,274.50,Cash,Online,2022-01-29,
TXN_1881631,CUST_07,"Electric household essentials",Item_23_EHE,38.00,2.00,76.00,Cash,In-store,2022-01-05,
TXN_6050928,CUST_12,Beverages,Item_6_BEV,12.50,9.00,112.50,"Credit Card",In-store,2024-08-20,
TXN_8401547,CUST_22,"Computers and electric accessories",Item_7_CEA,14.00,8.00,112.00,Cash,In-store,2024-07-22,
TXN_4576759,CUST_17,Butchers,Item_13_BUT,23.00,3.00,69.00,"Digital Wallet",Online,2023-10-19,
TXN_5092194,CUST_04,Patisserie,Item_20_PAT,33.50,6.00,201.00,Cash,In-store,2023-07-21,
TXN_6147765,CUST_07,Patisserie,Item_7_PAT,14.00,5.00,70.00,Cash,In-store,2022-05-22,
TXN_7653959,CUST_19,"Electric household essentials",Item_17_EHE,29.00,10.00,290.00,"Digital Wallet",In-store,2024-10-26,
TXN_8465227,CUST_08,Food,Item_17_FOOD,29.00,5.00,145.00,"Digital Wallet",In-store,2022-07-03,
TXN_3725756,CUST_01,Butchers,Item_2_BUT,6.50,4.00,26.00,"Credit Card",In-store,2023-06-22,
TXN_7821667,CUST_16,"Milk Products",Item_19_MILK,32.00,6.00,192.00,Cash,In-store,2023-05-19,
TXN_5829041,CUST_21,Food,Item_12_FOOD,21.50,1.00,21.50,"Credit Card",Online,2023-05-11,
TXN_8367781,CUST_09,Food,Item_13_FOOD,23.00,10.00,230.00,Cash,In-store,2022-02-06,
TXN_1826372,CUST_22,Patisserie,Item_18_PAT,30.50,3.00,91.50,"Credit Card",Online,2024-08-07,
TXN_1006129,CUST_21,"Milk Products",Item_17_MILK,29.00,8.00,232.00,"Digital Wallet",Online,2024-11-05,
TXN_1540504,CUST_25,Patisserie,Item_17_PAT,29.00,3.00,87.00,"Credit Card",In-store,2024-02-18,
TXN_8100520,CUST_12,Butchers,Item_2_BUT,6.50,4.00,26.00,"Credit Card",In-store,2023-08-01,
TXN_9174524,CUST_03,Furniture,Item_11_FUR,20.00,9.00,180.00,"Digital Wallet",Online,2023-05-23,
TXN_1249020,CUST_18,Patisserie,Item_9_PAT,17.00,6.00,102.00,Cash,In-store,2022-02-27,
TXN_8431895,CUST_12,Butchers,Item_8_BUT,15.50,1.00,15.50,"Credit Card",Online,2022-07-31,
TXN_9161445,CUST_11,Beverages,,0.00,6.00,174.00,Cash,In-store,2023-11-03,
TXN_6562922,CUST_01,Food,Item_18_FOOD,30.50,6.00,183.00,"Credit Card",Online,2024-09-13,
TXN_2602356,CUST_12,Food,,0.00,5.00,40.00,Cash,Online,2024-01-31,
TXN_6783878,CUST_22,Food,Item_25_FOOD,41.00,6.00,246.00,"Credit Card",Online,2024-11-03,
TXN_7119158,CUST_13,"Electric household essentials",Item_5_EHE,11.00,1.00,11.00,Cash,In-store,2023-01-13,
TXN_1060721,CUST_24,"Milk Products",Item_22_MILK,36.50,1.00,36.50,"Digital Wallet",Online,2022-07-12,
TXN_9921931,CUST_13,"Computers and electric accessories",Item_5_CEA,11.00,5.00,55.00,Cash,Online,2023-02-13,
TXN_1463588,CUST_21,Furniture,Item_24_FUR,39.50,5.00,197.50,"Credit Card",In-store,2024-12-10,
TXN_7906894,CUST_06,"Computers and electric accessories",Item_9_CEA,17.00,1.00,17.00,"Credit Card",Online,2023-04-06,
TXN_3645039,CUST_04,"Milk Products",Item_20_MILK,33.50,8.00,268.00,"Digital Wallet",Online,2022-11-12,
TXN_8743787,CUST_03,"Electric household essentials",Item_22_EHE,36.50,3.00,109.50,"Credit Card",Online,2024-03-05,
TXN_1144228,CUST_01,"Electric household essentials",Item_23_EHE,38.00,1.00,38.00,Cash,Online,2024-11-19,
TXN_5239417,CUST_03,"Electric household essentials",Item_6_EHE,12.50,9.00,112.50,"Credit Card",Online,2022-04-01,
TXN_2535570,CUST_20,Butchers,Item_18_BUT,30.50,10.00,305.00,Cash,In-store,2022-08-27,
TXN_1827392,CUST_08,Butchers,Item_2_BUT,6.50,5.00,32.50,Cash,In-store,2023-05-20,
TXN_6414347,CUST_25,"Milk Products",Item_19_MILK,32.00,10.00,320.00,"Digital Wallet",Online,2024-12-15,
TXN_6519165,CUST_13,Food,Item_18_FOOD,30.50,7.00,213.50,"Digital Wallet",Online,2023-06-09,
TXN_9860940,CUST_09,Furniture,,0.00,9.00,328.50,"Credit Card",Online,2024-06-11,
TXN_5121902,CUST_25,Patisserie,Item_11_PAT,20.00,6.00,120.00,Cash,Online,2023-02-25,
TXN_3408025,CUST_25,Patisserie,Item_23_PAT,38.00,8.00,304.00,"Digital Wallet",Online,2024-12-25,
TXN_7754466,CUST_11,"Electric household essentials",Item_9_EHE,17.00,3.00,51.00,Cash,Online,2022-03-01,
TXN_6185568,CUST_01,Furniture,Item_3_FUR,8.00,10.00,80.00,Cash,In-store,2024-12-11,
TXN_5050241,CUST_16,Food,Item_4_FOOD,9.50,6.00,57.00,Cash,In-store,2023-09-27,
TXN_4570138,CUST_14,Beverages,,35.00,0.00,0.00,Cash,Online,2022-09-03,
TXN_3033960,CUST_24,Butchers,Item_17_BUT,29.00,5.00,145.00,"Digital Wallet",In-store,2024-03-07,
TXN_7383851,CUST_14,Patisserie,Item_4_PAT,9.50,8.00,76.00,"Digital Wallet",Online,2024-10-17,
TXN_1260673,CUST_14,"Computers and electric accessories",Item_22_CEA,36.50,3.00,109.50,"Credit Card",In-store,2022-05-30,
TXN_1032287,CUST_16,Food,,0.00,2.00,43.00,Cash,Online,2022-07-27,
TXN_1382421,CUST_14,Beverages,,33.50,0.00,0.00,"Credit Card",In-store,2024-07-12,
TXN_3509178,CUST_18,Butchers,Item_18_BUT,30.50,1.00,30.50,"Digital Wallet",Online,2024-12-09,
TXN_8270876,CUST_08,Furniture,Item_9_FUR,17.00,7.00,119.00,"Digital Wallet",Online,2022-04-06,
TXN_1011669,CUST_14,Food,Item_13_FOOD,23.00,8.00,184.00,"Credit Card",Online,2025-01-17,
TXN_3349534,CUST_20,"Computers and electric accessories",Item_23_CEA,38.00,2.00,76.00,"Credit Card",In-store,2023-01-05,
TXN_1686564,CUST_25,Butchers,Item_20_BUT,33.50,7.00,234.50,"Digital Wallet",In-store,2023-09-13,
TXN_4862692,CUST_12,Patisserie,,33.50,0.00,0.00,Cash,In-store,2023-01-09,
TXN_5073816,CUST_21,Butchers,Item_5_BUT,11.00,4.00,44.00,"Digital Wallet",Online,2023-06-24,
TXN_7868771,CUST_14,Food,,0.00,5.00,107.50,Cash,In-store,2024-12-31,
TXN_4476674,CUST_13,"Milk Products",Item_13_MILK,23.00,10.00,230.00,"Digital Wallet",In-store,2024-06-19,
TXN_3295816,CUST_08,Patisserie,Item_20_PAT,33.50,8.00,268.00,"Digital Wallet",In-store,2022-10-14,
TXN_1803855,CUST_11,"Electric household essentials",Item_8_EHE,15.50,5.00,77.50,"Credit Card",In-store,2024-11-05,
TXN_6786260,CUST_08,Food,Item_13_FOOD,23.00,9.00,207.00,"Credit Card",Online,2024-05-26,
TXN_1836591,CUST_21,"Electric household essentials",Item_20_EHE,33.50,3.00,100.50,Cash,Online,2022-11-20,
TXN_8040862,CUST_07,Beverages,Item_16_BEV,27.50,5.00,137.50,"Digital Wallet",In-store,2023-11-25,
TXN_5037401,CUST_15,"Milk Products",,0.00,1.00,11.00,"Digital Wallet",In-store,2022-10-31,
TXN_5391734,CUST_12,Beverages,,0.00,3.00,46.50,"Digital Wallet",Online,2024-11-17,
TXN_1823886,CUST_02,"Electric household essentials",Item_4_EHE,9.50,6.00,57.00,"Credit Card",Online,2022-07-20,
TXN_9020139,CUST_19,"Computers and electric accessories",,0.00,2.00,61.00,"Digital Wallet",In-store,2024-04-15,
TXN_2685942,CUST_23,Furniture,Item_23_FUR,38.00,10.00,380.00,"Credit Card",Online,2022-09-15,
TXN_8355598,CUST_22,Furniture,Item_6_FUR,12.50,9.00,112.50,Cash,Online,2023-06-19,
TXN_6360373,CUST_23,"Milk Products",Item_8_MILK,15.50,10.00,155.00,"Credit Card",In-store,2023-02-11,
TXN_5825024,CUST_13,Patisserie,Item_11_PAT,20.00,8.00,160.00,"Digital Wallet",In-store,2023-01-31,
TXN_6906730,CUST_09,Patisserie,Item_15_PAT,26.00,9.00,234.00,"Credit Card",Online,2023-10-02,
TXN_3634752,CUST_06,Patisserie,Item_14_PAT,24.50,1.00,24.50,Cash,In-store,2022-07-08,
TXN_7765366,CUST_11,"Milk Products",Item_8_MILK,15.50,9.00,139.50,"Credit Card",In-store,2023-11-18,
TXN_3195958,CUST_15,Beverages,Item_1_BEV,5.00,4.00,20.00,Cash,In-store,2024-03-08,
TXN_5979898,CUST_13,Beverages,Item_20_BEV,33.50,10.00,335.00,"Credit Card",In-store,2024-10-10,
TXN_3456425,CUST_12,"Computers and electric accessories",Item_12_CEA,21.50,7.00,150.50,"Digital Wallet",Online,2022-12-23,
TXN_2548722,CUST_17,"Milk Products",Item_8_MILK,15.50,2.00,31.00,"Credit Card",Online,2024-08-23,
TXN_5042678,CUST_15,Butchers,Item_6_BUT,12.50,4.00,50.00,"Credit Card",Online,2022-10-27,
TXN_3452477,CUST_12,Patisserie,Item_16_PAT,27.50,10.00,275.00,"Digital Wallet",Online,2022-06-21,
TXN_6461820,CUST_18,Food,,36.50,0.00,0.00,Cash,In-store,2023-11-29,
TXN_3007648,CUST_12,Patisserie,Item_7_PAT,14.00,8.00,112.00,"Digital Wallet",In-store,2022-02-18,
TXN_5716826,CUST_09,Furniture,Item_4_FUR,9.50,7.00,66.50,"Credit Card",In-store,2024-04-15,
TXN_8978701,CUST_20,Beverages,Item_9_BEV,17.00,7.00,119.00,"Credit Card",In-store,2023-05-31,
TXN_9714585,CUST_07,Food,,0.00,10.00,290.00,"Digital Wallet",Online,2024-11-10,
TXN_9047724,CUST_11,Patisserie,Item_11_PAT,20.00,8.00,160.00,"Credit Card",In-store,2024-09-01,
TXN_8618296,CUST_12,Butchers,Item_24_BUT,39.50,8.00,316.00,Cash,Online,2023-08-27,
TXN_7190836,CUST_15,Patisserie,Item_18_PAT,30.50,5.00,152.50,Cash,Online,2024-12-10,
TXN_6832925,CUST_13,Food,Item_13_FOOD,23.00,10.00,230.00,"Credit Card",Online,2022-01-31,
TXN_1681838,CUST_16,"Electric household essentials",Item_15_EHE,26.00,7.00,182.00,"Digital Wallet",In-store,2022-04-20,
TXN_6651911,CUST_22,Food,Item_25_FOOD,41.00,10.00,410.00,"Digital Wallet",Online,2022-01-28,
TXN_5188476,CUST_24,Butchers,Item_11_BUT,20.00,10.00,200.00,"Credit Card",Online,2023-06-11,
TXN_6314299,CUST_19,"Milk Products",,0.00,6.00,246.00,"Credit Card",Online,2022-02-14,
TXN_8574272,CUST_13,"Electric household essentials",Item_15_EHE,26.00,7.00,182.00,"Digital Wallet",Online,2022-04-14,
TXN_5549998,CUST_17,Furniture,Item_2_FUR,6.50,4.00,26.00,"Digital Wallet",Online,2023-04-26,
TXN_1926362,CUST_13,"Computers and electric accessories",Item_5_CEA,11.00,8.00,88.00,"Credit Card",In-store,2022-11-27,
TXN_6968735,CUST_06,Furniture,Item_2_FUR,6.50,7.00,45.50,Cash,Online,2022-09-28,
TXN_8076358,CUST_04,Furniture,Item_11_FUR,20.00,1.00,20.00,"Credit Card",Online,2022-06-11,
TXN_7191448,CUST_07,"Computers and electric accessories",Item_7_CEA,14.00,3.00,42.00,"Digital Wallet",Online,2024-06-15,
TXN_7528741,CUST_25,Beverages,Item_11_BEV,20.00,5.00,100.00,Cash,Online,2022-01-20,
TXN_1957321,CUST_17,"Milk Products",Item_20_MILK,33.50,10.00,335.00,"Credit Card",In-store,2023-07-21,
TXN_3638611,CUST_10,Patisserie,Item_4_PAT,9.50,3.00,28.50,"Digital Wallet",Online,2022-04-20,
TXN_8089106,CUST_17,Beverages,Item_10_BEV,18.50,10.00,185.00,"Digital Wallet",Online,2022-09-30,
TXN_6263807,CUST_10,"Computers and electric accessories",Item_16_CEA,27.50,6.00,165.00,Cash,In-store,2023-03-06,
TXN_1220342,CUST_04,Patisserie,Item_24_PAT,39.50,10.00,395.00,"Credit Card",In-store,2024-04-03,
TXN_8098647,CUST_10,Food,Item_18_FOOD,30.50,5.00,152.50,Cash,In-store,2022-02-03,
TXN_7007206,CUST_19,Furniture,Item_8_FUR,15.50,8.00,124.00,"Credit Card",In-store,2022-05-22,
TXN_6182374,CUST_04,Furniture,Item_23_FUR,38.00,5.00,190.00,Cash,In-store,2024-03-27,
TXN_9758765,CUST_07,"Electric household essentials",Item_25_EHE,41.00,1.00,41.00,Cash,In-store,2025-01-02,
TXN_9616920,CUST_05,Food,Item_4_FOOD,9.50,9.00,85.50,Cash,In-store,2022-09-28,
TXN_3724097,CUST_22,"Milk Products",Item_5_MILK,11.00,7.00,77.00,Cash,Online,2023-02-27,
TXN_2157640,CUST_25,Food,Item_1_FOOD,5.00,3.00,15.00,"Digital Wallet",In-store,2023-06-12,
TXN_3333627,CUST_02,Beverages,Item_14_BEV,24.50,9.00,220.50,"Credit Card",Online,2022-04-07,
TXN_9645461,CUST_13,Butchers,Item_11_BUT,20.00,3.00,60.00,"Digital Wallet",Online,2024-08-23,
TXN_7346843,CUST_18,Beverages,Item_16_BEV,27.50,10.00,275.00,"Credit Card",Online,2023-04-25,
TXN_8264473,CUST_03,"Electric household essentials",Item_8_EHE,15.50,5.00,77.50,"Credit Card",In-store,2024-12-13,
TXN_1471597,CUST_16,Furniture,Item_24_FUR,39.50,1.00,39.50,Cash,Online,2023-10-21,
TXN_5405889,CUST_05,Patisserie,Item_7_PAT,14.00,1.00,14.00,Cash,Online,2023-01-08,
TXN_9906846,CUST_08,Beverages,,9.50,0.00,0.00,Cash,Online,2023-10-03,
TXN_5237132,CUST_08,Furniture,,41.00,0.00,0.00,"Digital Wallet",In-store,2022-11-28,
TXN_5285633,CUST_04,Furniture,Item_25_FUR,41.00,9.00,369.00,"Digital Wallet",In-store,2024-07-16,
TXN_3119083,CUST_23,"Computers and electric accessories",Item_9_CEA,17.00,10.00,170.00,"Credit Card",Online,2023-08-02,
TXN_1857275,CUST_04,Furniture,Item_25_FUR,41.00,2.00,82.00,"Credit Card",Online,2023-11-14,
TXN_9925855,CUST_03,Beverages,,0.00,8.00,304.00,"Digital Wallet",In-store,2024-10-02,
TXN_7826312,CUST_09,Beverages,Item_11_BEV,20.00,8.00,160.00,Cash,In-store,2025-01-17,
TXN_7003816,CUST_10,Butchers,,0.00,1.00,21.50,"Credit Card",In-store,2024-07-15,
TXN_6743729,CUST_15,Patisserie,Item_24_PAT,39.50,1.00,39.50,"Credit Card",In-store,2022-03-27,
TXN_1071181,CUST_20,Furniture,Item_17_FUR,29.00,6.00,174.00,Cash,Online,2023-04-16,
TXN_8733845,CUST_04,Patisserie,Item_15_PAT,26.00,8.00,208.00,Cash,In-store,2024-06-16,
TXN_3341595,CUST_11,"Computers and electric accessories",Item_16_CEA,27.50,10.00,275.00,"Digital Wallet",Online,2022-08-05,
TXN_4888163,CUST_12,"Computers and electric accessories",Item_6_CEA,12.50,9.00,112.50,"Digital Wallet",In-store,2023-01-10,
TXN_9069875,CUST_12,Patisserie,Item_20_PAT,33.50,1.00,33.50,"Digital Wallet",Online,2022-05-21,
TXN_8611391,CUST_01,Beverages,Item_20_BEV,33.50,1.00,33.50,"Credit Card",Online,2023-03-24,
TXN_8713743,CUST_07,"Milk Products",Item_18_MILK,30.50,8.00,244.00,"Digital Wallet",Online,2024-05-29,
TXN_1436725,CUST_05,Patisserie,Item_13_PAT,23.00,7.00,161.00,"Digital Wallet",Online,2025-01-14,
TXN_7831436,CUST_12,Furniture,Item_25_FUR,41.00,4.00,164.00,"Digital Wallet",Online,2024-03-20,
TXN_6379175,CUST_12,Beverages,Item_11_BEV,20.00,3.00,60.00,Cash,Online,2024-03-18,
TXN_7607940,CUST_09,Patisserie,Item_9_PAT,17.00,7.00,119.00,"Credit Card",In-store,2023-01-24,
TXN_9487221,CUST_07,Food,Item_6_FOOD,12.50,2.00,25.00,"Credit Card",Online,2022-04-09,
TXN_1311532,CUST_19,"Electric household essentials",Item_7_EHE,14.00,4.00,56.00,"Digital Wallet",Online,2022-04-24,
TXN_6991111,CUST_19,Beverages,Item_1_BEV,5.00,1.00,5.00,Cash,Online,2022-10-02,
TXN_7808220,CUST_25,"Electric household essentials",Item_12_EHE,21.50,1.00,21.50,"Credit Card",Online,2024-11-03,
TXN_3087649,CUST_09,Butchers,Item_3_BUT,8.00,5.00,40.00,"Digital Wallet",In-store,2022-09-18,
TXN_3222789,CUST_07,"Electric household essentials",Item_17_EHE,29.00,6.00,174.00,Cash,In-store,2024-01-08,
TXN_4189375,CUST_24,Food,Item_25_FOOD,41.00,9.00,369.00,Cash,In-store,2024-05-31,
TXN_5597494,CUST_05,Furniture,Item_6_FUR,12.50,5.00,62.50,"Credit Card",In-store,2024-05-27,
TXN_1814602,CUST_15,Patisserie,Item_11_PAT,20.00,2.00,40.00,"Digital Wallet",Online,2023-11-17,
TXN_6882924,CUST_07,Patisserie,Item_14_PAT,24.50,3.00,73.50,"Credit Card",Online,2023-11-15,
TXN_2718953,CUST_11,"Electric household essentials",Item_16_EHE,27.50,7.00,192.50,Cash,Online,2022-01-31,
TXN_6042205,CUST_02,Patisserie,Item_6_PAT,12.50,9.00,112.50,"Credit Card",Online,2024-03-10,
TXN_6218720,CUST_20,Beverages,Item_7_BEV,14.00,8.00,112.00,"Digital Wallet",In-store,2023-06-01,
TXN_3728004,CUST_25,Beverages,,0.00,3.00,46.50,Cash,In-store,2022-08-23,
TXN_2771791,CUST_13,"Milk Products",Item_3_MILK,8.00,10.00,80.00,"Digital Wallet",In-store,2022-03-06,
TXN_5044628,CUST_01,Butchers,Item_25_BUT,41.00,9.00,369.00,"Digital Wallet",In-store,2022-01-07,
TXN_3976812,CUST_23,Beverages,Item_20_BEV,33.50,8.00,268.00,"Digital Wallet",Online,2022-12-22,
TXN_9587605,CUST_08,Butchers,Item_5_BUT,11.00,7.00,77.00,"Digital Wallet",Online,2022-11-20,
TXN_9924929,CUST_24,Food,Item_24_FOOD,39.50,10.00,395.00,"Digital Wallet",Online,2022-11-16,
TXN_6267293,CUST_07,Beverages,Item_11_BEV,20.00,4.00,80.00,Cash,In-store,2023-12-28,
TXN_4815763,CUST_03,"Electric household essentials",Item_5_EHE,11.00,6.00,66.00,"Credit Card",Online,2022-08-03,
TXN_9052463,CUST_04,Beverages,Item_3_BEV,8.00,2.00,16.00,Cash,In-store,2022-03-28,
TXN_9661106,CUST_06,Furniture,Item_8_FUR,15.50,2.00,31.00,"Credit Card",Online,2023-10-11,
TXN_9655788,CUST_05,"Milk Products",Item_7_MILK,14.00,6.00,84.00,Cash,In-store,2023-07-25,
TXN_9270410,CUST_02,"Milk Products",Item_17_MILK,29.00,1.00,29.00,"Digital Wallet",Online,2024-04-28,
TXN_7762955,CUST_18,Patisserie,Item_7_PAT,14.00,9.00,126.00,Cash,In-store,2023-09-06,
TXN_9271252,CUST_13,Furniture,Item_23_FUR,38.00,1.00,38.00,Cash,In-store,2022-04-21,
TXN_7893362,CUST_13,Beverages,Item_14_BEV,24.50,2.00,49.00,Cash,Online,2024-06-03,
TXN_5883129,CUST_03,Butchers,Item_23_BUT,38.00,6.00,228.00,Cash,In-store,2022-09-10,
TXN_2636794,CUST_08,Patisserie,Item_10_PAT,18.50,3.00,55.50,"Credit Card",Online,2024-05-26,
TXN_1289671,CUST_18,Butchers,Item_7_BUT,14.00,9.00,126.00,"Credit Card",In-store,2022-12-25,
TXN_5083959,CUST_06,"Computers and electric accessories",Item_25_CEA,41.00,3.00,123.00,"Credit Card",In-store,2024-01-02,
TXN_8635580,CUST_22,"Electric household essentials",Item_19_EHE,32.00,6.00,192.00,"Credit Card",In-store,2024-02-07,
TXN_1284624,CUST_03,"Computers and electric accessories",Item_12_CEA,21.50,6.00,129.00,Cash,In-store,2024-05-17,
TXN_8619328,CUST_02,"Electric household essentials",Item_4_EHE,9.50,4.00,38.00,"Credit Card",Online,2025-01-11,
TXN_9217819,CUST_16,Furniture,Item_2_FUR,6.50,8.00,52.00,"Digital Wallet",In-store,2022-11-04,
TXN_9551364,CUST_11,Butchers,,8.00,0.00,0.00,"Credit Card",In-store,2022-06-27,
TXN_4195168,CUST_15,Beverages,Item_11_BEV,20.00,2.00,40.00,Cash,In-store,2023-07-01,
TXN_7164121,CUST_21,Food,Item_10_FOOD,18.50,2.00,37.00,"Digital Wallet",Online,2022-01-08,
TXN_2712384,CUST_17,Furniture,Item_20_FUR,33.50,6.00,201.00,"Digital Wallet",Online,2023-07-30,
TXN_2393460,CUST_04,Food,Item_11_FOOD,20.00,2.00,40.00,"Digital Wallet",In-store,2022-05-11,
TXN_5849592,CUST_01,Beverages,Item_7_BEV,14.00,2.00,28.00,"Credit Card",Online,2024-05-17,
TXN_1419872,CUST_11,Furniture,,9.50,0.00,0.00,"Digital Wallet",Online,2022-06-04,
TXN_4047279,CUST_09,"Electric household essentials",,0.00,1.00,36.50,"Credit Card",In-store,2024-07-08,
TXN_4128346,CUST_14,Beverages,,0.00,3.00,42.00,Cash,In-store,2024-01-31,
TXN_2984723,CUST_06,Beverages,Item_16_BEV,27.50,2.00,55.00,"Digital Wallet",Online,2022-06-13,
TXN_5147079,CUST_07,Food,Item_16_FOOD,27.50,4.00,110.00,Cash,In-store,2024-06-20,
TXN_6547993,CUST_25,Food,Item_11_FOOD,20.00,9.00,180.00,"Digital Wallet",Online,2023-01-25,
TXN_4276894,CUST_07,Patisserie,Item_20_PAT,33.50,3.00,100.50,Cash,Online,2023-03-19,
TXN_3349848,CUST_13,Butchers,Item_13_BUT,23.00,1.00,23.00,"Credit Card",In-store,2023-06-08,
TXN_4248793,CUST_23,"Milk Products",Item_22_MILK,36.50,3.00,109.50,Cash,Online,2024-01-13,
TXN_7071653,CUST_21,"Computers and electric accessories",Item_15_CEA,26.00,6.00,156.00,"Digital Wallet",Online,2023-12-13,
TXN_8149206,CUST_05,"Milk Products",Item_6_MILK,12.50,2.00,25.00,Cash,In-store,2024-11-15,
TXN_3827330,CUST_16,"Computers and electric accessories",Item_13_CEA,23.00,9.00,207.00,Cash,In-store,2022-02-24,
TXN_7588123,CUST_05,"Electric household essentials",Item_16_EHE,27.50,9.00,247.50,"Digital Wallet",Online,2022-04-03,
TXN_9994084,CUST_24,Food,Item_22_FOOD,36.50,4.00,146.00,"Credit Card",Online,2022-02-17,
TXN_9999729,CUST_15,Butchers,Item_23_BUT,38.00,5.00,190.00,Cash,In-store,2022-10-28,
TXN_5683061,CUST_02,"Electric household essentials",Item_15_EHE,26.00,8.00,208.00,"Credit Card",In-store,2022-05-27,
TXN_9618826,CUST_05,Butchers,Item_24_BUT,39.50,1.00,39.50,"Digital Wallet",In-store,2024-03-12,
TXN_3734062,CUST_07,Food,Item_12_FOOD,21.50,8.00,172.00,"Digital Wallet",In-store,2023-07-10,
TXN_8543627,CUST_23,"Electric household essentials",Item_12_EHE,21.50,6.00,129.00,"Credit Card",Online,2022-06-24,
TXN_5964540,CUST_19,"Milk Products",Item_13_MILK,23.00,5.00,115.00,"Credit Card",Online,2023-07-22,
TXN_1435751,CUST_19,Butchers,Item_6_BUT,12.50,8.00,100.00,Cash,Online,2024-10-11,
TXN_2038677,CUST_23,Butchers,Item_15_BUT,26.00,7.00,182.00,"Digital Wallet",Online,2022-12-28,
TXN_7805723,CUST_10,"Milk Products",Item_23_MILK,38.00,2.00,76.00,"Digital Wallet",In-store,2024-09-15,
TXN_5634676,CUST_18,"Electric household essentials",Item_24_EHE,39.50,6.00,237.00,Cash,Online,2023-05-25,
TXN_8297438,CUST_05,Furniture,Item_24_FUR,39.50,3.00,118.50,Cash,In-store,2023-05-31,
TXN_2701654,CUST_21,"Computers and electric accessories",,0.00,1.00,35.00,"Credit Card",In-store,2022-01-06,
TXN_4601780,CUST_10,"Milk Products",Item_16_MILK,27.50,7.00,192.50,"Credit Card",In-store,2022-11-06,
TXN_4953220,CUST_08,Beverages,Item_5_BEV,11.00,9.00,99.00,"Digital Wallet",In-store,2022-01-30,
TXN_6992751,CUST_19,"Milk Products",Item_22_MILK,36.50,3.00,109.50,"Credit Card",In-store,2024-01-25,
TXN_3349989,CUST_07,"Milk Products",Item_18_MILK,30.50,7.00,213.50,Cash,Online,2023-09-16,
TXN_9522195,CUST_19,Food,Item_3_FOOD,8.00,3.00,24.00,"Credit Card",In-store,2023-11-21,
TXN_3516808,CUST_25,Beverages,Item_3_BEV,8.00,9.00,72.00,"Digital Wallet",Online,2023-10-20,
TXN_9659189,CUST_13,"Computers and electric accessories",,33.50,0.00,0.00,"Credit Card",Online,2024-06-20,
TXN_3745364,CUST_21,Beverages,Item_18_BEV,30.50,4.00,122.00,"Credit Card",In-store,2022-02-23,
TXN_1208593,CUST_21,Patisserie,,20.00,0.00,0.00,"Credit Card",In-store,2022-11-19,
TXN_5347448,CUST_18,Patisserie,Item_5_PAT,11.00,8.00,88.00,"Credit Card",In-store,2022-08-29,
TXN_4349260,CUST_10,Food,Item_13_FOOD,23.00,4.00,92.00,"Digital Wallet",In-store,2024-12-10,
TXN_7112426,CUST_01,Furniture,Item_15_FUR,26.00,8.00,208.00,Cash,In-store,2023-04-07,
TXN_6660227,CUST_25,"Computers and electric accessories",Item_5_CEA,11.00,1.00,11.00,"Credit Card",In-store,2022-04-18,
TXN_4840405,CUST_19,"Electric household essentials",Item_9_EHE,17.00,4.00,68.00,"Digital Wallet",In-store,2023-02-05,
TXN_6405052,CUST_07,Food,Item_14_FOOD,24.50,9.00,220.50,"Digital Wallet",Online,2023-06-14,
TXN_7164174,CUST_21,Food,Item_12_FOOD,21.50,1.00,21.50,"Digital Wallet",Online,2022-03-17,
TXN_5127072,CUST_18,"Electric household essentials",,33.50,0.00,0.00,"Credit Card",In-store,2023-09-21,
TXN_2324445,CUST_13,"Computers and electric accessories",Item_16_CEA,27.50,10.00,275.00,Cash,In-store,2024-04-25,
TXN_4467718,CUST_04,Food,Item_14_FOOD,24.50,1.00,24.50,Cash,In-store,2022-07-28,
TXN_1297992,CUST_11,"Milk Products",Item_5_MILK,11.00,3.00,33.00,"Digital Wallet",In-store,2022-06-28,
TXN_1004284,CUST_15,"Milk Products",Item_25_MILK,41.00,3.00,123.00,Cash,Online,2023-09-25,
TXN_2369635,CUST_09,Patisserie,Item_14_PAT,24.50,3.00,73.50,Cash,Online,2023-11-16,
TXN_9582745,CUST_06,Furniture,Item_2_FUR,6.50,6.00,39.00,Cash,Online,2022-03-16,
TXN_6641377,CUST_06,Butchers,Item_18_BUT,30.50,8.00,244.00,Cash,Online,2023-12-11,
TXN_8493772,CUST_18,Butchers,Item_6_BUT,12.50,8.00,100.00,"Credit Card",Online,2023-09-04,
TXN_7611850,CUST_19,Beverages,Item_2_BEV,6.50,4.00,26.00,"Digital Wallet",Online,2023-06-22,
TXN_9816328,CUST_01,Butchers,Item_7_BUT,14.00,2.00,28.00,"Digital Wallet",Online,2024-08-27,
TXN_9065992,CUST_16,"Electric household essentials",Item_24_EHE,39.50,8.00,316.00,"Digital Wallet",Online,2024-02-12,
TXN_4899333,CUST_08,"Milk Products",Item_23_MILK,38.00,6.00,228.00,Cash,Online,2023-08-06,
TXN_3810083,CUST_14,"Milk Products",Item_16_MILK,27.50,1.00,27.50,"Credit Card",Online,2022-05-11,
TXN_3243252,CUST_25,"Electric household essentials",Item_20_EHE,33.50,1.00,33.50,"Credit Card",Online,2024-02-15,
TXN_7053696,CUST_18,"Electric household essentials",Item_12_EHE,21.50,1.00,21.50,"Digital Wallet",In-store,2024-08-14,
TXN_6541492,CUST_14,"Electric household essentials",Item_11_EHE,20.00,4.00,80.00,Cash,In-store,2023-05-02,
TXN_8576039,CUST_20,"Milk Products",Item_16_MILK,27.50,2.00,55.00,"Digital Wallet",Online,2024-08-20,
TXN_4057105,CUST_18,Food,Item_9_FOOD,17.00,1.00,17.00,Cash,In-store,2023-04-19,
TXN_2503594,CUST_06,"Electric household essentials",Item_8_EHE,15.50,3.00,46.50,"Credit Card",Online,2023-04-09,
TXN_1243748,CUST_25,"Computers and electric accessories",Item_2_CEA,6.50,3.00,19.50,"Credit Card",Online,2023-05-23,
TXN_1075886,CUST_14,Furniture,Item_3_FUR,8.00,4.00,32.00,"Digital Wallet",Online,2024-08-21,
TXN_3072387,CUST_25,Furniture,Item_11_FUR,20.00,9.00,180.00,"Credit Card",Online,2023-11-08,
TXN_2573370,CUST_05,Beverages,Item_15_BEV,26.00,10.00,260.00,Cash,In-store,2023-09-27,
TXN_7599500,CUST_16,Furniture,Item_5_FUR,11.00,9.00,99.00,Cash,In-store,2022-01-15,
TXN_2028203,CUST_03,Beverages,Item_18_BEV,30.50,2.00,61.00,Cash,In-store,2023-06-05,
TXN_1087400,CUST_08,Food,Item_17_FOOD,29.00,2.00,58.00,Cash,Online,2023-07-14,
TXN_8396647,CUST_18,"Electric household essentials",Item_25_EHE,41.00,5.00,205.00,Cash,In-store,2023-02-24,
TXN_4088113,CUST_03,Food,Item_12_FOOD,21.50,4.00,86.00,"Digital Wallet",Online,2022-04-14,
TXN_7783753,CUST_12,"Electric household essentials",Item_2_EHE,6.50,8.00,52.00,"Credit Card",Online,2023-03-10,
TXN_5520385,CUST_24,"Milk Products",,0.00,5.00,137.50,"Digital Wallet",In-store,2024-09-28,
TXN_5649900,CUST_12,Patisserie,Item_1_PAT,5.00,7.00,35.00,"Digital Wallet",Online,2024-02-14,
TXN_9074980,CUST_02,Food,,11.00,0.00,0.00,"Credit Card",In-store,2024-10-07,
TXN_9634433,CUST_03,"Electric household essentials",Item_6_EHE,12.50,7.00,87.50,Cash,Online,2024-12-19,
TXN_1931355,CUST_15,Furniture,Item_14_FUR,24.50,3.00,73.50,"Digital Wallet",In-store,2022-09-30,
TXN_4538515,CUST_12,Beverages,Item_24_BEV,39.50,3.00,118.50,"Credit Card",Online,2023-08-13,
TXN_3963107,CUST_13,Beverages,Item_24_BEV,39.50,7.00,276.50,"Digital Wallet",Online,2023-12-20,
TXN_9321773,CUST_20,Butchers,Item_17_BUT,29.00,8.00,232.00,"Digital Wallet",Online,2023-06-10,
TXN_1498100,CUST_17,"Electric household essentials",Item_9_EHE,17.00,6.00,102.00,"Credit Card",In-store,2023-01-28,
TXN_2560977,CUST_07,"Electric household essentials",Item_17_EHE,29.00,4.00,116.00,"Credit Card",In-store,2024-10-20,
TXN_2770735,CUST_23,Patisserie,Item_23_PAT,38.00,2.00,76.00,"Digital Wallet",In-store,2022-07-29,
TXN_1453840,CUST_24,Food,Item_16_FOOD,27.50,4.00,110.00,"Digital Wallet",Online,2024-02-03,
TXN_7126481,CUST_02,Food,Item_17_FOOD,29.00,7.00,203.00,"Digital Wallet",In-store,2023-02-04,
TXN_5274417,CUST_03,"Milk Products",Item_16_MILK,27.50,5.00,137.50,Cash,In-store,2023-11-09,
TXN_9248009,CUST_06,"Computers and electric accessories",Item_11_CEA,20.00,7.00,140.00,Cash,In-store,2023-06-10,
TXN_2735321,CUST_06,Food,Item_24_FOOD,39.50,7.00,276.50,Cash,In-store,2023-10-24,
TXN_1931392,CUST_20,"Milk Products",Item_4_MILK,9.50,2.00,19.00,"Digital Wallet",Online,2022-10-10,
TXN_4786607,CUST_13,"Electric household essentials",Item_5_EHE,11.00,10.00,110.00,"Credit Card",In-store,2024-07-13,
TXN_3986838,CUST_21,Beverages,Item_24_BEV,39.50,10.00,395.00,"Digital Wallet",In-store,2024-02-04,
TXN_3163776,CUST_11,Butchers,Item_12_BUT,21.50,2.00,43.00,"Credit Card",Online,2022-01-08,
TXN_1172683,CUST_10,Food,Item_12_FOOD,21.50,8.00,172.00,"Digital Wallet",In-store,2023-07-10,
TXN_3068888,CUST_05,Beverages,Item_20_BEV,33.50,2.00,67.00,"Digital Wallet",In-store,2024-03-01,
TXN_1683620,CUST_19,Beverages,Item_4_BEV,9.50,1.00,9.50,Cash,Online,2022-12-04,
TXN_7346745,CUST_14,"Electric household essentials",Item_7_EHE,14.00,7.00,98.00,"Digital Wallet",In-store,2022-06-05,
TXN_1305990,CUST_22,"Computers and electric accessories",Item_25_CEA,41.00,1.00,41.00,"Credit Card",Online,2023-07-29,
TXN_6250088,CUST_10,Beverages,Item_2_BEV,6.50,2.00,13.00,"Digital Wallet",In-store,2022-08-26,
TXN_2973939,CUST_17,Food,Item_17_FOOD,29.00,3.00,87.00,Cash,Online,2022-09-06,
TXN_2582556,CUST_11,Furniture,Item_11_FUR,20.00,8.00,160.00,Cash,In-store,2024-04-19,
TXN_6657595,CUST_12,Beverages,Item_12_BEV,21.50,3.00,64.50,"Credit Card",Online,2022-04-07,
TXN_4893885,CUST_21,"Computers and electric accessories",Item_22_CEA,36.50,7.00,255.50,"Credit Card",Online,2023-08-28,
TXN_1289184,CUST_22,Butchers,Item_6_BUT,12.50,6.00,75.00,"Credit Card",In-store,2023-08-02,
TXN_6976106,CUST_14,"Computers and electric accessories",Item_12_CEA,21.50,9.00,193.50,"Digital Wallet",Online,2023-01-23,
TXN_7928826,CUST_12,Patisserie,Item_4_PAT,9.50,1.00,9.50,"Digital Wallet",In-store,2025-01-08,
TXN_3553069,CUST_21,"Electric household essentials",Item_24_EHE,39.50,9.00,355.50,"Credit Card",Online,2022-07-21,
TXN_1382423,CUST_02,Butchers,Item_22_BUT,36.50,4.00,146.00,"Digital Wallet",Online,2024-10-03,
TXN_5590212,CUST_24,Furniture,Item_17_FUR,29.00,4.00,116.00,Cash,Online,2022-07-21,
TXN_2977393,CUST_23,Beverages,Item_2_BEV,6.50,1.00,6.50,"Credit Card",In-store,2022-06-16,
TXN_2968416,CUST_17,Food,,39.50,0.00,0.00,"Digital Wallet",Online,2022-04-13,
TXN_4260472,CUST_21,Furniture,Item_14_FUR,24.50,5.00,122.50,"Digital Wallet",In-store,2023-05-23,
TXN_6945422,CUST_14,Patisserie,Item_22_PAT,36.50,10.00,365.00,Cash,In-store,2024-09-17,
TXN_2564188,CUST_05,Patisserie,,12.50,0.00,0.00,"Credit Card",In-store,2024-04-14,
TXN_2406573,CUST_04,"Milk Products",Item_17_MILK,29.00,10.00,290.00,"Digital Wallet",In-store,2022-03-02,
TXN_1696105,CUST_15,"Computers and electric accessories",Item_21_CEA,35.00,3.00,105.00,Cash,Online,2022-01-30,
TXN_2029167,CUST_22,Food,Item_2_FOOD,6.50,10.00,65.00,"Credit Card",Online,2024-05-22,
TXN_2534435,CUST_12,Patisserie,Item_12_PAT,21.50,10.00,215.00,"Credit Card",Online,2024-08-29,
TXN_2891447,CUST_19,"Computers and electric accessories",Item_15_CEA,26.00,5.00,130.00,Cash,Online,2022-04-11,
TXN_3500597,CUST_03,Patisserie,Item_11_PAT,20.00,7.00,140.00,"Digital Wallet",In-store,2022-07-20,
TXN_1676641,CUST_04,Patisserie,Item_23_PAT,38.00,2.00,76.00,"Credit Card",In-store,2023-02-14,
TXN_7117116,CUST_12,"Computers and electric accessories",Item_11_CEA,20.00,7.00,140.00,Cash,Online,2023-09-12,
TXN_6717441,CUST_02,"Milk Products",Item_5_MILK,11.00,8.00,88.00,"Credit Card",In-store,2024-11-25,
TXN_9296085,CUST_25,Beverages,Item_13_BEV,23.00,8.00,184.00,"Digital Wallet",Online,2024-12-08,
TXN_8165628,CUST_25,Patisserie,Item_6_PAT,12.50,3.00,37.50,"Credit Card",Online,2023-04-19,
TXN_8377185,CUST_21,"Electric household essentials",Item_23_EHE,38.00,8.00,304.00,Cash,In-store,2024-02-04,
TXN_5899779,CUST_10,Furniture,Item_24_FUR,39.50,6.00,237.00,"Credit Card",In-store,2024-11-15,
TXN_9881966,CUST_16,Beverages,Item_4_BEV,9.50,10.00,95.00,"Credit Card",Online,2024-12-27,
TXN_7493700,CUST_15,Beverages,Item_20_BEV,33.50,8.00,268.00,"Digital Wallet",In-store,2022-06-13,
TXN_3475045,CUST_04,"Computers and electric accessories",Item_15_CEA,26.00,1.00,26.00,Cash,Online,2025-01-13,
TXN_8114380,CUST_19,Beverages,Item_17_BEV,29.00,5.00,145.00,Cash,Online,2024-12-15,
TXN_3023899,CUST_14,Furniture,Item_5_FUR,11.00,8.00,88.00,"Digital Wallet",In-store,2024-12-30,
TXN_4705033,CUST_09,Patisserie,Item_11_PAT,20.00,3.00,60.00,"Credit Card",Online,2023-08-30,
TXN_3003679,CUST_01,Beverages,Item_8_BEV,15.50,10.00,155.00,"Digital Wallet",Online,2022-09-23,
TXN_1634206,CUST_17,Butchers,Item_20_BUT,33.50,8.00,268.00,"Digital Wallet",In-store,2024-11-21,
TXN_9796982,CUST_05,"Milk Products",Item_7_MILK,14.00,6.00,84.00,"Credit Card",In-store,2022-03-29,
TXN_1201977,CUST_08,Furniture,Item_1_FUR,5.00,10.00,50.00,"Credit Card",In-store,2023-04-27,
TXN_6113286,CUST_07,"Electric household essentials",Item_12_EHE,21.50,3.00,64.50,Cash,In-store,2023-12-05,
TXN_3955193,CUST_04,"Milk Products",Item_21_MILK,35.00,6.00,210.00,"Digital Wallet",Online,2024-05-21,
TXN_8473783,CUST_13,Food,Item_14_FOOD,24.50,1.00,24.50,Cash,Online,2024-12-29,
TXN_9104951,CUST_07,"Milk Products",Item_8_MILK,15.50,1.00,15.50,"Credit Card",Online,2024-04-27,
TXN_3604823,CUST_11,"Milk Products",Item_5_MILK,11.00,7.00,77.00,"Credit Card",Online,2023-08-05,
TXN_5501227,CUST_20,Butchers,Item_3_BUT,8.00,9.00,72.00,"Credit Card",Online,2024-08-11,
TXN_5044258,CUST_04,"Computers and electric accessories",,0.00,10.00,260.00,"Digital Wallet",Online,2023-01-26,
TXN_4433717,CUST_06,Butchers,Item_2_BUT,6.50,4.00,26.00,Cash,In-store,2022-08-10,
TXN_7013735,CUST_25,Furniture,,39.50,0.00,0.00,"Credit Card",Online,2022-11-07,
TXN_4892102,CUST_12,"Milk Products",Item_19_MILK,32.00,5.00,160.00,Cash,In-store,2022-01-14,
TXN_8661004,CUST_13,Beverages,Item_2_BEV,6.50,6.00,39.00,"Digital Wallet",Online,2025-01-08,
TXN_1991165,CUST_13,"Computers and electric accessories",Item_14_CEA,24.50,3.00,73.50,"Credit Card",In-store,2023-05-16,
TXN_2797531,CUST_12,"Milk Products",Item_3_MILK,8.00,5.00,40.00,"Credit Card",In-store,2022-02-01,
TXN_6607897,CUST_20,"Milk Products",Item_7_MILK,14.00,8.00,112.00,"Credit Card",In-store,2022-10-02,
TXN_2775332,CUST_04,Furniture,Item_15_FUR,26.00,2.00,52.00,"Credit Card",In-store,2025-01-02,
TXN_8186737,CUST_08,Patisserie,,0.00,5.00,167.50,"Credit Card",Online,2023-05-16,
TXN_5945537,CUST_15,"Computers and electric accessories",Item_25_CEA,41.00,8.00,328.00,"Credit Card",In-store,2024-02-14,
TXN_6603466,CUST_22,Furniture,Item_2_FUR,6.50,9.00,58.50,Cash,Online,2023-08-26,
TXN_5665378,CUST_14,Furniture,Item_24_FUR,39.50,4.00,158.00,Cash,Online,2022-03-09,
TXN_7755568,CUST_09,Butchers,Item_5_BUT,11.00,3.00,33.00,"Digital Wallet",In-store,2023-05-07,
TXN_7949139,CUST_22,"Milk Products",Item_11_MILK,20.00,6.00,120.00,"Credit Card",Online,2024-12-07,
TXN_2969024,CUST_14,"Electric household essentials",Item_18_EHE,30.50,3.00,91.50,"Digital Wallet",Online,2022-01-19,
TXN_9633424,CUST_14,Beverages,Item_14_BEV,24.50,6.00,147.00,"Digital Wallet",Online,2023-03-20,
TXN_4002530,CUST_14,"Milk Products",Item_12_MILK,21.50,1.00,21.50,Cash,In-store,2022-05-30,
TXN_1230120,CUST_22,Patisserie,Item_15_PAT,26.00,4.00,104.00,"Credit Card",Online,2024-04-10,
TXN_4595509,CUST_06,Food,Item_4_FOOD,9.50,10.00,95.00,"Digital Wallet",Online,2024-04-26,
TXN_1693687,CUST_25,"Computers and electric accessories",Item_2_CEA,6.50,2.00,13.00,"Digital Wallet",Online,2023-08-31,
TXN_9997234,CUST_02,Butchers,Item_25_BUT,41.00,8.00,328.00,Cash,In-store,2024-09-26,
TXN_3794593,CUST_02,Butchers,Item_5_BUT,11.00,8.00,88.00,Cash,Online,2023-08-18,
TXN_4415248,CUST_18,Furniture,Item_20_FUR,33.50,3.00,100.50,"Credit Card",Online,2024-10-20,
TXN_5449515,CUST_08,"Milk Products",Item_17_MILK,29.00,8.00,232.00,"Digital Wallet",Online,2024-09-24,
TXN_3537194,CUST_08,"Computers and electric accessories",Item_15_CEA,26.00,3.00,78.00,"Credit Card",In-store,2024-04-13,
TXN_6983787,CUST_24,"Electric household essentials",Item_18_EHE,30.50,8.00,244.00,"Digital Wallet",In-store,2024-11-29,
TXN_4075095,CUST_02,Beverages,Item_8_BEV,15.50,6.00,93.00,Cash,Online,2024-04-11,
TXN_9764772,CUST_25,"Electric household essentials",Item_1_EHE,5.00,5.00,25.00,"Digital Wallet",Online,2022-05-01,
TXN_9534133,CUST_20,"Milk Products",Item_20_MILK,33.50,7.00,234.50,"Credit Card",Online,2022-04-14,
TXN_8906015,CUST_13,"Computers and electric accessories",Item_13_CEA,23.00,8.00,184.00,"Digital Wallet",Online,2022-03-01,
TXN_8894971,CUST_09,"Electric household essentials",Item_17_EHE,29.00,8.00,232.00,Cash,In-store,2023-12-28,
TXN_6314451,CUST_03,Patisserie,Item_10_PAT,18.50,5.00,92.50,"Digital Wallet",Online,2023-01-10,
TXN_7533495,CUST_22,"Electric household essentials",Item_12_EHE,21.50,7.00,150.50,"Credit Card",Online,2025-01-15,
TXN_3272067,CUST_02,"Milk Products",Item_6_MILK,12.50,6.00,75.00,"Credit Card",Online,2022-08-16,
TXN_3234903,CUST_06,Patisserie,Item_24_PAT,39.50,3.00,118.50,"Credit Card",In-store,2022-05-18,
TXN_1517860,CUST_14,"Milk Products",Item_17_MILK,29.00,4.00,116.00,"Credit Card",Online,2023-07-01,
TXN_1209021,CUST_18,"Milk Products",Item_5_MILK,11.00,6.00,66.00,"Credit Card",Online,2024-11-11,
TXN_4718422,CUST_04,"Milk Products",,0.00,1.00,20.00,Cash,Online,2023-05-26,
TXN_9196283,CUST_25,Food,Item_9_FOOD,17.00,9.00,153.00,Cash,Online,2023-09-09,
TXN_1829770,CUST_22,"Milk Products",Item_7_MILK,14.00,2.00,28.00,Cash,Online,2022-06-29,
TXN_7190013,CUST_04,Beverages,Item_14_BEV,24.50,10.00,245.00,"Credit Card",Online,2024-06-23,
TXN_2966161,CUST_17,"Electric household essentials",Item_25_EHE,41.00,9.00,369.00,"Digital Wallet",Online,2024-01-18,
TXN_9246983,CUST_09,"Electric household essentials",,26.00,0.00,0.00,Cash,Online,2024-07-24,
TXN_3800683,CUST_03,Furniture,Item_6_FUR,12.50,7.00,87.50,Cash,Online,2022-11-20,
TXN_1300257,CUST_03,Furniture,Item_20_FUR,33.50,6.00,201.00,Cash,Online,2022-07-18,
TXN_6314178,CUST_12,"Computers and electric accessories",Item_9_CEA,17.00,9.00,153.00,"Digital Wallet",Online,2022-12-27,
TXN_9174754,CUST_05,"Electric household essentials",Item_9_EHE,17.00,7.00,119.00,"Credit Card",Online,2024-07-10,
TXN_9086462,CUST_10,Furniture,Item_6_FUR,12.50,1.00,12.50,"Digital Wallet",Online,2024-08-27,
TXN_7941502,CUST_17,Food,Item_21_FOOD,35.00,9.00,315.00,"Digital Wallet",In-store,2023-11-19,
TXN_8229242,CUST_16,Beverages,Item_11_BEV,20.00,4.00,80.00,"Digital Wallet",In-store,2024-11-29,
TXN_8360784,CUST_05,Furniture,Item_12_FUR,21.50,5.00,107.50,"Digital Wallet",Online,2022-09-06,
TXN_7070508,CUST_01,"Computers and electric accessories",Item_9_CEA,17.00,1.00,17.00,"Credit Card",In-store,2022-09-22,
TXN_7852820,CUST_19,"Milk Products",Item_8_MILK,15.50,10.00,155.00,"Credit Card",Online,2024-07-09,
TXN_6989263,CUST_19,"Electric household essentials",Item_19_EHE,32.00,2.00,64.00,Cash,In-store,2023-12-04,
TXN_2398549,CUST_15,"Milk Products",Item_23_MILK,38.00,5.00,190.00,Cash,In-store,2023-01-09,
TXN_4984302,CUST_25,Beverages,Item_14_BEV,24.50,10.00,245.00,Cash,Online,2022-02-17,
TXN_7275320,CUST_04,"Electric household essentials",Item_18_EHE,30.50,2.00,61.00,"Credit Card",Online,2022-09-30,
TXN_9123011,CUST_21,Butchers,Item_18_BUT,30.50,3.00,91.50,Cash,In-store,2023-06-09,
TXN_1207984,CUST_17,Food,,0.00,6.00,174.00,"Credit Card",In-store,2022-05-10,
TXN_7758732,CUST_01,Butchers,Item_7_BUT,14.00,8.00,112.00,"Digital Wallet",In-store,2022-11-11,
TXN_6292683,CUST_08,Food,Item_22_FOOD,36.50,8.00,292.00,"Credit Card",Online,2023-07-28,
TXN_8242549,CUST_08,Furniture,Item_15_FUR,26.00,6.00,156.00,"Digital Wallet",Online,2023-01-08,
TXN_4459141,CUST_25,Beverages,Item_14_BEV,24.50,9.00,220.50,"Digital Wallet",Online,2023-03-28,
TXN_1168511,CUST_05,Food,Item_11_FOOD,20.00,2.00,40.00,"Digital Wallet",Online,2022-05-03,
TXN_6187461,CUST_14,Food,Item_13_FOOD,23.00,3.00,69.00,Cash,Online,2023-03-05,
TXN_9779568,CUST_17,"Milk Products",Item_11_MILK,20.00,4.00,80.00,"Digital Wallet",In-store,2022-06-04,
TXN_7342519,CUST_09,Food,Item_20_FOOD,33.50,3.00,100.50,Cash,Online,2022-09-30,
TXN_1888268,CUST_14,"Milk Products",Item_4_MILK,9.50,6.00,57.00,"Digital Wallet",Online,2023-07-29,
TXN_4979950,CUST_17,Food,Item_5_FOOD,11.00,8.00,88.00,"Digital Wallet",In-store,2022-10-17,
TXN_4086576,CUST_07,Beverages,Item_19_BEV,32.00,9.00,288.00,"Digital Wallet",Online,2024-04-09,
TXN_4727980,CUST_06,Furniture,Item_11_FUR,20.00,3.00,60.00,"Digital Wallet",Online,2023-11-17,
TXN_7017635,CUST_14,"Milk Products",Item_8_MILK,15.50,7.00,108.50,Cash,Online,2023-09-11,
TXN_6203082,CUST_16,"Computers and electric accessories",Item_15_CEA,26.00,10.00,260.00,Cash,In-store,2024-01-12,
TXN_9580760,CUST_08,"Computers and electric accessories",Item_11_CEA,20.00,7.00,140.00,"Credit Card",Online,2023-11-20,
TXN_7793902,CUST_06,Patisserie,Item_1_PAT,5.00,8.00,40.00,"Digital Wallet",In-store,2023-04-01,
TXN_1950133,CUST_05,Food,Item_13_FOOD,23.00,3.00,69.00,"Credit Card",Online,2023-11-11,
TXN_9029187,CUST_16,Food,Item_21_FOOD,35.00,5.00,175.00,"Credit Card",In-store,2022-08-15,
TXN_6681054,CUST_04,Furniture,Item_21_FUR,35.00,4.00,140.00,"Credit Card",Online,2024-02-06,
TXN_5721092,CUST_07,Patisserie,Item_20_PAT,33.50,5.00,167.50,"Digital Wallet",In-store,2023-08-07,
TXN_2501669,CUST_11,"Electric household essentials",Item_20_EHE,33.50,5.00,167.50,Cash,Online,2023-09-27,
TXN_9169164,CUST_10,Beverages,Item_15_BEV,26.00,8.00,208.00,"Credit Card",In-store,2024-10-09,
TXN_1738308,CUST_21,"Computers and electric accessories",Item_16_CEA,27.50,7.00,192.50,"Digital Wallet",In-store,2024-06-28,
TXN_7661176,CUST_01,"Electric household essentials",Item_13_EHE,23.00,9.00,207.00,"Digital Wallet",In-store,2023-06-15,
TXN_5407536,CUST_19,"Electric household essentials",Item_5_EHE,11.00,3.00,33.00,"Credit Card",Online,2023-09-08,
TXN_8242424,CUST_08,"Electric household essentials",Item_8_EHE,15.50,9.00,139.50,Cash,In-store,2022-05-30,
TXN_3964623,CUST_22,"Milk Products",,36.50,0.00,0.00,Cash,In-store,2024-03-01,
TXN_7798410,CUST_20,Food,Item_25_FOOD,41.00,1.00,41.00,"Digital Wallet",Online,2023-04-02,
TXN_5717880,CUST_08,Beverages,Item_15_BEV,26.00,6.00,156.00,Cash,Online,2024-07-11,
TXN_9452460,CUST_08,"Electric household essentials",Item_6_EHE,12.50,8.00,100.00,Cash,In-store,2022-04-18,
TXN_7871535,CUST_12,Butchers,Item_24_BUT,39.50,9.00,355.50,Cash,Online,2022-05-15,
TXN_2553920,CUST_03,Patisserie,Item_15_PAT,26.00,3.00,78.00,"Digital Wallet",Online,2022-11-16,
TXN_7228490,CUST_24,"Milk Products",Item_24_MILK,39.50,8.00,316.00,Cash,In-store,2023-09-09,
TXN_2311938,CUST_01,Food,Item_2_FOOD,6.50,9.00,58.50,"Credit Card",Online,2024-10-19,
TXN_8689868,CUST_18,Butchers,Item_11_BUT,20.00,1.00,20.00,"Digital Wallet",In-store,2024-01-20,
TXN_7853822,CUST_23,Butchers,Item_18_BUT,30.50,8.00,244.00,"Digital Wallet",Online,2022-07-24,
TXN_4711190,CUST_23,"Computers and electric accessories",Item_20_CEA,33.50,4.00,134.00,"Digital Wallet",Online,2023-08-17,
TXN_4488397,CUST_04,Beverages,Item_15_BEV,26.00,7.00,182.00,"Digital Wallet",In-store,2022-02-25,
TXN_1374187,CUST_01,Beverages,Item_11_BEV,20.00,5.00,100.00,Cash,In-store,2024-05-03,
TXN_9128895,CUST_06,"Milk Products",Item_19_MILK,32.00,7.00,224.00,"Credit Card",In-store,2024-05-27,
TXN_3658490,CUST_25,Beverages,Item_3_BEV,8.00,8.00,64.00,"Digital Wallet",In-store,2024-09-30,
TXN_8092468,CUST_25,"Milk Products",Item_17_MILK,29.00,9.00,261.00,Cash,Online,2023-08-18,
TXN_2987293,CUST_08,Butchers,Item_3_BUT,8.00,9.00,72.00,"Credit Card",In-store,2023-05-17,
TXN_4340415,CUST_14,Patisserie,Item_6_PAT,12.50,10.00,125.00,Cash,Online,2024-07-26,
TXN_7359698,CUST_24,Butchers,Item_12_BUT,21.50,8.00,172.00,"Credit Card",Online,2025-01-03,
TXN_2453313,CUST_17,Patisserie,Item_22_PAT,36.50,4.00,146.00,"Credit Card",Online,2023-04-20,
TXN_8957817,CUST_22,Butchers,Item_23_BUT,38.00,6.00,228.00,"Digital Wallet",Online,2024-12-05,
TXN_8126831,CUST_23,Butchers,,29.00,0.00,0.00,"Credit Card",In-store,2023-11-25,
TXN_5862292,CUST_11,Beverages,,14.00,0.00,0.00,"Credit Card",In-store,2023-04-16,
TXN_1031561,CUST_14,Patisserie,Item_16_PAT,27.50,6.00,165.00,"Digital Wallet",In-store,2023-01-04,
TXN_2700658,CUST_19,Beverages,Item_14_BEV,24.50,9.00,220.50,"Digital Wallet",Online,2024-07-28,
TXN_5531565,CUST_21,Beverages,Item_12_BEV,21.50,8.00,172.00,"Digital Wallet",In-store,2022-09-15,
TXN_9314258,CUST_06,Furniture,Item_20_FUR,33.50,2.00,67.00,Cash,In-store,2022-11-14,
TXN_5298336,CUST_21,Food,Item_10_FOOD,18.50,5.00,92.50,Cash,Online,2024-12-22,
TXN_5606970,CUST_11,"Computers and electric accessories",Item_13_CEA,23.00,3.00,69.00,Cash,In-store,2024-07-07,
TXN_2504184,CUST_03,"Milk Products",Item_13_MILK,23.00,3.00,69.00,"Digital Wallet",In-store,2022-05-10,
TXN_3333833,CUST_04,Food,Item_4_FOOD,9.50,1.00,9.50,"Digital Wallet",In-store,2024-08-08,
TXN_8161781,CUST_12,"Electric household essentials",Item_2_EHE,6.50,9.00,58.50,"Digital Wallet",Online,2024-02-15,
TXN_4482538,CUST_10,"Milk Products",Item_11_MILK,20.00,1.00,20.00,"Digital Wallet",Online,2023-12-11,
TXN_2933401,CUST_10,"Electric household essentials",Item_4_EHE,9.50,5.00,47.50,"Credit Card",Online,2023-09-05,
TXN_7817446,CUST_16,"Electric household essentials",Item_13_EHE,23.00,5.00,115.00,Cash,Online,2022-02-16,
TXN_5429014,CUST_17,"Electric household essentials",Item_13_EHE,23.00,5.00,115.00,"Credit Card",In-store,2023-12-06,
TXN_1380719,CUST_18,"Electric household essentials",Item_25_EHE,41.00,7.00,287.00,"Digital Wallet",Online,2024-05-07,
TXN_3203935,CUST_02,"Computers and electric accessories",Item_21_CEA,35.00,6.00,210.00,Cash,In-store,2025-01-03,
TXN_7124384,CUST_10,"Electric household essentials",Item_25_EHE,41.00,5.00,205.00,"Digital Wallet",Online,2024-11-07,
TXN_4880413,CUST_17,Furniture,,20.00,0.00,0.00,Cash,In-store,2022-02-25,
TXN_1143989,CUST_02,Butchers,Item_12_BUT,21.50,1.00,21.50,"Digital Wallet",In-store,2022-08-30,
TXN_9341849,CUST_25,"Electric household essentials",Item_21_EHE,35.00,7.00,245.00,"Digital Wallet",In-store,2024-11-16,
TXN_2024709,CUST_20,"Milk Products",Item_19_MILK,32.00,8.00,256.00,Cash,Online,2022-05-17,
TXN_5643700,CUST_16,Beverages,Item_8_BEV,15.50,1.00,15.50,Cash,Online,2022-04-14,
TXN_7926265,CUST_18,Patisserie,Item_22_PAT,36.50,9.00,328.50,"Credit Card",Online,2023-12-24,
TXN_8763870,CUST_06,"Electric household essentials",Item_25_EHE,41.00,8.00,328.00,Cash,Online,2024-07-26,
TXN_2929086,CUST_25,Butchers,Item_25_BUT,41.00,5.00,205.00,"Digital Wallet",In-store,2022-11-05,
TXN_4801469,CUST_25,Butchers,Item_19_BUT,32.00,2.00,64.00,"Credit Card",Online,2023-11-12,
TXN_4714235,CUST_03,"Milk Products",Item_7_MILK,14.00,8.00,112.00,"Credit Card",In-store,2023-11-27,
TXN_7881392,CUST_14,"Computers and electric accessories",Item_11_CEA,20.00,8.00,160.00,"Digital Wallet",Online,2023-05-13,
TXN_8653997,CUST_20,Beverages,Item_16_BEV,27.50,8.00,220.00,"Credit Card",In-store,2023-01-18,
TXN_8631297,CUST_23,Butchers,Item_18_BUT,30.50,10.00,305.00,"Digital Wallet",Online,2022-02-15,
TXN_4884921,CUST_08,Beverages,Item_4_BEV,9.50,4.00,38.00,"Digital Wallet",In-store,2022-12-28,
TXN_6438974,CUST_17,"Computers and electric accessories",Item_10_CEA,18.50,5.00,92.50,"Credit Card",Online,2024-06-29,
TXN_7005757,CUST_05,Patisserie,Item_7_PAT,14.00,3.00,42.00,"Digital Wallet",In-store,2023-05-28,
TXN_9969837,CUST_04,Furniture,Item_2_FUR,6.50,3.00,19.50,"Credit Card",In-store,2024-03-17,
TXN_8528517,CUST_02,Food,Item_11_FOOD,20.00,9.00,180.00,Cash,In-store,2022-07-13,
TXN_1738657,CUST_04,Furniture,Item_24_FUR,39.50,10.00,395.00,Cash,Online,2023-07-13,
TXN_9779989,CUST_18,"Milk Products",Item_17_MILK,29.00,5.00,145.00,"Credit Card",In-store,2022-03-11,
TXN_7097000,CUST_09,"Milk Products",Item_20_MILK,33.50,8.00,268.00,Cash,In-store,2023-10-15,
TXN_7000637,CUST_16,Furniture,Item_6_FUR,12.50,7.00,87.50,"Digital Wallet",In-store,2024-12-29,
TXN_3857219,CUST_13,"Electric household essentials",Item_20_EHE,33.50,5.00,167.50,"Credit Card",In-store,2022-01-21,
TXN_2682265,CUST_24,"Electric household essentials",Item_19_EHE,32.00,1.00,32.00,Cash,In-store,2023-08-22,
TXN_5404975,CUST_16,"Computers and electric accessories",Item_10_CEA,18.50,8.00,148.00,Cash,Online,2024-08-26,
TXN_4639911,CUST_20,Food,Item_5_FOOD,11.00,1.00,11.00,"Digital Wallet",In-store,2024-11-29,
TXN_9719161,CUST_21,"Computers and electric accessories",,0.00,8.00,304.00,Cash,In-store,2024-09-11,
TXN_6188649,CUST_01,"Electric household essentials",Item_9_EHE,17.00,7.00,119.00,Cash,In-store,2024-10-13,
TXN_9579049,CUST_08,Furniture,Item_10_FUR,18.50,10.00,185.00,Cash,Online,2024-12-23,
TXN_8681656,CUST_19,Furniture,Item_25_FUR,41.00,8.00,328.00,Cash,Online,2022-05-21,
TXN_2314837,CUST_08,Food,Item_20_FOOD,33.50,10.00,335.00,"Credit Card",Online,2024-06-21,
TXN_6970314,CUST_01,Butchers,Item_13_BUT,23.00,10.00,230.00,Cash,In-store,2023-01-10,
TXN_4086512,CUST_13,Food,Item_16_FOOD,27.50,2.00,55.00,"Digital Wallet",Online,2022-08-31,
TXN_6023854,CUST_13,Butchers,Item_19_BUT,32.00,4.00,128.00,"Digital Wallet",Online,2022-01-31,
TXN_8077906,CUST_21,"Milk Products",Item_24_MILK,39.50,4.00,158.00,Cash,Online,2024-09-03,
TXN_6286190,CUST_16,Beverages,Item_16_BEV,27.50,8.00,220.00,Cash,Online,2023-07-23,
TXN_3852840,CUST_22,Furniture,Item_11_FUR,20.00,2.00,40.00,Cash,In-store,2023-09-12,
TXN_1513426,CUST_13,Beverages,Item_5_BEV,11.00,6.00,66.00,Cash,Online,2023-07-30,
TXN_8954299,CUST_18,Patisserie,Item_16_PAT,27.50,8.00,220.00,"Credit Card",Online,2023-06-20,
TXN_8674521,CUST_19,Food,Item_6_FOOD,12.50,9.00,112.50,Cash,Online,2023-01-22,
TXN_9708800,CUST_03,Patisserie,Item_3_PAT,8.00,1.00,8.00,"Credit Card",Online,2022-03-18,
TXN_9917996,CUST_16,Food,Item_19_FOOD,32.00,10.00,320.00,Cash,In-store,2023-07-12,
TXN_3944336,CUST_15,"Milk Products",Item_13_MILK,23.00,1.00,23.00,"Credit Card",In-store,2022-08-28,
TXN_9777557,CUST_18,"Electric household essentials",Item_4_EHE,9.50,9.00,85.50,"Digital Wallet",Online,2024-11-20,
TXN_9703514,CUST_10,"Electric household essentials",Item_15_EHE,26.00,6.00,156.00,Cash,Online,2023-05-20,
TXN_7961558,CUST_16,Food,Item_13_FOOD,23.00,1.00,23.00,"Digital Wallet",Online,2023-12-21,
TXN_5997049,CUST_03,"Computers and electric accessories",Item_7_CEA,14.00,7.00,98.00,"Credit Card",In-store,2024-10-14,
TXN_4459954,CUST_13,"Computers and electric accessories",Item_9_CEA,17.00,7.00,119.00,Cash,Online,2024-12-10,
TXN_5266615,CUST_20,Patisserie,,6.50,0.00,0.00,"Digital Wallet",In-store,2024-04-10,
TXN_6713692,CUST_24,"Milk Products",Item_10_MILK,18.50,7.00,129.50,"Digital Wallet",Online,2022-07-13,
TXN_6218354,CUST_08,Food,Item_17_FOOD,29.00,4.00,116.00,"Digital Wallet",In-store,2023-01-20,
TXN_5612933,CUST_23,Butchers,,12.50,0.00,0.00,Cash,In-store,2022-06-02,
TXN_4786582,CUST_16,"Electric household essentials",,0.00,1.00,33.50,"Credit Card",Online,2023-12-18,
TXN_1630063,CUST_02,Butchers,Item_5_BUT,11.00,1.00,11.00,"Digital Wallet",In-store,2024-04-15,
TXN_5432899,CUST_21,Beverages,Item_22_BEV,36.50,9.00,328.50,Cash,In-store,2022-01-13,
TXN_2009520,CUST_06,Patisserie,Item_8_PAT,15.50,8.00,124.00,Cash,In-store,2024-03-10,
TXN_3095861,CUST_23,Patisserie,Item_22_PAT,36.50,2.00,73.00,"Credit Card",Online,2024-08-21,
TXN_5023868,CUST_05,"Milk Products",Item_6_MILK,12.50,2.00,25.00,"Credit Card",Online,2022-02-22,
TXN_6893842,CUST_03,Patisserie,Item_11_PAT,20.00,9.00,180.00,Cash,In-store,2023-03-24,
TXN_1913617,CUST_10,Patisserie,Item_12_PAT,21.50,1.00,21.50,"Credit Card",Online,2023-12-04,
TXN_7638443,CUST_25,"Computers and electric accessories",Item_23_CEA,38.00,4.00,152.00,"Digital Wallet",Online,2025-01-02,
TXN_3480460,CUST_14,Butchers,Item_13_BUT,23.00,10.00,230.00,"Digital Wallet",Online,2023-02-22,
TXN_7701507,CUST_10,Patisserie,Item_17_PAT,29.00,4.00,116.00,"Digital Wallet",Online,2024-10-02,
TXN_5597551,CUST_03,"Computers and electric accessories",Item_5_CEA,11.00,5.00,55.00,Cash,In-store,2022-11-24,
TXN_7489353,CUST_05,"Milk Products",Item_8_MILK,15.50,4.00,62.00,Cash,In-store,2024-10-30,
TXN_8892525,CUST_19,"Computers and electric accessories",Item_18_CEA,30.50,5.00,152.50,"Credit Card",In-store,2023-02-18,
TXN_6237111,CUST_15,Furniture,Item_11_FUR,20.00,10.00,200.00,"Digital Wallet",In-store,2023-07-01,
TXN_1955780,CUST_18,"Milk Products",,27.50,0.00,0.00,"Credit Card",Online,2023-07-12,
TXN_7375815,CUST_04,Beverages,Item_23_BEV,38.00,9.00,342.00,Cash,Online,2023-03-29,
TXN_2851908,CUST_22,"Milk Products",Item_16_MILK,27.50,1.00,27.50,Cash,Online,2024-01-15,
TXN_1086949,CUST_03,Furniture,Item_5_FUR,11.00,3.00,33.00,"Credit Card",In-store,2023-12-07,
TXN_5460457,CUST_09,"Milk Products",Item_13_MILK,23.00,6.00,138.00,"Digital Wallet",Online,2022-10-22,
TXN_7622488,CUST_13,"Milk Products",Item_2_MILK,6.50,1.00,6.50,"Credit Card",In-store,2022-02-09,
TXN_9233065,CUST_02,Food,Item_14_FOOD,24.50,10.00,245.00,"Credit Card",In-store,2022-02-17,
TXN_5120829,CUST_12,Furniture,Item_5_FUR,11.00,3.00,33.00,Cash,In-store,2022-02-13,
TXN_6271428,CUST_25,"Electric household essentials",Item_4_EHE,9.50,3.00,28.50,Cash,Online,2022-07-12,
TXN_6400966,CUST_18,Food,Item_20_FOOD,33.50,7.00,234.50,"Credit Card",In-store,2023-05-01,
TXN_8763482,CUST_13,Butchers,Item_16_BUT,27.50,4.00,110.00,"Digital Wallet",In-store,2023-12-24,
TXN_9828877,CUST_24,Butchers,Item_13_BUT,23.00,10.00,230.00,Cash,In-store,2022-10-08,
TXN_2971712,CUST_06,Butchers,Item_2_BUT,6.50,10.00,65.00,"Credit Card",Online,2024-02-18,
TXN_4770477,CUST_24,"Electric household essentials",,0.00,7.00,87.50,"Digital Wallet",Online,2022-04-10,
TXN_9966592,CUST_13,Furniture,,0.00,7.00,234.50,Cash,In-store,2022-05-17,
TXN_5690028,CUST_05,"Electric household essentials",Item_12_EHE,21.50,8.00,172.00,"Credit Card",In-store,2022-04-18,
TXN_7446628,CUST_12,Patisserie,Item_3_PAT,8.00,7.00,56.00,Cash,In-store,2024-11-24,
TXN_2467589,CUST_02,Furniture,Item_5_FUR,11.00,10.00,110.00,Cash,Online,2022-07-02,
TXN_5007237,CUST_15,"Electric household essentials",Item_17_EHE,29.00,3.00,87.00,"Credit Card",Online,2024-11-25,
TXN_8419008,CUST_25,Butchers,Item_15_BUT,26.00,9.00,234.00,"Credit Card",Online,2022-09-27,
TXN_3247687,CUST_15,Beverages,Item_11_BEV,20.00,3.00,60.00,Cash,In-store,2023-12-03,
TXN_1622017,CUST_03,Food,Item_12_FOOD,21.50,2.00,43.00,"Credit Card",Online,2023-07-05,
TXN_3576007,CUST_24,Beverages,Item_22_BEV,36.50,3.00,109.50,Cash,Online,2023-09-10,
TXN_2599833,CUST_16,Furniture,Item_4_FUR,9.50,9.00,85.50,"Credit Card",In-store,2023-05-01,
TXN_9277068,CUST_16,Patisserie,Item_23_PAT,38.00,6.00,228.00,"Credit Card",Online,2023-06-16,
TXN_9035121,CUST_18,Beverages,Item_2_BEV,6.50,3.00,19.50,"Credit Card",Online,2023-03-26,
TXN_4544094,CUST_07,Butchers,Item_21_BUT,35.00,3.00,105.00,"Credit Card",In-store,2023-07-11,
TXN_8170834,CUST_12,Butchers,Item_5_BUT,11.00,1.00,11.00,Cash,In-store,2022-07-09,
TXN_9262722,CUST_18,Butchers,Item_21_BUT,35.00,7.00,245.00,Cash,Online,2024-03-21,
TXN_4654556,CUST_20,Furniture,,0.00,9.00,342.00,Cash,Online,2023-04-27,
TXN_4870452,CUST_17,Beverages,Item_1_BEV,5.00,7.00,35.00,"Credit Card",In-store,2023-04-10,
TXN_2683705,CUST_25,Beverages,Item_1_BEV,5.00,5.00,25.00,Cash,Online,2024-05-13,
TXN_4142629,CUST_20,Patisserie,Item_2_PAT,6.50,2.00,13.00,"Digital Wallet",Online,2024-04-24,
TXN_3798658,CUST_25,Beverages,,0.00,9.00,369.00,Cash,Online,2024-02-24,
TXN_2233028,CUST_05,Patisserie,Item_7_PAT,14.00,1.00,14.00,"Digital Wallet",Online,2023-08-06,
TXN_7949216,CUST_15,Butchers,Item_2_BUT,6.50,1.00,6.50,"Credit Card",In-store,2022-02-27,
TXN_4344721,CUST_15,"Computers and electric accessories",Item_25_CEA,41.00,8.00,328.00,"Credit Card",Online,2024-01-20,
TXN_7528195,CUST_24,Patisserie,,24.50,0.00,0.00,"Credit Card",Online,2023-03-15,
TXN_4479885,CUST_05,"Computers and electric accessories",Item_9_CEA,17.00,3.00,51.00,"Digital Wallet",Online,2023-06-16,
TXN_8674282,CUST_23,Butchers,Item_25_BUT,41.00,8.00,328.00,"Credit Card",In-store,2023-05-20,
TXN_6352989,CUST_13,Food,Item_10_FOOD,18.50,6.00,111.00,"Credit Card",In-store,2024-08-31,
TXN_9305312,CUST_03,Patisserie,Item_23_PAT,38.00,4.00,152.00,"Digital Wallet",Online,2023-07-04,
TXN_6738480,CUST_09,"Milk Products",Item_3_MILK,8.00,3.00,24.00,"Digital Wallet",In-store,2022-10-20,
TXN_3978170,CUST_24,"Electric household essentials",Item_1_EHE,5.00,3.00,15.00,"Digital Wallet",Online,2023-11-18,
TXN_6755240,CUST_12,Furniture,Item_20_FUR,33.50,1.00,33.50,"Digital Wallet",In-store,2024-05-22,
TXN_9799936,CUST_13,"Electric household essentials",Item_10_EHE,18.50,2.00,37.00,Cash,In-store,2024-10-03,
TXN_9275968,CUST_19,Food,Item_25_FOOD,41.00,8.00,328.00,"Credit Card",Online,2024-11-30,
TXN_2123484,CUST_17,"Electric household essentials",Item_2_EHE,6.50,8.00,52.00,"Credit Card",In-store,2022-12-13,
TXN_3995208,CUST_05,Food,,17.00,0.00,0.00,"Digital Wallet",In-store,2022-06-02,
TXN_1595090,CUST_19,Patisserie,,0.00,6.00,246.00,Cash,Online,2024-07-11,
TXN_6129392,CUST_25,"Computers and electric accessories",Item_10_CEA,18.50,7.00,129.50,"Digital Wallet",Online,2024-11-20,
TXN_6454214,CUST_11,Patisserie,Item_23_PAT,38.00,2.00,76.00,Cash,In-store,2024-07-23,
TXN_2268464,CUST_15,Food,Item_20_FOOD,33.50,5.00,167.50,Cash,Online,2022-08-17,
TXN_8749312,CUST_02,Patisserie,Item_14_PAT,24.50,7.00,171.50,"Credit Card",Online,2022-08-24,
TXN_4411326,CUST_20,Beverages,Item_19_BEV,32.00,6.00,192.00,Cash,In-store,2022-01-20,
TXN_4396796,CUST_09,Butchers,Item_11_BUT,20.00,2.00,40.00,"Digital Wallet",In-store,2023-08-31,
TXN_8699943,CUST_07,Butchers,Item_3_BUT,8.00,6.00,48.00,"Credit Card",Online,2022-04-27,
TXN_8244764,CUST_04,"Computers and electric accessories",Item_13_CEA,23.00,5.00,115.00,"Digital Wallet",In-store,2022-11-28,
TXN_3490256,CUST_05,"Computers and electric accessories",Item_10_CEA,18.50,4.00,74.00,"Credit Card",In-store,2024-03-12,
TXN_4106782,CUST_09,Beverages,Item_20_BEV,33.50,5.00,167.50,"Credit Card",Online,2022-06-16,
TXN_8963861,CUST_23,Patisserie,Item_14_PAT,24.50,7.00,171.50,"Digital Wallet",Online,2024-06-12,
TXN_9404791,CUST_05,"Electric household essentials",,0.00,9.00,369.00,Cash,In-store,2023-08-31,
TXN_2598151,CUST_22,"Electric household essentials",Item_8_EHE,15.50,5.00,77.50,"Digital Wallet",In-store,2022-04-30,
TXN_3482951,CUST_10,Food,Item_24_FOOD,39.50,7.00,276.50,"Digital Wallet",In-store,2023-01-14,
TXN_3939276,CUST_18,Furniture,Item_25_FUR,41.00,2.00,82.00,Cash,In-store,2022-05-04,
TXN_6343666,CUST_15,Furniture,Item_16_FUR,27.50,8.00,220.00,Cash,In-store,2024-11-13,
TXN_4016049,CUST_23,Beverages,Item_25_BEV,41.00,2.00,82.00,Cash,In-store,2022-11-15,
TXN_8390560,CUST_24,Butchers,Item_3_BUT,8.00,1.00,8.00,"Digital Wallet",In-store,2023-01-15,
TXN_9724342,CUST_07,"Milk Products",Item_12_MILK,21.50,5.00,107.50,Cash,In-store,2022-08-13,
TXN_3101171,CUST_09,Patisserie,Item_14_PAT,24.50,9.00,220.50,"Credit Card",Online,2023-04-04,
TXN_5289066,CUST_11,"Electric household essentials",Item_25_EHE,41.00,5.00,205.00,"Credit Card",Online,2024-09-06,
TXN_6196135,CUST_05,"Electric household essentials",Item_19_EHE,32.00,2.00,64.00,"Digital Wallet",Online,2023-07-10,
TXN_3217845,CUST_03,"Electric household essentials",Item_23_EHE,38.00,3.00,114.00,"Credit Card",Online,2023-04-08,
TXN_9488694,CUST_06,Furniture,Item_20_FUR,33.50,4.00,134.00,"Digital Wallet",Online,2023-06-01,
TXN_3365345,CUST_12,"Electric household essentials",Item_25_EHE,41.00,2.00,82.00,"Credit Card",In-store,2024-02-04,
TXN_8927323,CUST_25,Beverages,Item_14_BEV,24.50,1.00,24.50,Cash,Online,2024-01-21,
TXN_4329433,CUST_06,"Electric household essentials",Item_17_EHE,29.00,1.00,29.00,"Credit Card",In-store,2024-04-08,
TXN_3664941,CUST_12,Furniture,Item_4_FUR,9.50,10.00,95.00,"Digital Wallet",Online,2023-10-29,
TXN_6834166,CUST_07,Food,Item_16_FOOD,27.50,7.00,192.50,"Digital Wallet",In-store,2024-02-14,
TXN_2232621,CUST_07,Butchers,Item_2_BUT,6.50,7.00,45.50,"Credit Card",Online,2024-05-27,
TXN_8972502,CUST_12,Food,,9.50,0.00,0.00,"Digital Wallet",Online,2024-05-05,
TXN_3431927,CUST_21,"Electric household essentials",Item_15_EHE,26.00,1.00,26.00,"Credit Card",In-store,2024-01-06,
TXN_9550546,CUST_15,Patisserie,Item_22_PAT,36.50,6.00,219.00,"Digital Wallet",In-store,2024-10-15,
TXN_3810168,CUST_05,Patisserie,Item_23_PAT,38.00,7.00,266.00,Cash,In-store,2022-09-22,
TXN_7459959,CUST_09,Beverages,Item_10_BEV,18.50,7.00,129.50,Cash,Online,2023-04-06,
TXN_1516520,CUST_18,Food,Item_3_FOOD,8.00,2.00,16.00,"Credit Card",Online,2024-12-19,
TXN_6874926,CUST_02,Butchers,Item_5_BUT,11.00,2.00,22.00,"Credit Card",In-store,2024-04-22,
TXN_4658138,CUST_18,"Electric household essentials",Item_24_EHE,39.50,10.00,395.00,"Credit Card",Online,2022-10-03,
TXN_2868753,CUST_22,Beverages,Item_8_BEV,15.50,10.00,155.00,"Digital Wallet",Online,2024-03-12,
TXN_7869272,CUST_06,Butchers,,9.50,0.00,0.00,"Digital Wallet",In-store,2023-01-12,
TXN_3456456,CUST_14,Beverages,Item_1_BEV,5.00,2.00,10.00,"Credit Card",In-store,2024-11-13,
TXN_6271401,CUST_03,Butchers,Item_20_BUT,33.50,1.00,33.50,"Credit Card",Online,2023-01-12,
TXN_5859797,CUST_25,Patisserie,Item_17_PAT,29.00,1.00,29.00,Cash,In-store,2022-05-28,
TXN_5434376,CUST_09,"Computers and electric accessories",Item_11_CEA,20.00,9.00,180.00,"Digital Wallet",In-store,2022-09-22,
TXN_9654178,CUST_15,Food,Item_5_FOOD,11.00,4.00,44.00,"Digital Wallet",Online,2022-01-28,
TXN_3145344,CUST_19,"Milk Products",Item_16_MILK,27.50,1.00,27.50,"Digital Wallet",In-store,2023-07-20,
TXN_8689399,CUST_22,Beverages,Item_14_BEV,24.50,2.00,49.00,"Digital Wallet",Online,2022-02-04,
TXN_4133670,CUST_21,Food,Item_9_FOOD,17.00,3.00,51.00,Cash,In-store,2023-04-01,
TXN_4017920,CUST_24,"Milk Products",Item_1_MILK,5.00,7.00,35.00,Cash,In-store,2024-12-26,
TXN_6724795,CUST_16,Beverages,Item_4_BEV,9.50,8.00,76.00,"Credit Card",Online,2024-08-14,
TXN_9815869,CUST_17,"Electric household essentials",,0.00,9.00,180.00,"Credit Card",In-store,2022-06-25,
TXN_6166332,CUST_07,Beverages,Item_6_BEV,12.50,9.00,112.50,Cash,Online,2022-02-15,
TXN_2192262,CUST_24,"Electric household essentials",Item_2_EHE,6.50,1.00,6.50,Cash,Online,2024-08-17,
TXN_6442349,CUST_17,"Milk Products",,0.00,5.00,137.50,"Credit Card",In-store,2025-01-01,
TXN_9208311,CUST_06,"Electric household essentials",,33.50,0.00,0.00,"Digital Wallet",In-store,2023-04-12,
TXN_3140238,CUST_14,Butchers,Item_8_BUT,15.50,1.00,15.50,"Digital Wallet",Online,2024-08-12,
TXN_4200825,CUST_03,"Computers and electric accessories",Item_16_CEA,27.50,7.00,192.50,"Credit Card",In-store,2023-02-09,
TXN_2084835,CUST_17,Butchers,Item_3_BUT,8.00,6.00,48.00,Cash,In-store,2022-06-06,
TXN_4475893,CUST_11,Beverages,Item_25_BEV,41.00,6.00,246.00,"Credit Card",Online,2024-09-25,
TXN_9702142,CUST_20,"Electric household essentials",Item_11_EHE,20.00,10.00,200.00,"Credit Card",Online,2022-05-03,
TXN_4571123,CUST_13,"Electric household essentials",Item_23_EHE,38.00,8.00,304.00,"Digital Wallet",In-store,2022-02-14,
TXN_1033656,CUST_18,"Electric household essentials",Item_15_EHE,26.00,5.00,130.00,"Credit Card",Online,2024-04-29,
TXN_9454455,CUST_22,Patisserie,Item_20_PAT,33.50,5.00,167.50,"Credit Card",In-store,2022-01-19,
TXN_4665437,CUST_17,"Computers and electric accessories",Item_19_CEA,32.00,5.00,160.00,Cash,Online,2024-11-23,
TXN_8438783,CUST_04,"Electric household essentials",,0.00,7.00,234.50,"Digital Wallet",Online,2022-02-04,
TXN_1540116,CUST_21,Furniture,Item_1_FUR,5.00,7.00,35.00,"Credit Card",Online,2024-11-01,
TXN_9037115,CUST_06,Patisserie,Item_20_PAT,33.50,1.00,33.50,"Credit Card",Online,2024-01-10,
TXN_7169895,CUST_07,Food,Item_25_FOOD,41.00,10.00,410.00,"Digital Wallet",In-store,2022-05-11,
TXN_7369427,CUST_21,Furniture,Item_6_FUR,12.50,10.00,125.00,"Digital Wallet",In-store,2023-08-23,
TXN_5443961,CUST_06,"Electric household essentials",Item_18_EHE,30.50,4.00,122.00,"Digital Wallet",In-store,2022-04-29,
TXN_3964699,CUST_15,Patisserie,,29.00,0.00,0.00,"Credit Card",In-store,2023-12-19,
TXN_4021555,CUST_10,Beverages,Item_15_BEV,26.00,2.00,52.00,Cash,In-store,2024-06-09,
TXN_9197284,CUST_11,"Electric household essentials",Item_21_EHE,35.00,5.00,175.00,"Digital Wallet",Online,2024-06-02,
TXN_3203939,CUST_10,Beverages,Item_21_BEV,35.00,5.00,175.00,Cash,In-store,2024-05-15,
TXN_4897799,CUST_04,"Milk Products",Item_6_MILK,12.50,2.00,25.00,"Digital Wallet",Online,2023-09-14,
TXN_9618649,CUST_23,Beverages,Item_14_BEV,24.50,10.00,245.00,"Digital Wallet",In-store,2023-09-12,
TXN_5421103,CUST_14,"Computers and electric accessories",Item_18_CEA,30.50,7.00,213.50,"Credit Card",Online,2025-01-01,
TXN_3981959,CUST_02,"Milk Products",Item_1_MILK,5.00,9.00,45.00,"Credit Card",In-store,2022-04-16,
TXN_8222598,CUST_24,Beverages,Item_10_BEV,18.50,3.00,55.50,"Digital Wallet",In-store,2023-06-24,
TXN_7952000,CUST_02,"Electric household essentials",Item_23_EHE,38.00,4.00,152.00,Cash,Online,2022-03-08,
TXN_9012822,CUST_03,"Electric household essentials",Item_17_EHE,29.00,8.00,232.00,Cash,Online,2022-09-02,
TXN_9520489,CUST_18,Beverages,Item_12_BEV,21.50,8.00,172.00,Cash,In-store,2022-06-01,
TXN_9554139,CUST_19,Food,Item_12_FOOD,21.50,9.00,193.50,Cash,Online,2022-09-27,
TXN_6873753,CUST_25,Patisserie,Item_4_PAT,9.50,9.00,85.50,"Digital Wallet",Online,2022-05-26,
TXN_4323462,CUST_22,"Computers and electric accessories",Item_10_CEA,18.50,8.00,148.00,Cash,Online,2023-01-09,
TXN_3151420,CUST_10,"Electric household essentials",Item_6_EHE,12.50,4.00,50.00,"Digital Wallet",Online,2022-06-23,
TXN_9158265,CUST_06,Butchers,Item_2_BUT,6.50,1.00,6.50,Cash,In-store,2024-08-07,
TXN_2403041,CUST_11,"Computers and electric accessories",Item_5_CEA,11.00,7.00,77.00,Cash,Online,2023-05-15,
TXN_8306625,CUST_11,"Electric household essentials",Item_19_EHE,32.00,3.00,96.00,Cash,Online,2023-08-12,
TXN_1095198,CUST_25,"Electric household essentials",Item_19_EHE,32.00,2.00,64.00,"Credit Card",Online,2022-11-04,
TXN_6195298,CUST_14,Furniture,Item_25_FUR,41.00,7.00,287.00,"Credit Card",In-store,2023-12-22,
TXN_3969761,CUST_03,"Milk Products",,0.00,1.00,32.00,"Digital Wallet",Online,2022-10-02,
TXN_8521009,CUST_12,Food,Item_1_FOOD,5.00,8.00,40.00,Cash,In-store,2023-01-02,
TXN_9663281,CUST_10,"Milk Products",,9.50,0.00,0.00,"Digital Wallet",In-store,2024-06-08,
TXN_2816347,CUST_07,Butchers,Item_4_BUT,9.50,9.00,85.50,"Digital Wallet",In-store,2023-06-02,
TXN_4071110,CUST_17,Beverages,Item_2_BEV,6.50,4.00,26.00,Cash,In-store,2022-11-09,
TXN_9914794,CUST_09,Furniture,Item_11_FUR,20.00,9.00,180.00,"Credit Card",Online,2024-12-12,
TXN_7308336,CUST_19,"Computers and electric accessories",Item_20_CEA,33.50,4.00,134.00,Cash,Online,2024-11-12,
TXN_5365850,CUST_25,"Milk Products",Item_21_MILK,35.00,2.00,70.00,"Credit Card",In-store,2024-02-01,
TXN_9931237,CUST_22,"Electric household essentials",Item_5_EHE,11.00,7.00,77.00,Cash,Online,2024-11-18,
TXN_6970525,CUST_06,"Computers and electric accessories",Item_25_CEA,41.00,3.00,123.00,"Credit Card",In-store,2023-01-27,
TXN_1901259,CUST_13,"Milk Products",Item_15_MILK,26.00,9.00,234.00,Cash,In-store,2024-09-05,
TXN_8658857,CUST_07,Beverages,Item_3_BEV,8.00,2.00,16.00,Cash,In-store,2024-05-19,
TXN_9527872,CUST_03,"Electric household essentials",Item_21_EHE,35.00,3.00,105.00,Cash,Online,2024-07-14,
TXN_8047218,CUST_17,Food,,30.50,0.00,0.00,"Credit Card",Online,2024-02-14,
TXN_4475227,CUST_18,"Electric household essentials",,21.50,0.00,0.00,"Digital Wallet",Online,2024-05-10,
TXN_1753380,CUST_11,Butchers,Item_3_BUT,8.00,6.00,48.00,"Digital Wallet",In-store,2022-04-03,
TXN_6530858,CUST_08,Beverages,Item_18_BEV,30.50,2.00,61.00,Cash,In-store,2024-05-25,
TXN_8813563,CUST_24,Food,Item_20_FOOD,33.50,3.00,100.50,"Digital Wallet",Online,2023-01-20,
TXN_7354850,CUST_17,"Milk Products",Item_19_MILK,32.00,3.00,96.00,"Digital Wallet",In-store,2023-02-24,
TXN_9350355,CUST_04,"Electric household essentials",Item_25_EHE,41.00,7.00,287.00,"Digital Wallet",In-store,2023-10-05,
TXN_3421227,CUST_09,Furniture,Item_6_FUR,12.50,6.00,75.00,"Credit Card",Online,2023-09-17,
TXN_6902290,CUST_17,Beverages,Item_2_BEV,6.50,8.00,52.00,Cash,Online,2024-10-13,
TXN_3811791,CUST_11,Food,Item_5_FOOD,11.00,4.00,44.00,Cash,In-store,2023-01-22,
TXN_5078189,CUST_09,Food,Item_21_FOOD,35.00,2.00,70.00,Cash,In-store,2023-06-24,
TXN_5412780,CUST_20,Beverages,Item_21_BEV,35.00,8.00,280.00,"Digital Wallet",In-store,2024-01-14,
TXN_4056154,CUST_18,"Computers and electric accessories",Item_9_CEA,17.00,7.00,119.00,"Digital Wallet",In-store,2022-10-19,
TXN_3185633,CUST_13,Beverages,Item_12_BEV,21.50,1.00,21.50,Cash,In-store,2024-04-13,
TXN_2320854,CUST_15,Food,Item_8_FOOD,15.50,9.00,139.50,Cash,Online,2022-07-15,
TXN_6496274,CUST_19,Food,Item_24_FOOD,39.50,3.00,118.50,"Digital Wallet",In-store,2024-01-03,
TXN_6062926,CUST_01,Beverages,Item_15_BEV,26.00,3.00,78.00,"Credit Card",Online,2024-04-28,
TXN_1500879,CUST_07,Furniture,Item_25_FUR,41.00,9.00,369.00,Cash,Online,2024-11-12,
TXN_7695850,CUST_12,"Milk Products",Item_24_MILK,39.50,9.00,355.50,"Digital Wallet",Online,2023-09-08,
TXN_9996909,CUST_23,Furniture,Item_8_FUR,15.50,10.00,155.00,"Digital Wallet",Online,2024-09-06,
TXN_3631999,CUST_11,Butchers,Item_1_BUT,5.00,4.00,20.00,"Credit Card",Online,2022-12-01,
TXN_7274941,CUST_16,"Milk Products",Item_6_MILK,12.50,3.00,37.50,"Credit Card",In-store,2022-10-03,
TXN_1004124,CUST_08,"Computers and electric accessories",Item_7_CEA,14.00,5.00,70.00,"Credit Card",In-store,2022-03-02,
TXN_3311644,CUST_24,"Computers and electric accessories",,32.00,0.00,0.00,Cash,Online,2025-01-01,
TXN_9434913,CUST_18,Butchers,Item_16_BUT,27.50,8.00,220.00,Cash,In-store,2023-09-14,
TXN_8535067,CUST_17,"Computers and electric accessories",Item_14_CEA,24.50,8.00,196.00,Cash,Online,2022-04-12,
TXN_8702969,CUST_25,Beverages,Item_2_BEV,6.50,7.00,45.50,"Digital Wallet",Online,2023-02-19,
TXN_4581969,CUST_10,"Electric household essentials",Item_10_EHE,18.50,7.00,129.50,"Digital Wallet",Online,2023-01-29,
TXN_9677000,CUST_12,Beverages,Item_22_BEV,36.50,3.00,109.50,Cash,Online,2024-10-21,
TXN_1647479,CUST_14,"Computers and electric accessories",Item_15_CEA,26.00,3.00,78.00,Cash,In-store,2022-11-03,
TXN_5259819,CUST_19,Patisserie,,0.00,5.00,32.50,"Credit Card",In-store,2022-02-18,
TXN_9735000,CUST_05,"Milk Products",Item_1_MILK,5.00,7.00,35.00,Cash,In-store,2023-07-21,
TXN_3546275,CUST_22,Food,Item_25_FOOD,41.00,4.00,164.00,Cash,In-store,2024-08-01,
TXN_6136306,CUST_02,"Milk Products",Item_13_MILK,23.00,1.00,23.00,Cash,Online,2023-07-13,
TXN_8732067,CUST_16,"Computers and electric accessories",Item_2_CEA,6.50,2.00,13.00,"Credit Card",In-store,2023-05-27,
TXN_1102675,CUST_20,Furniture,Item_21_FUR,35.00,1.00,35.00,Cash,Online,2024-11-02,
TXN_3887687,CUST_13,"Electric household essentials",Item_20_EHE,33.50,5.00,167.50,"Digital Wallet",Online,2023-06-07,
TXN_1512993,CUST_07,"Computers and electric accessories",Item_16_CEA,27.50,8.00,220.00,"Credit Card",In-store,2023-03-03,
TXN_9025071,CUST_09,Furniture,Item_2_FUR,6.50,1.00,6.50,"Digital Wallet",Online,2024-09-13,
TXN_7177193,CUST_09,Patisserie,,0.00,7.00,161.00,"Digital Wallet",Online,2023-04-02,
TXN_4451880,CUST_19,Furniture,Item_4_FUR,9.50,6.00,57.00,Cash,In-store,2022-12-19,
TXN_8180724,CUST_16,Food,Item_14_FOOD,24.50,1.00,24.50,"Digital Wallet",In-store,2022-09-24,
TXN_4997665,CUST_07,Furniture,Item_11_FUR,20.00,7.00,140.00,"Credit Card",Online,2024-01-04,
TXN_7644218,CUST_25,"Milk Products",Item_11_MILK,20.00,3.00,60.00,Cash,In-store,2023-05-18,
TXN_1363454,CUST_08,Butchers,Item_21_BUT,35.00,2.00,70.00,"Digital Wallet",Online,2024-08-31,
TXN_1575700,CUST_15,"Electric household essentials",Item_5_EHE,11.00,6.00,66.00,"Digital Wallet",In-store,2023-08-30,
TXN_5228318,CUST_14,Patisserie,Item_20_PAT,33.50,1.00,33.50,"Credit Card",Online,2022-03-10,
TXN_7003676,CUST_10,Butchers,Item_6_BUT,12.50,7.00,87.50,"Digital Wallet",Online,2024-06-01,
TXN_5578307,CUST_25,Butchers,Item_25_BUT,41.00,7.00,287.00,"Credit Card",Online,2024-07-18,
TXN_4725018,CUST_22,"Computers and electric accessories",Item_3_CEA,8.00,4.00,32.00,"Digital Wallet",Online,2022-02-25,
TXN_4111121,CUST_02,"Electric household essentials",Item_4_EHE,9.50,5.00,47.50,"Credit Card",Online,2024-06-15,
TXN_5750278,CUST_20,"Electric household essentials",Item_7_EHE,14.00,4.00,56.00,"Digital Wallet",Online,2022-06-05,
TXN_4268207,CUST_02,Butchers,Item_20_BUT,33.50,3.00,100.50,"Credit Card",In-store,2022-11-08,
TXN_3327266,CUST_05,"Computers and electric accessories",Item_9_CEA,17.00,5.00,85.00,"Digital Wallet",Online,2024-12-04,
TXN_4995249,CUST_14,"Milk Products",,0.00,3.00,28.50,"Digital Wallet",Online,2022-07-28,
TXN_8157843,CUST_11,"Milk Products",,38.00,0.00,0.00,"Digital Wallet",In-store,2023-03-29,
TXN_2992974,CUST_02,Butchers,Item_15_BUT,26.00,2.00,52.00,Cash,Online,2024-03-19,
TXN_2176750,CUST_18,"Computers and electric accessories",Item_2_CEA,6.50,3.00,19.50,"Digital Wallet",Online,2022-12-21,
TXN_2570854,CUST_03,Beverages,Item_3_BEV,8.00,3.00,24.00,Cash,Online,2023-09-02,
TXN_8875914,CUST_22,"Electric household essentials",Item_9_EHE,17.00,8.00,136.00,Cash,Online,2024-07-18,
TXN_5618781,CUST_09,"Milk Products",,0.00,5.00,55.00,"Digital Wallet",In-store,2022-11-04,
TXN_4863159,CUST_25,Beverages,Item_2_BEV,6.50,7.00,45.50,"Digital Wallet",Online,2024-06-27,
TXN_9958675,CUST_24,"Electric household essentials",,0.00,6.00,120.00,Cash,In-store,2024-02-27,
TXN_5970986,CUST_05,Patisserie,Item_20_PAT,33.50,4.00,134.00,"Digital Wallet",Online,2024-06-27,
TXN_1645781,CUST_15,Butchers,Item_22_BUT,36.50,6.00,219.00,"Digital Wallet",Online,2025-01-12,
TXN_8776916,CUST_09,Patisserie,Item_4_PAT,9.50,9.00,85.50,"Credit Card",In-store,2023-01-05,
TXN_4195971,CUST_10,Patisserie,Item_2_PAT,6.50,9.00,58.50,"Credit Card",Online,2023-10-21,
TXN_5386507,CUST_02,"Electric household essentials",Item_21_EHE,35.00,1.00,35.00,"Digital Wallet",Online,2024-09-02,
TXN_8407265,CUST_08,Furniture,,41.00,0.00,0.00,"Credit Card",In-store,2024-08-30,
TXN_5657839,CUST_24,Furniture,,0.00,5.00,197.50,"Credit Card",Online,2024-04-01,
TXN_8362813,CUST_20,Beverages,,0.00,5.00,160.00,Cash,Online,2022-08-22,
TXN_5682458,CUST_20,Beverages,Item_4_BEV,9.50,1.00,9.50,"Credit Card",In-store,2024-05-08,
TXN_4180223,CUST_13,Beverages,Item_18_BEV,30.50,3.00,91.50,Cash,Online,2024-03-16,
TXN_2626673,CUST_13,Patisserie,Item_23_PAT,38.00,10.00,380.00,"Credit Card",Online,2022-05-22,
TXN_5992182,CUST_24,"Milk Products",Item_7_MILK,14.00,4.00,56.00,"Credit Card",In-store,2022-12-23,
TXN_1071762,CUST_19,Beverages,,0.00,3.00,28.50,Cash,In-store,2024-10-31,
TXN_9876893,CUST_02,Patisserie,Item_4_PAT,9.50,1.00,9.50,"Credit Card",In-store,2022-12-29,
TXN_9218401,CUST_01,Butchers,Item_13_BUT,23.00,7.00,161.00,Cash,In-store,2023-05-22,
TXN_8969664,CUST_24,Beverages,Item_9_BEV,17.00,10.00,170.00,Cash,In-store,2023-09-25,
TXN_9023234,CUST_25,"Computers and electric accessories",Item_18_CEA,30.50,3.00,91.50,"Credit Card",Online,2024-01-03,
TXN_4587896,CUST_18,Butchers,Item_21_BUT,35.00,7.00,245.00,"Digital Wallet",In-store,2024-12-22,
TXN_9979169,CUST_17,Beverages,Item_20_BEV,33.50,9.00,301.50,"Credit Card",In-store,2022-07-04,
TXN_8878104,CUST_05,Furniture,Item_8_FUR,15.50,2.00,31.00,"Digital Wallet",In-store,2024-08-22,
TXN_8718529,CUST_21,"Electric household essentials",Item_20_EHE,33.50,2.00,67.00,"Digital Wallet",Online,2023-10-05,
TXN_7637745,CUST_25,Beverages,Item_18_BEV,30.50,4.00,122.00,"Digital Wallet",In-store,2023-07-18,
TXN_8471781,CUST_22,"Computers and electric accessories",Item_21_CEA,35.00,5.00,175.00,"Credit Card",Online,2024-04-12,
TXN_8439414,CUST_24,Patisserie,Item_8_PAT,15.50,7.00,108.50,"Credit Card",Online,2023-08-09,
TXN_4604728,CUST_23,"Electric household essentials",Item_15_EHE,26.00,10.00,260.00,"Digital Wallet",In-store,2024-12-20,
TXN_7869591,CUST_24,Butchers,Item_18_BUT,30.50,9.00,274.50,"Digital Wallet",In-store,2022-04-16,
TXN_6189191,CUST_10,Patisserie,Item_11_PAT,20.00,2.00,40.00,Cash,In-store,2022-03-01,
TXN_4522379,CUST_24,"Computers and electric accessories",Item_15_CEA,26.00,8.00,208.00,"Digital Wallet",In-store,2024-07-01,
TXN_9683320,CUST_06,Food,Item_10_FOOD,18.50,2.00,37.00,"Credit Card",Online,2022-11-15,
TXN_9594561,CUST_23,"Computers and electric accessories",Item_17_CEA,29.00,5.00,145.00,"Digital Wallet",Online,2024-12-22,
TXN_7453758,CUST_06,"Milk Products",Item_19_MILK,32.00,1.00,32.00,"Credit Card",Online,2022-04-02,
TXN_8272294,CUST_13,"Electric household essentials",Item_25_EHE,41.00,6.00,246.00,"Credit Card",Online,2023-09-18,
TXN_2357266,CUST_22,Food,Item_21_FOOD,35.00,9.00,315.00,"Digital Wallet",Online,2023-05-14,
TXN_2423691,CUST_18,Beverages,Item_2_BEV,6.50,3.00,19.50,Cash,In-store,2022-06-02,
TXN_1576195,CUST_15,"Milk Products",Item_13_MILK,23.00,5.00,115.00,Cash,Online,2022-09-15,
TXN_8085968,CUST_19,Food,Item_4_FOOD,9.50,10.00,95.00,Cash,In-store,2022-03-14,
TXN_1375118,CUST_13,Food,Item_1_FOOD,5.00,4.00,20.00,"Digital Wallet",Online,2022-07-05,
TXN_2316382,CUST_20,Beverages,Item_17_BEV,29.00,10.00,290.00,"Credit Card",In-store,2023-02-18,
TXN_3971751,CUST_05,"Electric household essentials",Item_9_EHE,17.00,8.00,136.00,Cash,In-store,2022-10-28,
TXN_6776764,CUST_24,Furniture,Item_23_FUR,38.00,6.00,228.00,Cash,In-store,2024-01-28,
TXN_4525970,CUST_02,Patisserie,Item_9_PAT,17.00,3.00,51.00,"Digital Wallet",In-store,2023-05-24,
TXN_1906985,CUST_06,Patisserie,Item_4_PAT,9.50,2.00,19.00,"Digital Wallet",Online,2023-02-02,
TXN_7062557,CUST_03,Furniture,,0.00,5.00,32.50,"Credit Card",Online,2023-02-03,
TXN_4145243,CUST_08,Patisserie,,0.00,10.00,185.00,Cash,Online,2024-12-08,
TXN_9358058,CUST_07,Food,Item_15_FOOD,26.00,7.00,182.00,"Digital Wallet",Online,2022-10-31,
TXN_7644695,CUST_22,Beverages,Item_2_BEV,6.50,3.00,19.50,"Digital Wallet",Online,2022-12-09,
TXN_2913235,CUST_06,"Milk Products",Item_11_MILK,20.00,3.00,60.00,"Digital Wallet",Online,2023-03-04,
TXN_4788104,CUST_16,Patisserie,Item_9_PAT,17.00,6.00,102.00,Cash,Online,2024-11-12,
TXN_6639076,CUST_08,Butchers,Item_3_BUT,8.00,3.00,24.00,Cash,In-store,2024-08-08,
TXN_8307314,CUST_12,"Computers and electric accessories",Item_2_CEA,6.50,2.00,13.00,"Digital Wallet",In-store,2023-04-20,
TXN_3185475,CUST_10,Furniture,Item_5_FUR,11.00,9.00,99.00,"Digital Wallet",In-store,2023-05-17,
TXN_5670625,CUST_09,Furniture,Item_20_FUR,33.50,9.00,301.50,"Credit Card",Online,2022-08-30,
TXN_8970327,CUST_06,Patisserie,,14.00,0.00,0.00,"Digital Wallet",Online,2024-07-16,
TXN_5693955,CUST_08,"Electric household essentials",,17.00,0.00,0.00,"Credit Card",Online,2022-07-01,
TXN_5096509,CUST_22,"Milk Products",Item_9_MILK,17.00,4.00,68.00,"Credit Card",Online,2024-12-07,
TXN_6198629,CUST_15,"Computers and electric accessories",,0.00,2.00,28.00,"Digital Wallet",Online,2023-10-05,
TXN_3168813,CUST_09,Food,Item_21_FOOD,35.00,7.00,245.00,Cash,In-store,2023-06-16,
TXN_2156878,CUST_12,Patisserie,Item_18_PAT,30.50,8.00,244.00,"Digital Wallet",Online,2023-07-09,
TXN_5502712,CUST_16,Butchers,Item_8_BUT,15.50,1.00,15.50,"Credit Card",In-store,2023-08-01,
TXN_1781013,CUST_06,Beverages,Item_17_BEV,29.00,4.00,116.00,Cash,Online,2023-09-24,
TXN_4692212,CUST_15,Beverages,Item_14_BEV,24.50,3.00,73.50,"Credit Card",Online,2023-03-21,
TXN_5190143,CUST_08,Patisserie,Item_20_PAT,33.50,9.00,301.50,"Digital Wallet",Online,2024-11-09,
TXN_8527006,CUST_25,Food,Item_12_FOOD,21.50,9.00,193.50,"Credit Card",Online,2024-10-31,
TXN_3971472,CUST_19,Furniture,Item_12_FUR,21.50,9.00,193.50,"Digital Wallet",In-store,2024-06-01,
TXN_5743639,CUST_23,Furniture,Item_2_FUR,6.50,9.00,58.50,"Credit Card",Online,2023-08-07,
TXN_6756069,CUST_16,Beverages,Item_14_BEV,24.50,8.00,196.00,Cash,Online,2022-07-16,
TXN_8456166,CUST_11,Furniture,Item_15_FUR,26.00,1.00,26.00,Cash,In-store,2023-08-08,
TXN_3989112,CUST_16,Beverages,Item_21_BEV,35.00,10.00,350.00,Cash,In-store,2024-05-17,
TXN_6816528,CUST_25,Patisserie,Item_20_PAT,33.50,8.00,268.00,Cash,In-store,2023-08-20,
TXN_1825577,CUST_16,Beverages,Item_18_BEV,30.50,6.00,183.00,"Digital Wallet",Online,2022-07-10,
TXN_9056792,CUST_12,"Milk Products",Item_19_MILK,32.00,4.00,128.00,Cash,In-store,2024-10-30,
TXN_9849482,CUST_15,Food,Item_12_FOOD,21.50,3.00,64.50,"Credit Card",Online,2022-12-08,
TXN_7745199,CUST_13,Furniture,,0.00,9.00,342.00,"Digital Wallet",In-store,2022-03-17,
TXN_8951116,CUST_07,"Electric household essentials",,0.00,4.00,50.00,"Credit Card",Online,2023-01-23,
TXN_6606275,CUST_18,Furniture,Item_2_FUR,6.50,8.00,52.00,"Digital Wallet",Online,2022-02-28,
TXN_8279471,CUST_23,Butchers,Item_15_BUT,26.00,1.00,26.00,Cash,In-store,2023-11-01,
TXN_8064922,CUST_21,Butchers,Item_18_BUT,30.50,3.00,91.50,Cash,In-store,2024-08-03,
TXN_2718193,CUST_17,"Electric household essentials",Item_25_EHE,41.00,6.00,246.00,"Digital Wallet",In-store,2023-02-17,
TXN_2060703,CUST_08,"Electric household essentials",Item_5_EHE,11.00,6.00,66.00,Cash,Online,2023-06-25,
TXN_1696678,CUST_22,"Milk Products",Item_22_MILK,36.50,9.00,328.50,"Credit Card",Online,2024-03-11,
TXN_4297692,CUST_15,Furniture,,0.00,6.00,39.00,"Digital Wallet",Online,2023-06-29,
TXN_9810837,CUST_16,"Computers and electric accessories",Item_10_CEA,18.50,3.00,55.50,Cash,Online,2024-10-10,
TXN_4338398,CUST_07,Food,,9.50,0.00,0.00,"Digital Wallet",Online,2024-09-14,
TXN_9328310,CUST_11,"Computers and electric accessories",Item_9_CEA,17.00,1.00,17.00,Cash,In-store,2023-04-30,
TXN_5602943,CUST_13,"Electric household essentials",Item_18_EHE,30.50,3.00,91.50,"Digital Wallet",In-store,2023-01-25,
TXN_5970836,CUST_22,Food,Item_18_FOOD,30.50,10.00,305.00,"Credit Card",In-store,2023-10-03,
TXN_1084358,CUST_02,"Milk Products",Item_1_MILK,5.00,10.00,50.00,"Digital Wallet",Online,2022-01-23,
TXN_8969654,CUST_10,Furniture,Item_24_FUR,39.50,5.00,197.50,"Digital Wallet",In-store,2023-09-21,
TXN_5498501,CUST_23,Food,Item_13_FOOD,23.00,10.00,230.00,Cash,In-store,2023-03-17,
TXN_1445554,CUST_15,Butchers,Item_25_BUT,41.00,2.00,82.00,Cash,In-store,2023-04-23,
TXN_4057605,CUST_05,"Milk Products",Item_13_MILK,23.00,2.00,46.00,"Credit Card",Online,2023-07-25,
TXN_5819995,CUST_07,Butchers,Item_15_BUT,26.00,10.00,260.00,Cash,Online,2023-04-04,
TXN_7738387,CUST_19,Beverages,Item_16_BEV,27.50,2.00,55.00,"Credit Card",In-store,2023-01-10,
TXN_4829324,CUST_11,Butchers,Item_25_BUT,41.00,2.00,82.00,"Digital Wallet",In-store,2023-12-02,
TXN_1141770,CUST_03,Beverages,Item_20_BEV,33.50,9.00,301.50,"Digital Wallet",In-store,2022-05-30,
TXN_1657130,CUST_16,"Electric household essentials",Item_25_EHE,41.00,10.00,410.00,Cash,In-store,2022-03-02,
TXN_8053944,CUST_14,Patisserie,Item_6_PAT,12.50,7.00,87.50,"Credit Card",Online,2023-07-16,
TXN_2444260,CUST_01,Furniture,Item_1_FUR,5.00,6.00,30.00,Cash,Online,2023-07-15,
TXN_5283395,CUST_21,"Computers and electric accessories",Item_10_CEA,18.50,3.00,55.50,"Credit Card",In-store,2023-11-07,
TXN_8764735,CUST_04,"Computers and electric accessories",Item_16_CEA,27.50,4.00,110.00,"Digital Wallet",In-store,2024-05-26,
TXN_9794272,CUST_03,"Milk Products",Item_16_MILK,27.50,4.00,110.00,"Credit Card",Online,2023-07-04,
TXN_6529533,CUST_09,"Computers and electric accessories",Item_12_CEA,21.50,7.00,150.50,Cash,In-store,2024-06-18,
TXN_2363652,CUST_13,"Electric household essentials",Item_11_EHE,20.00,4.00,80.00,"Digital Wallet",In-store,2025-01-04,
TXN_5926128,CUST_02,Furniture,Item_21_FUR,35.00,5.00,175.00,"Digital Wallet",Online,2023-07-21,
TXN_5612017,CUST_16,Food,Item_18_FOOD,30.50,2.00,61.00,"Credit Card",Online,2024-07-25,
TXN_6089049,CUST_24,"Electric household essentials",Item_17_EHE,29.00,7.00,203.00,"Credit Card",In-store,2024-03-25,
TXN_1898727,CUST_20,Beverages,Item_16_BEV,27.50,1.00,27.50,"Credit Card",In-store,2023-12-21,
TXN_4151275,CUST_22,Beverages,Item_25_BEV,41.00,3.00,123.00,"Credit Card",Online,2023-04-28,
TXN_5698201,CUST_10,Butchers,Item_19_BUT,32.00,2.00,64.00,"Digital Wallet",In-store,2024-09-14,
TXN_4471077,CUST_15,Food,Item_7_FOOD,14.00,8.00,112.00,Cash,Online,2023-04-18,
TXN_7875396,CUST_04,Butchers,Item_19_BUT,32.00,7.00,224.00,Cash,Online,2024-04-24,
TXN_4625903,CUST_14,"Electric household essentials",Item_5_EHE,11.00,8.00,88.00,Cash,In-store,2023-06-08,
TXN_5495445,CUST_21,Butchers,,0.00,7.00,35.00,Cash,Online,2023-09-18,
TXN_8227894,CUST_24,Furniture,Item_23_FUR,38.00,10.00,380.00,"Credit Card",In-store,2022-07-02,
TXN_4810670,CUST_11,Patisserie,Item_16_PAT,27.50,7.00,192.50,"Digital Wallet",In-store,2023-05-11,
TXN_6146488,CUST_12,Beverages,Item_18_BEV,30.50,1.00,30.50,"Credit Card",In-store,2023-02-17,
TXN_8649002,CUST_25,Furniture,Item_23_FUR,38.00,5.00,190.00,"Credit Card",In-store,2022-03-02,
TXN_9136980,CUST_08,Beverages,Item_16_BEV,27.50,1.00,27.50,Cash,Online,2023-12-12,
TXN_2924230,CUST_12,Patisserie,Item_11_PAT,20.00,4.00,80.00,"Digital Wallet",In-store,2022-09-14,
TXN_5709844,CUST_19,Butchers,Item_16_BUT,27.50,4.00,110.00,"Credit Card",Online,2022-09-21,
TXN_4445624,CUST_18,Beverages,Item_16_BEV,27.50,2.00,55.00,"Digital Wallet",Online,2023-04-23,
TXN_1345478,CUST_12,Furniture,Item_14_FUR,24.50,5.00,122.50,"Credit Card",In-store,2023-07-23,
TXN_2477793,CUST_14,"Computers and electric accessories",Item_9_CEA,17.00,8.00,136.00,"Credit Card",Online,2022-09-26,
TXN_4194229,CUST_20,Beverages,,35.00,0.00,0.00,"Credit Card",In-store,2022-02-02,
TXN_6533357,CUST_21,"Milk Products",Item_11_MILK,20.00,8.00,160.00,"Credit Card",Online,2022-04-18,
TXN_9874492,CUST_25,Furniture,Item_14_FUR,24.50,5.00,122.50,Cash,In-store,2024-06-26,
TXN_4756646,CUST_05,"Milk Products",Item_16_MILK,27.50,6.00,165.00,"Digital Wallet",In-store,2023-05-28,
TXN_1482435,CUST_19,Patisserie,Item_12_PAT,21.50,10.00,215.00,Cash,In-store,2024-08-09,
TXN_4635603,CUST_07,Food,Item_25_FOOD,41.00,7.00,287.00,Cash,Online,2024-09-02,
TXN_2487390,CUST_02,"Milk Products",Item_17_MILK,29.00,10.00,290.00,"Credit Card",Online,2024-02-04,
TXN_3485127,CUST_01,Patisserie,Item_22_PAT,36.50,4.00,146.00,"Digital Wallet",In-store,2024-02-25,
TXN_4879610,CUST_04,Food,,11.00,0.00,0.00,"Digital Wallet",Online,2022-08-05,
TXN_8915425,CUST_14,Butchers,Item_21_BUT,35.00,6.00,210.00,Cash,In-store,2023-03-20,
TXN_5637200,CUST_14,"Electric household essentials",Item_8_EHE,15.50,2.00,31.00,"Credit Card",Online,2022-09-11,
TXN_3741544,CUST_05,Furniture,Item_11_FUR,20.00,3.00,60.00,Cash,In-store,2023-07-28,
TXN_5385403,CUST_03,Beverages,Item_21_BEV,35.00,7.00,245.00,"Credit Card",In-store,2024-04-27,
TXN_2568580,CUST_02,Furniture,Item_23_FUR,38.00,8.00,304.00,"Credit Card",In-store,2022-02-12,
TXN_4548737,CUST_06,"Computers and electric accessories",Item_18_CEA,30.50,10.00,305.00,Cash,Online,2023-01-22,
TXN_3433935,CUST_08,Beverages,Item_7_BEV,14.00,3.00,42.00,"Digital Wallet",Online,2022-05-03,
TXN_1367723,CUST_01,Beverages,Item_4_BEV,9.50,3.00,28.50,"Digital Wallet",In-store,2022-09-26,
TXN_5958317,CUST_18,Patisserie,Item_23_PAT,38.00,5.00,190.00,"Credit Card",In-store,2023-11-03,
TXN_7347689,CUST_23,Food,Item_19_FOOD,32.00,1.00,32.00,Cash,Online,2022-01-07,
TXN_1658095,CUST_15,Beverages,Item_23_BEV,38.00,1.00,38.00,"Digital Wallet",Online,2022-10-05,
TXN_2421656,CUST_09,Beverages,Item_24_BEV,39.50,9.00,355.50,Cash,In-store,2023-01-29,
TXN_3784155,CUST_19,Patisserie,Item_12_PAT,21.50,7.00,150.50,Cash,Online,2022-08-03,
TXN_6668642,CUST_20,"Electric household essentials",Item_4_EHE,9.50,7.00,66.50,"Digital Wallet",In-store,2024-03-24,
TXN_1771404,CUST_10,Patisserie,Item_8_PAT,15.50,2.00,31.00,Cash,In-store,2023-12-09,
TXN_3421332,CUST_02,"Computers and electric accessories",Item_5_CEA,11.00,4.00,44.00,Cash,Online,2022-06-17,
TXN_6330621,CUST_17,"Electric household essentials",,41.00,0.00,0.00,"Digital Wallet",Online,2024-01-12,
TXN_3443658,CUST_19,Beverages,Item_4_BEV,9.50,6.00,57.00,"Digital Wallet",In-store,2024-02-09,
TXN_1659323,CUST_20,Patisserie,Item_17_PAT,29.00,2.00,58.00,"Digital Wallet",Online,2023-12-10,
TXN_3406456,CUST_16,Patisserie,Item_1_PAT,5.00,7.00,35.00,Cash,Online,2024-07-16,
TXN_6292699,CUST_18,"Computers and electric accessories",,0.00,8.00,244.00,"Credit Card",In-store,2025-01-14,
TXN_3043873,CUST_16,Food,Item_4_FOOD,9.50,9.00,85.50,Cash,Online,2023-06-14,
TXN_4117981,CUST_04,"Computers and electric accessories",Item_16_CEA,27.50,9.00,247.50,Cash,Online,2023-12-31,
TXN_6664485,CUST_14,Food,Item_3_FOOD,8.00,3.00,24.00,"Credit Card",In-store,2024-10-12,
TXN_7109690,CUST_19,Furniture,Item_6_FUR,12.50,7.00,87.50,"Credit Card",In-store,2023-01-29,
TXN_8631188,CUST_06,Beverages,Item_12_BEV,21.50,8.00,172.00,"Digital Wallet",In-store,2023-11-17,
TXN_5990486,CUST_13,Butchers,Item_15_BUT,26.00,1.00,26.00,Cash,In-store,2024-01-29,
TXN_9980491,CUST_17,Furniture,Item_11_FUR,20.00,4.00,80.00,"Digital Wallet",In-store,2023-11-28,
TXN_7476250,CUST_12,Furniture,Item_2_FUR,6.50,7.00,45.50,"Digital Wallet",In-store,2023-10-29,
TXN_2414883,CUST_04,Food,,41.00,0.00,0.00,Cash,In-store,2022-02-01,
TXN_6824383,CUST_13,"Computers and electric accessories",Item_2_CEA,6.50,1.00,6.50,"Credit Card",Online,2024-10-15,
TXN_7080216,CUST_16,"Computers and electric accessories",Item_5_CEA,11.00,1.00,11.00,"Credit Card",Online,2023-07-18,
TXN_3982286,CUST_06,"Electric household essentials",Item_18_EHE,30.50,4.00,122.00,"Credit Card",Online,2023-02-13,
TXN_7029443,CUST_01,Furniture,Item_11_FUR,20.00,6.00,120.00,Cash,In-store,2024-02-08,
TXN_4774375,CUST_23,Beverages,Item_3_BEV,8.00,4.00,32.00,Cash,Online,2024-05-28,
TXN_1594555,CUST_24,Patisserie,Item_22_PAT,36.50,6.00,219.00,"Digital Wallet",In-store,2022-04-29,
TXN_6098786,CUST_03,Beverages,Item_1_BEV,5.00,4.00,20.00,"Digital Wallet",Online,2022-08-02,
TXN_7582292,CUST_17,"Milk Products",Item_19_MILK,32.00,2.00,64.00,"Digital Wallet",Online,2023-06-18,
TXN_4817603,CUST_11,"Milk Products",Item_8_MILK,15.50,3.00,46.50,"Digital Wallet",In-store,2022-07-09,
TXN_7412715,CUST_19,Furniture,Item_5_FUR,11.00,3.00,33.00,Cash,In-store,2022-10-23,
TXN_1953026,CUST_03,Furniture,Item_15_FUR,26.00,4.00,104.00,"Digital Wallet",Online,2024-11-19,
TXN_2590429,CUST_18,"Electric household essentials",Item_1_EHE,5.00,4.00,20.00,Cash,In-store,2022-11-16,
TXN_9279801,CUST_03,Furniture,,39.50,0.00,0.00,"Credit Card",In-store,2022-05-27,
TXN_8654066,CUST_19,"Computers and electric accessories",Item_11_CEA,20.00,7.00,140.00,"Digital Wallet",In-store,2024-01-25,
TXN_5657102,CUST_19,Beverages,Item_25_BEV,41.00,1.00,41.00,"Credit Card",In-store,2024-05-25,
TXN_7072261,CUST_19,Patisserie,,38.00,0.00,0.00,"Credit Card",In-store,2024-03-08,
TXN_8782397,CUST_24,"Electric household essentials",Item_19_EHE,32.00,2.00,64.00,"Digital Wallet",In-store,2023-04-20,
TXN_6091565,CUST_15,"Computers and electric accessories",Item_14_CEA,24.50,7.00,171.50,"Digital Wallet",In-store,2022-09-09,
TXN_1558530,CUST_09,Beverages,Item_22_BEV,36.50,4.00,146.00,Cash,Online,2022-04-06,
TXN_9377177,CUST_18,"Electric household essentials",Item_24_EHE,39.50,2.00,79.00,"Digital Wallet",In-store,2023-11-12,
TXN_3364809,CUST_16,Patisserie,Item_22_PAT,36.50,2.00,73.00,"Credit Card",Online,2022-11-01,
TXN_7949162,CUST_11,Furniture,Item_6_FUR,12.50,4.00,50.00,"Credit Card",In-store,2022-01-01,
TXN_5113959,CUST_10,"Computers and electric accessories",Item_15_CEA,26.00,4.00,104.00,Cash,In-store,2023-05-16,
TXN_4551789,CUST_15,"Milk Products",Item_16_MILK,27.50,5.00,137.50,Cash,In-store,2022-09-06,
TXN_5573907,CUST_23,Butchers,Item_22_BUT,36.50,1.00,36.50,"Digital Wallet",In-store,2024-07-22,
TXN_2471176,CUST_12,"Computers and electric accessories",Item_8_CEA,15.50,7.00,108.50,"Digital Wallet",Online,2024-12-03,
TXN_2912144,CUST_06,"Electric household essentials",,33.50,0.00,0.00,"Credit Card",In-store,2023-12-21,
TXN_1352194,CUST_17,"Electric household essentials",,0.00,4.00,86.00,"Credit Card",Online,2023-02-26,
TXN_6577325,CUST_18,Food,Item_20_FOOD,33.50,4.00,134.00,"Digital Wallet",Online,2023-06-14,
TXN_4174028,CUST_17,Butchers,,6.50,0.00,0.00,"Credit Card",Online,2022-01-07,
TXN_7460913,CUST_18,Patisserie,Item_12_PAT,21.50,7.00,150.50,"Digital Wallet",In-store,2024-08-10,
TXN_7807887,CUST_02,"Computers and electric accessories",Item_11_CEA,20.00,4.00,80.00,Cash,Online,2023-11-26,
TXN_2951623,CUST_25,"Milk Products",Item_1_MILK,5.00,8.00,40.00,"Digital Wallet",In-store,2024-01-17,
TXN_4534500,CUST_02,"Electric household essentials",Item_11_EHE,20.00,6.00,120.00,"Digital Wallet",In-store,2024-12-21,
TXN_2491384,CUST_18,"Milk Products",Item_17_MILK,29.00,8.00,232.00,Cash,Online,2023-10-20,
TXN_7038132,CUST_01,"Milk Products",Item_3_MILK,8.00,6.00,48.00,Cash,Online,2022-11-13,
TXN_4236200,CUST_15,Patisserie,Item_3_PAT,8.00,3.00,24.00,"Credit Card",In-store,2023-09-01,
TXN_8878797,CUST_07,"Electric household essentials",Item_15_EHE,26.00,8.00,208.00,"Credit Card",Online,2023-04-09,
TXN_4829316,CUST_04,"Milk Products",Item_13_MILK,23.00,4.00,92.00,"Credit Card",In-store,2023-12-17,
TXN_2934230,CUST_10,Food,Item_11_FOOD,20.00,8.00,160.00,Cash,Online,2024-01-20,
TXN_6518451,CUST_11,Food,Item_15_FOOD,26.00,8.00,208.00,Cash,In-store,2024-08-01,
TXN_6199720,CUST_24,"Milk Products",Item_3_MILK,8.00,2.00,16.00,Cash,Online,2024-07-13,
TXN_5257621,CUST_20,Furniture,Item_20_FUR,33.50,8.00,268.00,"Digital Wallet",Online,2023-12-01,
TXN_6655731,CUST_07,"Computers and electric accessories",Item_21_CEA,35.00,3.00,105.00,"Digital Wallet",Online,2023-01-18,
TXN_8828761,CUST_08,Butchers,Item_20_BUT,33.50,2.00,67.00,"Credit Card",In-store,2025-01-17,
TXN_7457909,CUST_24,"Milk Products",Item_23_MILK,38.00,8.00,304.00,"Digital Wallet",In-store,2022-07-06,
TXN_5411098,CUST_19,"Milk Products",Item_11_MILK,20.00,4.00,80.00,Cash,Online,2023-03-20,
TXN_4426921,CUST_25,Patisserie,Item_9_PAT,17.00,10.00,170.00,"Credit Card",In-store,2023-03-27,
TXN_1724677,CUST_18,Patisserie,Item_4_PAT,9.50,8.00,76.00,"Credit Card",In-store,2022-03-31,
TXN_8114757,CUST_22,Beverages,Item_18_BEV,30.50,3.00,91.50,"Digital Wallet",Online,2024-09-04,
TXN_5050894,CUST_02,"Electric household essentials",Item_25_EHE,41.00,6.00,246.00,Cash,Online,2022-07-13,
TXN_6733308,CUST_20,Furniture,Item_19_FUR,32.00,9.00,288.00,Cash,Online,2024-02-16,
TXN_1511195,CUST_17,Food,Item_13_FOOD,23.00,1.00,23.00,Cash,Online,2024-09-16,
TXN_3638067,CUST_11,"Electric household essentials",,35.00,0.00,0.00,"Digital Wallet",In-store,2022-04-21,
TXN_3268417,CUST_04,Furniture,Item_25_FUR,41.00,9.00,369.00,"Credit Card",In-store,2023-07-07,
TXN_3279700,CUST_12,Beverages,Item_7_BEV,14.00,5.00,70.00,"Credit Card",Online,2023-08-05,
TXN_6176210,CUST_17,"Milk Products",Item_19_MILK,32.00,7.00,224.00,Cash,In-store,2024-02-18,
TXN_6195779,CUST_14,Butchers,Item_15_BUT,26.00,3.00,78.00,"Credit Card",Online,2023-10-17,
TXN_9846740,CUST_03,"Electric household essentials",Item_20_EHE,33.50,8.00,268.00,"Credit Card",Online,2023-05-06,
TXN_8761612,CUST_08,Furniture,Item_17_FUR,29.00,5.00,145.00,"Digital Wallet",Online,2022-06-25,
TXN_8935590,CUST_06,Beverages,Item_2_BEV,6.50,6.00,39.00,"Credit Card",In-store,2022-08-18,
TXN_3361053,CUST_19,Furniture,Item_6_FUR,12.50,9.00,112.50,"Digital Wallet",Online,2024-06-29,
TXN_6726738,CUST_04,"Computers and electric accessories",Item_10_CEA,18.50,3.00,55.50,"Credit Card",In-store,2022-09-24,
TXN_2599418,CUST_03,"Milk Products",Item_19_MILK,32.00,9.00,288.00,"Credit Card",Online,2024-08-27,
TXN_8129450,CUST_08,Food,Item_17_FOOD,29.00,4.00,116.00,Cash,In-store,2024-02-18,
TXN_2361835,CUST_02,Furniture,Item_15_FUR,26.00,5.00,130.00,"Credit Card",In-store,2022-02-05,
TXN_3673685,CUST_08,Beverages,Item_12_BEV,21.50,10.00,215.00,"Digital Wallet",Online,2024-08-20,
TXN_7422454,CUST_07,Butchers,,33.50,0.00,0.00,Cash,Online,2023-04-15,
TXN_1096134,CUST_06,Food,Item_4_FOOD,9.50,8.00,76.00,"Digital Wallet",In-store,2022-06-11,
TXN_9347481,CUST_18,Patisserie,Item_23_PAT,38.00,4.00,152.00,"Credit Card",In-store,2023-09-03,
TXN_5306010,CUST_11,Butchers,Item_7_BUT,14.00,10.00,140.00,Cash,Online,2024-08-24,
TXN_2407494,CUST_23,Food,Item_9_FOOD,17.00,3.00,51.00,Cash,Online,2022-08-06,
