total_gastado,Total_Spent
185.0000,185.00
261.0000,261.00
43.0000,43.00
247.5000,247.50
87.5000,87.50
40.0000,40.00
27.5000,27.50
109.5000,109.50
72.0000,72.00
45.5000,45.50
237.0000,237.00
55.0000,55.00
232.0000,232.00
23.0000,23.00
126.0000,126.00
66.5000,66.50
18.5000,18.50
49.0000,49.00
134.0000,134.00
410.0000,410.00
245.0000,245.00
182.5000,182.50
200.0000,200.00
100.0000,100.00
315.0000,315.00
287.0000,287.00
76.0000,76.00
92.5000,92.50
100.0000,100.00
190.0000,190.00
255.5000,255.50
92.5000,92.50
276.5000,276.50
46.5000,46.50
8.0000,8.00
107.5000,107.50
165.0000,165.00
80.0000,80.00
165.0000,165.00
192.5000,192.50
335.0000,335.00
66.0000,66.00
215.0000,215.00
96.0000,96.00
190.0000,190.00
42.0000,42.00
11.0000,11.00
234.0000,234.00
247.5000,247.50
87.5000,87.50
316.0000,316.00
82.5000,82.50
180.0000,180.00
255.5000,255.50
365.0000,365.00
39.0000,39.00
245.0000,245.00
172.0000,172.00
134.0000,134.00
122.0000,122.00
30.0000,30.00
66.5000,66.50
365.0000,365.00
126.0000,126.00
84.0000,84.00
320.0000,320.00
219.0000,219.00
335.0000,335.00
67.0000,67.00
146.0000,146.00
290.0000,290.00
70.0000,70.00
160.0000,160.00
82.0000,82.00
14.0000,14.00
105.0000,105.00
355.5000,355.50
124.0000,124.00
28.5000,28.50
49.0000,49.00
47.5000,47.50
193.5000,193.50
38.0000,38.00
14.0000,14.00
76.0000,76.00
12.5000,12.50
140.0000,140.00
120.0000,120.00
183.0000,183.00
335.0000,335.00
165.0000,165.00
305.0000,305.00
41.0000,41.00
155.0000,155.00
92.5000,92.50
19.5000,19.50
287.0000,287.00
33.0000,33.00
108.5000,108.50
109.5000,109.50
119.0000,119.00
280.0000,280.00
155.0000,155.00
287.0000,287.00
62.0000,62.00
32.0000,32.00
380.0000,380.00
304.0000,304.00
139.5000,139.50
114.0000,114.00
192.0000,192.00
167.5000,167.50
92.5000,92.50
88.0000,88.00
395.0000,395.00
70.0000,70.00
158.0000,158.00
25.0000,25.00
410.0000,410.00
50.0000,50.00
395.0000,395.00
32.5000,32.50
122.0000,122.00
15.0000,15.00
33.5000,33.50
24.0000,24.00
111.0000,111.00
120.0000,120.00
40.0000,40.00
395.0000,395.00
46.0000,46.00
25.0000,25.00
32.5000,32.50
305.0000,305.00
36.5000,36.50
62.5000,62.50
25.0000,25.00
280.0000,280.00
139.5000,139.50
219.0000,219.00
161.0000,161.00
26.0000,26.00
98.0000,98.00
126.0000,126.00
315.0000,315.00
85.0000,85.00
41.0000,41.00
126.0000,126.00
84.0000,84.00
287.0000,287.00
98.0000,98.00
192.0000,192.00
80.0000,80.00
228.0000,228.00
91.5000,91.50
140.0000,140.00
93.0000,93.00
55.0000,55.00
335.0000,335.00
35.0000,35.00
82.0000,82.00
180.0000,180.00
88.0000,88.00
192.5000,192.50
40.0000,40.00
167.5000,167.50
261.0000,261.00
208.0000,208.00
100.5000,100.50
167.5000,167.50
275.0000,275.00
134.0000,134.00
38.0000,38.00
9.5000,9.50
42.0000,42.00
247.5000,247.50
10.0000,10.00
138.0000,138.00
288.0000,288.00
167.5000,167.50
60.0000,60.00
123.0000,123.00
43.0000,43.00
73.0000,73.00
197.5000,197.50
69.0000,69.00
61.0000,61.00
140.0000,140.00
52.0000,52.00
116.0000,116.00
70.0000,70.00
46.5000,46.50
35.0000,35.00
50.0000,50.00
123.0000,123.00
76.0000,76.00
47.5000,47.50
245.0000,245.00
55.5000,55.50
6.5000,6.50
82.0000,82.00
93.0000,93.00
152.5000,152.50
118.5000,118.50
35.0000,35.00
123.0000,123.00
25.0000,25.00
172.0000,172.00
280.0000,280.00
190.0000,190.00
192.5000,192.50
74.0000,74.00
66.0000,66.00
105.0000,105.00
205.0000,205.00
150.5000,150.50
110.0000,110.00
10.0000,10.00
19.0000,19.00
6.5000,6.50
48.0000,48.00
175.0000,175.00
369.0000,369.00
255.5000,255.50
37.5000,37.50
150.5000,150.50
65.0000,65.00
170.0000,170.00
77.5000,77.50
129.5000,129.50
15.5000,15.50
24.5000,24.50
118.5000,118.50
147.0000,147.00
37.5000,37.50
21.5000,21.50
46.5000,46.50
77.5000,77.50
72.0000,72.00
55.0000,55.00
35.0000,35.00
98.0000,98.00
31.0000,31.00
38.0000,38.00
12.5000,12.50
170.0000,170.00
123.0000,123.00
128.0000,128.00
234.0000,234.00
234.0000,234.00
58.5000,58.50
6.5000,6.50
129.5000,129.50
237.0000,237.00
55.0000,55.00
66.0000,66.00
50.0000,50.00
266.0000,266.00
138.0000,138.00
29.0000,29.00
167.5000,167.50
288.0000,288.00
158.0000,158.00
50.0000,50.00
64.0000,64.00
15.5000,15.50
128.0000,128.00
115.0000,115.00
32.0000,32.00
39.0000,39.00
80.0000,80.00
119.0000,119.00
276.5000,276.50
80.0000,80.00
69.0000,69.00
355.5000,355.50
93.0000,93.00
64.5000,64.50
260.0000,260.00
55.0000,55.00
232.0000,232.00
41.0000,41.00
207.0000,207.00
224.0000,224.00
335.0000,335.00
52.0000,52.00
64.0000,64.00
73.0000,73.00
35.0000,35.00
170.0000,170.00
120.0000,120.00
207.0000,207.00
185.0000,185.00
80.0000,80.00
232.0000,232.00
328.0000,328.00
92.0000,92.00
93.0000,93.00
120.0000,120.00
60.0000,60.00
244.0000,244.00
33.0000,33.00
39.5000,39.50
37.5000,37.50
237.0000,237.00
15.0000,15.00
67.0000,67.00
410.0000,410.00
328.0000,328.00
100.0000,100.00
69.0000,69.00
43.0000,43.00
23.0000,23.00
268.0000,268.00
16.0000,16.00
328.5000,328.50
129.5000,129.50
147.0000,147.00
118.5000,118.50
118.5000,118.50
61.0000,61.00
44.0000,44.00
73.0000,73.00
11.0000,11.00
76.0000,76.00
234.0000,234.00
129.0000,129.00
92.0000,92.00
72.0000,72.00
301.5000,301.50
80.0000,80.00
255.5000,255.50
182.0000,182.00
99.0000,99.00
57.0000,57.00
43.0000,43.00
29.0000,29.00
115.0000,115.00
98.0000,98.00
5.0000,5.00
98.0000,98.00
369.0000,369.00
108.5000,108.50
320.0000,320.00
120.0000,120.00
70.0000,70.00
38.0000,38.00
52.0000,52.00
122.5000,122.50
261.0000,261.00
35.0000,35.00
261.0000,261.00
15.5000,15.50
67.0000,67.00
23.0000,23.00
24.0000,24.00
112.5000,112.50
275.0000,275.00
190.0000,190.00
68.0000,68.00
64.0000,64.00
182.5000,182.50
60.0000,60.00
60.0000,60.00
232.0000,232.00
316.0000,316.00
73.0000,73.00
68.0000,68.00
280.0000,280.00
320.0000,320.00
33.5000,33.50
228.0000,228.00
64.5000,64.50
172.0000,172.00
147.0000,147.00
6.5000,6.50
193.5000,193.50
134.0000,134.00
33.0000,33.00
292.0000,292.00
192.0000,192.00
215.0000,215.00
328.5000,328.50
146.0000,146.00
111.0000,111.00
220.0000,220.00
28.0000,28.00
39.0000,39.00
150.5000,150.50
342.0000,342.00
33.0000,33.00
147.0000,147.00
64.5000,64.50
205.0000,205.00
32.5000,32.50
182.0000,182.00
93.0000,93.00
26.0000,26.00
102.0000,102.00
35.0000,35.00
68.0000,68.00
98.0000,98.00
247.5000,247.50
19.0000,19.00
19.0000,19.00
67.0000,67.00
110.0000,110.00
290.0000,290.00
120.0000,120.00
77.5000,77.50
61.0000,61.00
77.0000,77.00
123.0000,123.00
140.0000,140.00
35.0000,35.00
196.0000,196.00
38.0000,38.00
100.0000,100.00
125.0000,125.00
237.0000,237.00
12.5000,12.50
210.0000,210.00
91.5000,91.50
137.5000,137.50
245.0000,245.00
110.0000,110.00
60.0000,60.00
134.0000,134.00
219.0000,219.00
33.5000,33.50
25.0000,25.00
315.0000,315.00
44.0000,44.00
136.0000,136.00
292.0000,292.00
29.0000,29.00
380.0000,380.00
58.5000,58.50
64.0000,64.00
145.0000,145.00
123.0000,123.00
62.5000,62.50
6.5000,6.50
36.5000,36.50
107.5000,107.50
100.0000,100.00
80.0000,80.00
30.0000,30.00
172.0000,172.00
46.0000,46.00
55.0000,55.00
65.0000,65.00
55.0000,55.00
153.0000,153.00
245.0000,245.00
29.0000,29.00
210.0000,210.00
80.0000,80.00
138.0000,138.00
60.0000,60.00
95.0000,95.00
79.0000,79.00
78.0000,78.00
38.0000,38.00
305.0000,305.00
37.5000,37.50
51.0000,51.00
38.0000,38.00
190.0000,190.00
30.0000,30.00
160.0000,160.00
15.0000,15.00
46.5000,46.50
256.0000,256.00
224.0000,224.00
182.5000,182.50
31.0000,31.00
215.0000,215.00
33.0000,33.00
152.0000,152.00
50.0000,50.00
230.0000,230.00
276.5000,276.50
247.5000,247.50
193.5000,193.50
275.0000,275.00
31.0000,31.00
31.0000,31.00
26.0000,26.00
230.0000,230.00
274.5000,274.50
93.0000,93.00
65.0000,65.00
69.0000,69.00
21.5000,21.50
98.0000,98.00
77.5000,77.50
280.0000,280.00
55.0000,55.00
245.0000,245.00
111.0000,111.00
138.0000,138.00
160.0000,160.00
160.0000,160.00
77.5000,77.50
205.0000,205.00
255.5000,255.50
40.0000,40.00
184.0000,184.00
182.0000,182.00
25.0000,25.00
171.5000,171.50
29.0000,29.00
116.0000,116.00
29.0000,29.00
20.0000,20.00
25.0000,25.00
58.0000,58.00
52.0000,52.00
274.5000,274.50
213.5000,213.50
365.0000,365.00
175.0000,175.00
107.5000,107.50
114.0000,114.00
192.0000,192.00
78.0000,78.00
203.0000,203.00
161.0000,161.00
65.0000,65.00
193.5000,193.50
58.0000,58.00
266.0000,266.00
276.5000,276.50
140.0000,140.00
40.0000,40.00
20.0000,20.00
73.0000,73.00
104.0000,104.00
107.5000,107.50
58.0000,58.00
201.0000,201.00
234.5000,234.50
87.0000,87.00
93.0000,93.00
104.0000,104.00
56.0000,56.00
28.5000,28.50
86.0000,86.00
66.5000,66.50
55.0000,55.00
93.0000,93.00
25.0000,25.00
55.0000,55.00
67.0000,67.00
139.5000,139.50
30.5000,30.50
20.0000,20.00
85.5000,85.50
49.0000,49.00
167.5000,167.50
67.0000,67.00
60.0000,60.00
62.0000,62.00
62.5000,62.50
55.0000,55.00
37.5000,37.50
55.5000,55.50
175.0000,175.00
110.0000,110.00
112.5000,112.50
39.5000,39.50
174.0000,174.00
155.0000,155.00
46.5000,46.50
137.5000,137.50
342.0000,342.00
20.0000,20.00
22.0000,22.00
255.5000,255.50
42.0000,42.00
172.0000,172.00
175.0000,175.00
29.0000,29.00
320.0000,320.00
139.5000,139.50
158.0000,158.00
26.0000,26.00
207.0000,207.00
70.0000,70.00
120.0000,120.00
29.0000,29.00
67.0000,67.00
6.5000,6.50
34.0000,34.00
46.5000,46.50
365.0000,365.00
20.0000,20.00
156.0000,156.00
350.0000,350.00
228.0000,228.00
292.0000,292.00
64.5000,64.50
57.0000,57.00
315.0000,315.00
174.0000,174.00
156.0000,156.00
76.0000,76.00
184.0000,184.00
350.0000,350.00
167.5000,167.50
73.0000,73.00
33.5000,33.50
145.0000,145.00
215.0000,215.00
44.0000,44.00
75.0000,75.00
27.5000,27.50
23.0000,23.00
115.0000,115.00
305.0000,305.00
114.0000,114.00
328.0000,328.00
274.5000,274.50
210.0000,210.00
108.5000,108.50
15.0000,15.00
246.0000,246.00
100.0000,100.00
95.0000,95.00
126.0000,126.00
19.5000,19.50
99.0000,99.00
234.5000,234.50
22.0000,22.00
150.5000,150.50
234.0000,234.00
51.0000,51.00
140.0000,140.00
98.0000,98.00
43.0000,43.00
52.0000,52.00
75.0000,75.00
26.0000,26.00
33.5000,33.50
49.0000,49.00
25.0000,25.00
39.0000,39.00
180.0000,180.00
69.0000,69.00
369.0000,369.00
152.0000,152.00
200.0000,200.00
73.0000,73.00
365.0000,365.00
78.0000,78.00
14.0000,14.00
49.0000,49.00
237.0000,237.00
85.5000,85.50
75.0000,75.00
160.0000,160.00
268.0000,268.00
125.0000,125.00
172.0000,172.00
69.0000,69.00
220.0000,220.00
61.0000,61.00
87.0000,87.00
125.0000,125.00
220.5000,220.50
192.5000,192.50
125.0000,125.00
208.0000,208.00
136.0000,136.00
9.5000,9.50
40.0000,40.00
29.0000,29.00
171.5000,171.50
72.0000,72.00
19.0000,19.00
16.0000,16.00
205.0000,205.00
11.0000,11.00
64.0000,64.00
215.0000,215.00
171.5000,171.50
36.5000,36.50
29.0000,29.00
62.0000,62.00
156.0000,156.00
92.0000,92.00
72.0000,72.00
192.0000,192.00
260.0000,260.00
245.0000,245.00
60.0000,60.00
119.0000,119.00
208.0000,208.00
78.0000,78.00
166.5000,166.50
200.0000,200.00
58.5000,58.50
6.5000,6.50
55.5000,55.50
26.0000,26.00
110.0000,110.00
288.0000,288.00
37.5000,37.50
33.5000,33.50
46.5000,46.50
10.0000,10.00
28.5000,28.50
100.0000,100.00
245.0000,245.00
26.0000,26.00
190.0000,190.00
232.0000,232.00
98.0000,98.00
172.0000,172.00
57.0000,57.00
112.5000,112.50
118.5000,118.50
224.0000,224.00
40.0000,40.00
48.0000,48.00
76.0000,76.00
137.5000,137.50
50.0000,50.00
161.0000,161.00
205.0000,205.00
301.5000,301.50
120.0000,120.00
114.0000,114.00
134.0000,134.00
38.0000,38.00
86.0000,86.00
46.5000,46.50
19.5000,19.50
67.0000,67.00
234.5000,234.50
126.0000,126.00
287.0000,287.00
365.0000,365.00
136.0000,136.00
5.0000,5.00
87.0000,87.00
160.0000,160.00
76.0000,76.00
12.5000,12.50
45.0000,45.00
40.0000,40.00
246.0000,246.00
19.5000,19.50
112.0000,112.00
155.0000,155.00
139.5000,139.50
244.0000,244.00
6.5000,6.50
96.0000,96.00
50.0000,50.00
35.0000,35.00
70.0000,70.00
23.0000,23.00
48.0000,48.00
92.5000,92.50
160.0000,160.00
200.0000,200.00
108.5000,108.50
98.0000,98.00
320.0000,320.00
230.0000,230.00
112.5000,112.50
20.0000,20.00
115.0000,115.00
122.5000,122.50
192.5000,192.50
234.0000,234.00
25.0000,25.00
119.0000,119.00
268.0000,268.00
119.0000,119.00
50.0000,50.00
38.0000,38.00
25.0000,25.00
15.0000,15.00
134.0000,134.00
72.0000,72.00
27.5000,27.50
266.0000,266.00
64.0000,64.00
74.0000,74.00
153.0000,153.00
410.0000,410.00
287.0000,287.00
92.0000,92.00
99.0000,99.00
200.0000,200.00
369.0000,369.00
203.0000,203.00
234.0000,234.00
166.5000,166.50
12.5000,12.50
107.5000,107.50
84.0000,84.00
100.0000,100.00
134.0000,134.00
192.0000,192.00
30.5000,30.50
196.0000,196.00
129.0000,129.00
92.0000,92.00
245.0000,245.00
18.5000,18.50
130.0000,130.00
123.0000,123.00
36.5000,36.50
51.0000,51.00
146.0000,146.00
237.0000,237.00
207.0000,207.00
275.0000,275.00
196.0000,196.00
74.0000,74.00
72.0000,72.00
64.0000,64.00
82.0000,82.00
60.0000,60.00
161.0000,161.00
130.0000,130.00
34.0000,34.00
316.0000,316.00
180.0000,180.00
160.0000,160.00
19.5000,19.50
290.0000,290.00
164.0000,164.00
256.0000,256.00
111.0000,111.00
152.5000,152.50
255.5000,255.50
65.0000,65.00
46.0000,46.00
244.0000,244.00
166.5000,166.50
8.0000,8.00
207.0000,207.00
47.5000,47.50
88.0000,88.00
164.0000,164.00
137.5000,137.50
237.0000,237.00
108.5000,108.50
111.0000,111.00
86.0000,86.00
380.0000,380.00
201.0000,201.00
110.0000,110.00
102.0000,102.00
15.5000,15.50
183.0000,183.00
328.5000,328.50
18.5000,18.50
112.0000,112.00
174.0000,174.00
180.0000,180.00
42.0000,42.00
100.5000,100.50
110.0000,110.00
107.5000,107.50
108.5000,108.50
205.0000,205.00
49.0000,49.00
95.0000,95.00
100.0000,100.00
8.0000,8.00
136.0000,136.00
123.0000,123.00
107.5000,107.50
150.5000,150.50
205.0000,205.00
369.0000,369.00
14.0000,14.00
80.0000,80.00
107.5000,107.50
196.0000,196.00
342.0000,342.00
126.0000,126.00
65.0000,65.00
31.0000,31.00
182.5000,182.50
41.0000,41.00
86.0000,86.00
107.5000,107.50
65.0000,65.00
12.5000,12.50
79.0000,79.00
55.0000,55.00
100.5000,100.50
84.0000,84.00
171.5000,171.50
175.0000,175.00
55.0000,55.00
146.0000,146.00
66.5000,66.50
150.5000,150.50
40.0000,40.00
134.0000,134.00
39.0000,39.00
52.0000,52.00
29.0000,29.00
245.0000,245.00
49.0000,49.00
200.0000,200.00
46.5000,46.50
98.0000,98.00
96.0000,96.00
160.0000,160.00
196.0000,196.00
76.0000,76.00
70.0000,70.00
165.0000,165.00
350.0000,350.00
167.5000,167.50
172.0000,172.00
112.0000,112.00
328.5000,328.50
245.0000,245.00
11.0000,11.00
108.5000,108.50
215.0000,215.00
84.0000,84.00
196.0000,196.00
138.0000,138.00
49.0000,49.00
25.0000,25.00
80.0000,80.00
26.0000,26.00
316.0000,316.00
10.0000,10.00
37.0000,37.00
35.0000,35.00
261.0000,261.00
47.5000,47.50
207.0000,207.00
75.0000,75.00
116.0000,116.00
160.0000,160.00
125.0000,125.00
275.0000,275.00
152.0000,152.00
15.5000,15.50
335.0000,335.00
290.0000,290.00
86.0000,86.00
136.0000,136.00
255.5000,255.50
15.5000,15.50
75.0000,75.00
184.0000,184.00
32.0000,32.00
410.0000,410.00
108.5000,108.50
139.5000,139.50
201.0000,201.00
35.0000,35.00
126.0000,126.00
228.0000,228.00
43.0000,43.00
246.0000,246.00
21.5000,21.50
207.0000,207.00
174.0000,174.00
315.0000,315.00
164.0000,164.00
20.0000,20.00
82.5000,82.50
355.5000,355.50
193.5000,193.50
205.0000,205.00
175.0000,175.00
228.0000,228.00
11.0000,11.00
26.0000,26.00
122.5000,122.50
410.0000,410.00
58.0000,58.00
44.0000,44.00
160.0000,160.00
215.0000,215.00
42.0000,42.00
39.0000,39.00
23.0000,23.00
320.0000,320.00
21.5000,21.50
205.0000,205.00
105.0000,105.00
68.0000,68.00
156.0000,156.00
182.5000,182.50
255.5000,255.50
182.0000,182.00
261.0000,261.00
156.0000,156.00
41.0000,41.00
62.0000,62.00
274.5000,274.50
108.5000,108.50
100.5000,100.50
105.0000,105.00
119.0000,119.00
395.0000,395.00
224.0000,224.00
79.0000,79.00
85.0000,85.00
11.0000,11.00
35.0000,35.00
244.0000,244.00
276.5000,276.50
160.0000,160.00
126.0000,126.00
100.0000,100.00
95.0000,95.00
161.0000,161.00
237.0000,237.00
335.0000,335.00
82.0000,82.00
47.5000,47.50
64.5000,64.50
70.0000,70.00
369.0000,369.00
35.0000,35.00
92.0000,92.00
6.5000,6.50
24.5000,24.50
244.0000,244.00
215.0000,215.00
260.0000,260.00
76.0000,76.00
171.5000,171.50
41.0000,41.00
174.0000,174.00
10.0000,10.00
292.0000,292.00
38.0000,38.00
45.5000,45.50
25.0000,25.00
260.0000,260.00
150.5000,150.50
276.5000,276.50
88.0000,88.00
72.0000,72.00
109.5000,109.50
32.5000,32.50
184.0000,184.00
23.0000,23.00
380.0000,380.00
124.0000,124.00
32.0000,32.00
193.5000,193.50
46.0000,46.00
55.0000,55.00
355.5000,355.50
247.5000,247.50
64.0000,64.00
201.0000,201.00
192.5000,192.50
122.5000,122.50
66.5000,66.50
266.0000,266.00
110.0000,110.00
109.5000,109.50
120.0000,120.00
72.0000,72.00
256.0000,256.00
342.0000,342.00
64.0000,64.00
123.0000,123.00
24.5000,24.50
57.0000,57.00
182.0000,182.00
58.5000,58.50
14.0000,14.00
92.0000,92.00
95.0000,95.00
66.0000,66.00
66.5000,66.50
73.5000,73.50
9.5000,9.50
190.0000,190.00
39.0000,39.00
115.0000,115.00
80.0000,80.00
56.0000,56.00
328.0000,328.00
78.0000,78.00
107.5000,107.50
57.0000,57.00
155.0000,155.00
37.5000,37.50
69.0000,69.00
171.5000,171.50
84.0000,84.00
147.0000,147.00
139.5000,139.50
328.5000,328.50
19.5000,19.50
180.0000,180.00
201.0000,201.00
245.0000,245.00
33.5000,33.50
66.5000,66.50
158.0000,158.00
23.0000,23.00
5.0000,5.00
28.0000,28.00
73.0000,73.00
6.5000,6.50
380.0000,380.00
261.0000,261.00
234.0000,234.00
55.0000,55.00
196.0000,196.00
65.0000,65.00
140.0000,140.00
38.0000,38.00
244.0000,244.00
129.0000,129.00
167.5000,167.50
120.0000,120.00
40.0000,40.00
40.0000,40.00
76.0000,76.00
73.0000,73.00
350.0000,350.00
148.0000,148.00
67.0000,67.00
47.5000,47.50
27.5000,27.50
73.5000,73.50
161.0000,161.00
75.0000,75.00
66.5000,66.50
180.0000,180.00
24.0000,24.00
55.0000,55.00
38.0000,38.00
203.0000,203.00
280.0000,280.00
350.0000,350.00
125.0000,125.00
174.0000,174.00
140.0000,140.00
167.5000,167.50
246.0000,246.00
166.5000,166.50
32.5000,32.50
287.0000,287.00
208.0000,208.00
234.0000,234.00
140.0000,140.00
342.0000,342.00
62.5000,62.50
56.0000,56.00
328.0000,328.00
55.0000,55.00
228.0000,228.00
52.0000,52.00
328.5000,328.50
19.5000,19.50
26.0000,26.00
14.0000,14.00
16.0000,16.00
207.0000,207.00
56.0000,56.00
25.0000,25.00
19.5000,19.50
19.5000,19.50
25.0000,25.00
32.0000,32.00
234.5000,234.50
247.5000,247.50
145.0000,145.00
328.0000,328.00
75.0000,75.00
305.0000,305.00
87.0000,87.00
50.0000,50.00
175.0000,175.00
148.0000,148.00
109.5000,109.50
50.0000,50.00
139.5000,139.50
115.0000,115.00
100.0000,100.00
116.0000,116.00
21.5000,21.50
91.5000,91.50
237.0000,237.00
395.0000,395.00
167.5000,167.50
167.5000,167.50
86.0000,86.00
140.0000,140.00
122.0000,122.00
47.5000,47.50
55.5000,55.50
77.0000,77.00
26.0000,26.00
125.0000,125.00
33.0000,33.00
200.0000,200.00
25.0000,25.00
369.0000,369.00
82.0000,82.00
245.0000,245.00
55.5000,55.50
73.5000,73.50
148.0000,148.00
66.5000,66.50
192.5000,192.50
208.0000,208.00
184.0000,184.00
129.0000,129.00
52.0000,52.00
156.0000,156.00
112.5000,112.50
213.5000,213.50
215.0000,215.00
28.0000,28.00
13.0000,13.00
232.0000,232.00
30.0000,30.00
104.0000,104.00
114.0000,114.00
261.0000,261.00
46.0000,46.00
234.0000,234.00
184.0000,184.00
58.0000,58.00
91.5000,91.50
52.0000,52.00
129.5000,129.50
266.0000,266.00
82.0000,82.00
193.5000,193.50
52.0000,52.00
197.5000,197.50
155.0000,155.00
55.0000,55.00
205.0000,205.00
78.0000,78.00
287.0000,287.00
185.0000,185.00
25.0000,25.00
140.0000,140.00
140.0000,140.00
35.0000,35.00
290.0000,290.00
108.5000,108.50
19.0000,19.00
110.0000,110.00
115.0000,115.00
156.0000,156.00
20.0000,20.00
288.0000,288.00
93.0000,93.00
122.5000,122.50
185.0000,185.00
120.0000,120.00
140.0000,140.00
25.0000,25.00
20.0000,20.00
39.5000,39.50
95.0000,95.00
10.0000,10.00
134.0000,134.00
100.5000,100.50
183.0000,183.00
87.5000,87.50
171.5000,171.50
37.0000,37.00
36.5000,36.50
72.0000,72.00
197.5000,197.50
328.0000,328.00
69.0000,69.00
122.0000,122.00
237.0000,237.00
65.0000,65.00
25.0000,25.00
335.0000,335.00
70.0000,70.00
75.0000,75.00
73.0000,73.00
152.5000,152.50
122.5000,122.50
125.0000,125.00
122.5000,122.50
52.0000,52.00
15.0000,15.00
355.5000,355.50
92.0000,92.00
116.0000,116.00
64.0000,64.00
304.0000,304.00
215.0000,215.00
55.0000,55.00
55.0000,55.00
268.0000,268.00
350.0000,350.00
42.0000,42.00
25.0000,25.00
315.0000,315.00
44.0000,44.00
120.0000,120.00
78.0000,78.00
46.0000,46.00
320.0000,320.00
64.0000,64.00
91.5000,91.50
116.0000,116.00
28.0000,28.00
70.0000,70.00
64.0000,64.00
410.0000,410.00
230.0000,230.00
220.0000,220.00
275.0000,275.00
234.0000,234.00
108.5000,108.50
124.0000,124.00
20.0000,20.00
137.5000,137.50
6.5000,6.50
152.0000,152.00
32.5000,32.50
201.0000,201.00
46.0000,46.00
10.0000,10.00
172.0000,172.00
215.0000,215.00
201.0000,201.00
27.5000,27.50
156.0000,156.00
17.0000,17.00
288.0000,288.00
129.0000,129.00
62.0000,62.00
20.0000,20.00
100.5000,100.50
77.5000,77.50
66.5000,66.50
78.0000,78.00
203.0000,203.00
38.0000,38.00
39.5000,39.50
80.0000,80.00
410.0000,410.00
268.0000,268.00
160.0000,160.00
292.0000,292.00
76.0000,76.00
175.0000,175.00
120.0000,120.00
80.0000,80.00
205.0000,205.00
288.0000,288.00
64.0000,64.00
92.0000,92.00
22.0000,22.00
335.0000,335.00
87.0000,87.00
290.0000,290.00
192.5000,192.50
37.5000,37.50
196.0000,196.00
197.5000,197.50
20.0000,20.00
80.0000,80.00
49.0000,49.00
100.0000,100.00
102.0000,102.00
107.5000,107.50
74.0000,74.00
30.0000,30.00
66.0000,66.00
100.0000,100.00
19.5000,19.50
28.5000,28.50
152.0000,152.00
200.0000,200.00
65.0000,65.00
148.0000,148.00
57.0000,57.00
110.0000,110.00
15.0000,15.00
246.0000,246.00
208.0000,208.00
109.5000,109.50
52.0000,52.00
205.0000,205.00
40.0000,40.00
87.0000,87.00
118.5000,118.50
35.0000,35.00
47.5000,47.50
190.0000,190.00
86.0000,86.00
369.0000,369.00
301.5000,301.50
15.0000,15.00
275.0000,275.00
112.0000,112.00
25.0000,25.00
37.5000,37.50
237.0000,237.00
268.0000,268.00
410.0000,410.00
87.0000,87.00
247.5000,247.50
200.0000,200.00
49.0000,49.00
160.0000,160.00
72.0000,72.00
47.5000,47.50
116.0000,116.00
100.0000,100.00
61.0000,61.00
32.5000,32.50
86.0000,86.00
153.0000,153.00
292.0000,292.00
129.0000,129.00
20.0000,20.00
109.5000,109.50
82.0000,82.00
8.0000,8.00
244.0000,244.00
29.0000,29.00
22.0000,22.00
215.0000,215.00
50.0000,50.00
93.0000,93.00
20.0000,20.00
246.0000,246.00
60.0000,60.00
23.0000,23.00
26.0000,26.00
108.5000,108.50
79.0000,79.00
38.0000,38.00
134.0000,134.00
48.0000,48.00
288.0000,288.00
355.5000,355.50
44.0000,44.00
40.0000,40.00
335.0000,335.00
39.5000,39.50
46.0000,46.00
73.0000,73.00
86.0000,86.00
219.0000,219.00
11.0000,11.00
234.5000,234.50
112.0000,112.00
24.0000,24.00
161.0000,161.00
203.0000,203.00
22.0000,22.00
290.0000,290.00
28.5000,28.50
266.0000,266.00
147.0000,147.00
31.0000,31.00
56.0000,56.00
40.0000,40.00
228.0000,228.00
208.0000,208.00
123.0000,123.00
67.0000,67.00
201.0000,201.00
123.0000,123.00
109.5000,109.50
60.0000,60.00
60.0000,60.00
215.0000,215.00
305.0000,305.00
197.5000,197.50
192.5000,192.50
37.5000,37.50
47.5000,47.50
45.0000,45.00
150.5000,150.50
92.5000,92.50
192.0000,192.00
80.0000,80.00
220.0000,220.00
208.0000,208.00
13.0000,13.00
316.0000,316.00
46.5000,46.50
158.0000,158.00
288.0000,288.00
57.0000,57.00
328.5000,328.50
23.0000,23.00
369.0000,369.00
55.0000,55.00
109.5000,109.50
220.0000,220.00
256.0000,256.00
77.5000,77.50
58.0000,58.00
19.5000,19.50
19.5000,19.50
130.0000,130.00
44.0000,44.00
55.0000,55.00
122.5000,122.50
301.5000,301.50
234.0000,234.00
95.0000,95.00
14.0000,14.00
24.0000,24.00
200.0000,200.00
82.5000,82.50
395.0000,395.00
134.0000,134.00
29.0000,29.00
192.5000,192.50
245.0000,245.00
237.0000,237.00
84.0000,84.00
147.0000,147.00
64.5000,64.50
116.0000,116.00
109.5000,109.50
30.0000,30.00
138.0000,138.00
256.0000,256.00
110.0000,110.00
70.0000,70.00
380.0000,380.00
328.0000,328.00
237.0000,237.00
315.0000,315.00
160.0000,160.00
260.0000,260.00
87.5000,87.50
112.0000,112.00
120.0000,120.00
62.5000,62.50
315.0000,315.00
33.5000,33.50
129.0000,129.00
192.0000,192.00
230.0000,230.00
15.0000,15.00
150.5000,150.50
247.5000,247.50
268.0000,268.00
342.0000,342.00
42.0000,42.00
47.5000,47.50
215.0000,215.00
380.0000,380.00
8.0000,8.00
201.0000,201.00
67.0000,67.00
41.0000,41.00
128.0000,128.00
112.0000,112.00
126.0000,126.00
150.5000,150.50
335.0000,335.00
75.0000,75.00
55.0000,55.00
234.5000,234.50
39.0000,39.00
118.5000,118.50
125.0000,125.00
25.0000,25.00
75.0000,75.00
230.0000,230.00
45.5000,45.50
268.0000,268.00
15.5000,15.50
290.0000,290.00
122.5000,122.50
245.0000,245.00
70.0000,70.00
246.0000,246.00
37.0000,37.00
292.0000,292.00
184.0000,184.00
122.0000,122.00
36.5000,36.50
395.0000,395.00
287.0000,287.00
125.0000,125.00
56.0000,56.00
207.0000,207.00
43.0000,43.00
77.5000,77.50
369.0000,369.00
88.0000,88.00
328.5000,328.50
155.0000,155.00
45.0000,45.00
69.0000,69.00
36.5000,36.50
266.0000,266.00
31.0000,31.00
100.5000,100.50
62.0000,62.00
116.0000,116.00
42.0000,42.00
114.0000,114.00
33.5000,33.50
125.0000,125.00
130.0000,130.00
213.5000,213.50
335.0000,335.00
147.0000,147.00
140.0000,140.00
32.0000,32.00
52.0000,52.00
67.0000,67.00
38.0000,38.00
60.0000,60.00
369.0000,369.00
215.0000,215.00
104.0000,104.00
45.0000,45.00
6.5000,6.50
165.0000,165.00
20.0000,20.00
335.0000,335.00
86.0000,86.00
208.0000,208.00
52.0000,52.00
288.0000,288.00
166.5000,166.50
125.0000,125.00
13.0000,13.00
129.0000,129.00
167.5000,167.50
30.5000,30.50
146.0000,146.00
48.0000,48.00
234.5000,234.50
16.0000,16.00
256.0000,256.00
369.0000,369.00
10.0000,10.00
158.0000,158.00
51.0000,51.00
40.0000,40.00
139.5000,139.50
255.5000,255.50
41.0000,41.00
33.0000,33.00
237.0000,237.00
120.0000,120.00
57.0000,57.00
146.0000,146.00
182.5000,182.50
164.0000,164.00
192.0000,192.00
38.0000,38.00
160.0000,160.00
342.0000,342.00
305.0000,305.00
234.0000,234.00
39.0000,39.00
44.0000,44.00
152.0000,152.00
10.0000,10.00
19.0000,19.00
108.5000,108.50
234.0000,234.00
25.0000,25.00
247.5000,247.50
355.5000,355.50
29.0000,29.00
52.0000,52.00
208.0000,208.00
136.0000,136.00
172.0000,172.00
110.0000,110.00
268.0000,268.00
37.0000,37.00
46.5000,46.50
16.0000,16.00
56.0000,56.00
25.0000,25.00
41.0000,41.00
130.0000,130.00
139.5000,139.50
49.0000,49.00
55.5000,55.50
86.0000,86.00
215.0000,215.00
66.0000,66.00
55.5000,55.50
76.0000,76.00
147.0000,147.00
112.0000,112.00
40.0000,40.00
328.0000,328.00
100.0000,100.00
57.0000,57.00
77.0000,77.00
123.0000,123.00
111.0000,111.00
31.0000,31.00
246.0000,246.00
26.0000,26.00
124.0000,124.00
184.0000,184.00
82.5000,82.50
268.0000,268.00
125.0000,125.00
164.0000,164.00
5.0000,5.00
20.0000,20.00
172.0000,172.00
42.0000,42.00
152.5000,152.50
22.0000,22.00
107.5000,107.50
32.5000,32.50
124.0000,124.00
184.0000,184.00
67.0000,67.00
182.0000,182.00
130.0000,130.00
112.0000,112.00
365.0000,365.00
25.0000,25.00
64.0000,64.00
180.0000,180.00
55.5000,55.50
116.0000,116.00
190.0000,190.00
160.0000,160.00
232.0000,232.00
64.0000,64.00
13.0000,13.00
145.0000,145.00
140.0000,140.00
26.0000,26.00
145.0000,145.00
76.0000,76.00
35.0000,35.00
120.0000,120.00
200.0000,200.00
33.5000,33.50
165.0000,165.00
46.5000,46.50
150.5000,150.50
207.0000,207.00
23.0000,23.00
115.0000,115.00
148.0000,148.00
261.0000,261.00
234.5000,234.50
118.5000,118.50
148.0000,148.00
410.0000,410.00
130.0000,130.00
280.0000,280.00
220.0000,220.00
197.5000,197.50
46.0000,46.00
174.0000,174.00
96.0000,96.00
112.0000,112.00
111.0000,111.00
320.0000,320.00
45.5000,45.50
114.0000,114.00
58.5000,58.50
215.0000,215.00
185.0000,185.00
305.0000,305.00
25.0000,25.00
87.5000,87.50
65.0000,65.00
172.0000,172.00
27.5000,27.50
61.0000,61.00
215.0000,215.00
96.0000,96.00
98.0000,98.00
183.0000,183.00
197.5000,197.50
45.0000,45.00
160.0000,160.00
40.0000,40.00
41.0000,41.00
410.0000,410.00
33.5000,33.50
261.0000,261.00
152.0000,152.00
129.0000,129.00
88.0000,88.00
255.5000,255.50
335.0000,335.00
256.0000,256.00
342.0000,342.00
274.5000,274.50
175.0000,175.00
44.0000,44.00
210.0000,210.00
77.5000,77.50
32.0000,32.00
315.0000,315.00
49.0000,49.00
21.5000,21.50
167.5000,167.50
99.0000,99.00
40.0000,40.00
91.5000,91.50
38.0000,38.00
107.5000,107.50
246.0000,246.00
39.0000,39.00
70.0000,70.00
145.0000,145.00
64.0000,64.00
99.0000,99.00
38.0000,38.00
266.0000,266.00
193.5000,193.50
268.0000,268.00
21.5000,21.50
120.0000,120.00
174.0000,174.00
124.0000,124.00
40.0000,40.00
13.0000,13.00
64.0000,64.00
245.0000,245.00
46.0000,46.00
19.0000,19.00
98.0000,98.00
62.5000,62.50
230.0000,230.00
109.5000,109.50
20.0000,20.00
171.5000,171.50
100.0000,100.00
86.0000,86.00
9.5000,9.50
122.5000,122.50
9.5000,9.50
145.0000,145.00
86.0000,86.00
161.0000,161.00
17.0000,17.00
328.0000,328.00
13.0000,13.00
48.0000,48.00
46.0000,46.00
41.0000,41.00
213.5000,213.50
36.5000,36.50
40.0000,40.00
139.5000,139.50
28.0000,28.00
55.0000,55.00
320.0000,320.00
246.0000,246.00
60.0000,60.00
40.0000,40.00
32.0000,32.00
234.5000,234.50
172.0000,172.00
77.0000,77.00
52.0000,52.00
185.0000,185.00
245.0000,245.00
165.0000,165.00
220.5000,220.50
96.0000,96.00
208.0000,208.00
60.0000,60.00
30.0000,30.00
64.5000,64.50
220.5000,220.50
205.0000,205.00
156.0000,156.00
27.5000,27.50
153.0000,153.00
80.0000,80.00
274.5000,274.50
126.0000,126.00
292.0000,292.00
87.5000,87.50
230.0000,230.00
93.0000,93.00
43.0000,43.00
172.0000,172.00
290.0000,290.00
164.0000,164.00
86.0000,86.00
246.0000,246.00
33.5000,33.50
292.0000,292.00
256.0000,256.00
167.5000,167.50
260.0000,260.00
28.0000,28.00
110.0000,110.00
275.0000,275.00
165.0000,165.00
79.0000,79.00
123.0000,123.00
19.0000,19.00
28.5000,28.50
23.0000,23.00
88.0000,88.00
134.0000,134.00
21.5000,21.50
14.0000,14.00
64.0000,64.00
152.0000,152.00
230.0000,230.00
5.0000,5.00
228.0000,228.00
245.0000,245.00
10.0000,10.00
111.0000,111.00
150.5000,150.50
18.5000,18.50
105.0000,105.00
203.0000,203.00
230.0000,230.00
111.0000,111.00
12.5000,12.50
49.0000,49.00
112.5000,112.50
72.0000,72.00
40.0000,40.00
380.0000,380.00
100.0000,100.00
130.0000,130.00
82.0000,82.00
129.0000,129.00
224.0000,224.00
52.0000,52.00
25.0000,25.00
6.5000,6.50
14.0000,14.00
5.0000,5.00
73.5000,73.50
158.0000,158.00
171.5000,171.50
37.5000,37.50
87.5000,87.50
245.0000,245.00
64.5000,64.50
66.0000,66.00
128.0000,128.00
288.0000,288.00
122.0000,122.00
292.0000,292.00
29.0000,29.00
77.5000,77.50
52.0000,52.00
247.5000,247.50
91.5000,91.50
355.5000,355.50
72.0000,72.00
410.0000,410.00
33.0000,33.00
410.0000,410.00
12.5000,12.50
65.0000,65.00
28.5000,28.50
304.0000,304.00
138.0000,138.00
21.5000,21.50
72.0000,72.00
21.5000,21.50
182.0000,182.00
32.0000,32.00
119.0000,119.00
62.0000,62.00
88.0000,88.00
205.0000,205.00
158.0000,158.00
107.5000,107.50
180.0000,180.00
70.0000,70.00
66.0000,66.00
275.0000,275.00
208.0000,208.00
112.5000,112.50
35.0000,35.00
260.0000,260.00
77.0000,77.00
15.5000,15.50
129.0000,129.00
60.0000,60.00
237.0000,237.00
197.5000,197.50
320.0000,320.00
120.0000,120.00
237.0000,237.00
36.5000,36.50
64.5000,64.50
146.0000,146.00
182.5000,182.50
49.0000,49.00
14.0000,14.00
192.5000,192.50
137.5000,137.50
93.0000,93.00
172.0000,172.00
110.0000,110.00
38.0000,38.00
51.0000,51.00
123.0000,123.00
47.5000,47.50
29.0000,29.00
91.5000,91.50
16.0000,16.00
108.5000,108.50
77.5000,77.50
20.0000,20.00
76.0000,76.00
41.0000,41.00
15.0000,15.00
301.5000,301.50
68.0000,68.00
116.0000,116.00
260.0000,260.00
64.0000,64.00
255.5000,255.50
207.0000,207.00
114.0000,114.00
20.0000,20.00
380.0000,380.00
220.0000,220.00
40.0000,40.00
201.0000,201.00
52.0000,52.00
335.0000,335.00
232.0000,232.00
19.5000,19.50
395.0000,395.00
29.0000,29.00
15.5000,15.50
98.0000,98.00
17.0000,17.00
24.5000,24.50
46.0000,46.00
11.0000,11.00
230.0000,230.00
174.0000,174.00
150.5000,150.50
55.0000,55.00
64.0000,64.00
196.0000,196.00
301.5000,301.50
108.5000,108.50
107.5000,107.50
62.0000,62.00
244.0000,244.00
161.0000,161.00
107.5000,107.50
100.0000,100.00
280.0000,280.00
276.5000,276.50
78.0000,78.00
255.5000,255.50
292.0000,292.00
152.5000,152.50
122.0000,122.00
27.5000,27.50
93.0000,93.00
55.0000,55.00
140.0000,140.00
110.0000,110.00
16.0000,16.00
33.5000,33.50
91.5000,91.50
116.0000,116.00
26.0000,26.00
20.0000,20.00
82.0000,82.00
123.0000,123.00
166.5000,166.50
38.0000,38.00
146.0000,146.00
55.0000,55.00
87.0000,87.00
62.0000,62.00
320.0000,320.00
172.0000,172.00
32.0000,32.00
68.0000,68.00
292.0000,292.00
42.0000,42.00
219.0000,219.00
25.0000,25.00
201.0000,201.00
215.0000,215.00
190.0000,190.00
58.5000,58.50
85.5000,85.50
80.0000,80.00
245.0000,245.00
62.0000,62.00
256.0000,256.00
182.0000,182.00
105.0000,105.00
116.0000,116.00
46.5000,46.50
395.0000,395.00
268.0000,268.00
160.0000,160.00
107.5000,107.50
140.0000,140.00
65.0000,65.00
275.0000,275.00
25.0000,25.00
29.0000,29.00
22.0000,22.00
183.0000,183.00
24.5000,24.50
140.0000,140.00
6.5000,6.50
290.0000,290.00
41.0000,41.00
208.0000,208.00
79.0000,79.00
210.0000,210.00
161.0000,161.00
88.0000,88.00
22.0000,22.00
172.0000,172.00
123.0000,123.00
29.0000,29.00
13.0000,13.00
201.0000,201.00
167.5000,167.50
228.0000,228.00
51.0000,51.00
112.0000,112.00
136.0000,136.00
153.0000,153.00
72.0000,72.00
210.0000,210.00
119.0000,119.00
25.0000,25.00
137.5000,137.50
190.0000,190.00
98.0000,98.00
175.0000,175.00
245.0000,245.00
245.0000,245.00
160.0000,160.00
40.0000,40.00
38.0000,38.00
33.5000,33.50
108.5000,108.50
41.0000,41.00
80.0000,80.00
50.0000,50.00
25.0000,25.00
122.0000,122.00
130.0000,130.00
16.0000,16.00
88.0000,88.00
70.0000,70.00
158.0000,158.00
167.5000,167.50
33.5000,33.50
24.5000,24.50
46.5000,46.50
86.0000,86.00
35.0000,35.00
52.0000,52.00
100.0000,100.00
45.0000,45.00
39.0000,39.00
52.0000,52.00
19.5000,19.50
301.5000,301.50
108.5000,108.50
234.5000,234.50
276.5000,276.50
335.0000,335.00
21.5000,21.50
180.0000,180.00
41.0000,41.00
98.0000,98.00
130.0000,130.00
201.0000,201.00
13.0000,13.00
119.0000,119.00
15.0000,15.00
60.0000,60.00
365.0000,365.00
28.0000,28.00
55.5000,55.50
268.0000,268.00
138.0000,138.00
260.0000,260.00
87.0000,87.00
44.0000,44.00
70.0000,70.00
100.0000,100.00
152.0000,152.00
21.5000,21.50
46.5000,46.50
183.0000,183.00
266.0000,266.00
76.0000,76.00
120.0000,120.00
42.0000,42.00
33.5000,33.50
16.0000,16.00
27.5000,27.50
38.0000,38.00
119.0000,119.00
15.5000,15.50
38.0000,38.00
246.0000,246.00
80.0000,80.00
165.0000,165.00
260.0000,260.00
160.0000,160.00
100.5000,100.50
19.0000,19.00
110.0000,110.00
260.0000,260.00
8.0000,8.00
203.0000,203.00
84.0000,84.00
245.0000,245.00
213.5000,213.50
174.0000,174.00
328.0000,328.00
99.0000,99.00
139.5000,139.50
119.0000,119.00
192.5000,192.50
208.0000,208.00
220.0000,220.00
112.5000,112.50
201.0000,201.00
328.0000,328.00
25.0000,25.00
32.0000,32.00
64.5000,64.50
48.0000,48.00
160.0000,160.00
56.0000,56.00
129.0000,129.00
48.0000,48.00
64.0000,64.00
140.0000,140.00
152.5000,152.50
77.0000,77.00
137.5000,137.50
335.0000,335.00
119.0000,119.00
203.0000,203.00
30.0000,30.00
152.5000,152.50
44.0000,44.00
104.0000,104.00
164.0000,164.00
220.5000,220.50
8.0000,8.00
24.0000,24.00
197.5000,197.50
67.0000,67.00
210.0000,210.00
164.0000,164.00
304.0000,304.00
50.0000,50.00
107.5000,107.50
182.0000,182.00
355.5000,355.50
45.5000,45.50
260.0000,260.00
138.0000,138.00
192.5000,192.50
124.0000,124.00
116.0000,116.00
42.0000,42.00
410.0000,410.00
29.0000,29.00
20.0000,20.00
22.0000,22.00
87.5000,87.50
116.0000,116.00
38.0000,38.00
276.5000,276.50
224.0000,224.00
137.5000,137.50
201.0000,201.00
185.0000,185.00
20.0000,20.00
26.0000,26.00
123.0000,123.00
15.0000,15.00
37.5000,37.50
88.0000,88.00
67.0000,67.00
182.5000,182.50
23.0000,23.00
32.5000,32.50
365.0000,365.00
288.0000,288.00
26.0000,26.00
14.0000,14.00
36.5000,36.50
160.0000,160.00
79.0000,79.00
260.0000,260.00
86.0000,86.00
91.5000,91.50
125.0000,125.00
175.0000,175.00
31.0000,31.00
266.0000,266.00
86.0000,86.00
261.0000,261.00
183.0000,183.00
116.0000,116.00
82.0000,82.00
170.0000,170.00
19.0000,19.00
114.0000,114.00
350.0000,350.00
62.0000,62.00
92.0000,92.00
64.0000,64.00
167.5000,167.50
45.5000,45.50
46.0000,46.00
48.0000,48.00
290.0000,290.00
76.0000,76.00
268.0000,268.00
24.5000,24.50
335.0000,335.00
92.0000,92.00
138.0000,138.00
220.0000,220.00
74.0000,74.00
11.0000,11.00
60.0000,60.00
380.0000,380.00
96.0000,96.00
165.0000,165.00
22.0000,22.00
24.5000,24.50
104.0000,104.00
88.0000,88.00
46.5000,46.50
38.0000,38.00
210.0000,210.00
80.0000,80.00
72.0000,72.00
128.0000,128.00
110.0000,110.00
10.0000,10.00
290.0000,290.00
110.0000,110.00
100.0000,100.00
136.0000,136.00
320.0000,320.00
80.0000,80.00
64.0000,64.00
46.0000,46.00
73.5000,73.50
125.0000,125.00
115.0000,115.00
12.5000,12.50
174.0000,174.00
30.5000,30.50
174.0000,174.00
73.0000,73.00
316.0000,316.00
107.5000,107.50
174.0000,174.00
220.5000,220.50
55.0000,55.00
288.0000,288.00
109.5000,109.50
39.0000,39.00
100.0000,100.00
108.5000,108.50
268.0000,268.00
92.5000,92.50
164.0000,164.00
328.0000,328.00
120.0000,120.00
28.5000,28.50
32.0000,32.00
14.0000,14.00
92.5000,92.50
410.0000,410.00
62.0000,62.00
160.0000,160.00
256.0000,256.00
146.0000,146.00
365.0000,365.00
92.5000,92.50
146.0000,146.00
32.0000,32.00
146.0000,146.00
82.0000,82.00
20.0000,20.00
190.0000,190.00
112.5000,112.50
58.5000,58.50
91.5000,91.50
80.0000,80.00
87.0000,87.00
77.0000,77.00
80.0000,80.00
61.0000,61.00
328.0000,328.00
77.0000,77.00
197.5000,197.50
138.0000,138.00
76.0000,76.00
47.5000,47.50
5.0000,5.00
230.0000,230.00
134.0000,134.00
260.0000,260.00
78.0000,78.00
58.0000,58.00
183.0000,183.00
237.0000,237.00
40.0000,40.00
328.0000,328.00
66.0000,66.00
45.5000,45.50
234.5000,234.50
280.0000,280.00
152.0000,152.00
9.5000,9.50
246.0000,246.00
287.0000,287.00
152.5000,152.50
120.0000,120.00
33.0000,33.00
184.0000,184.00
98.0000,98.00
5.0000,5.00
23.0000,23.00
112.5000,112.50
261.0000,261.00
64.0000,64.00
45.5000,45.50
96.0000,96.00
129.5000,129.50
25.0000,25.00
55.5000,55.50
184.0000,184.00
100.0000,100.00
255.5000,255.50
57.0000,57.00
52.0000,52.00
62.0000,62.00
40.0000,40.00
86.0000,86.00
70.0000,70.00
12.5000,12.50
140.0000,140.00
79.0000,79.00
234.0000,234.00
207.0000,207.00
200.0000,200.00
77.0000,77.00
62.0000,62.00
147.0000,147.00
12.5000,12.50
171.5000,171.50
38.0000,38.00
87.5000,87.50
47.5000,47.50
100.0000,100.00
20.0000,20.00
14.0000,14.00
190.0000,190.00
123.0000,123.00
245.0000,245.00
261.0000,261.00
34.0000,34.00
120.0000,120.00
64.0000,64.00
19.0000,19.00
64.5000,64.50
246.0000,246.00
146.0000,146.00
65.0000,65.00
104.0000,104.00
193.5000,193.50
16.0000,16.00
190.0000,190.00
37.0000,37.00
245.0000,245.00
245.0000,245.00
64.0000,64.00
25.0000,25.00
19.0000,19.00
85.5000,85.50
33.5000,33.50
32.5000,32.50
237.0000,237.00
38.0000,38.00
33.0000,33.00
36.5000,36.50
219.0000,219.00
22.0000,22.00
380.0000,380.00
86.0000,86.00
5.0000,5.00
155.0000,155.00
46.5000,46.50
67.0000,67.00
122.5000,122.50
328.5000,328.50
129.5000,129.50
32.0000,32.00
234.5000,234.50
15.0000,15.00
98.0000,98.00
72.0000,72.00
70.0000,70.00
395.0000,395.00
109.5000,109.50
140.0000,140.00
92.0000,92.00
73.5000,73.50
145.0000,145.00
171.5000,171.50
57.0000,57.00
26.0000,26.00
39.0000,39.00
30.5000,30.50
110.0000,110.00
32.0000,32.00
290.0000,290.00
92.5000,92.50
58.5000,58.50
100.0000,100.00
112.0000,112.00
41.0000,41.00
350.0000,350.00
280.0000,280.00
93.0000,93.00
152.5000,152.50
99.0000,99.00
197.5000,197.50
25.0000,25.00
24.0000,24.00
25.0000,25.00
275.0000,275.00
32.5000,32.50
76.0000,76.00
25.0000,25.00
77.0000,77.00
182.5000,182.50
24.0000,24.00
305.0000,305.00
287.0000,287.00
38.0000,38.00
201.0000,201.00
66.5000,66.50
112.0000,112.00
234.5000,234.50
234.5000,234.50
190.0000,190.00
18.5000,18.50
46.0000,46.00
77.5000,77.50
369.0000,369.00
261.0000,261.00
102.0000,102.00
43.0000,43.00
369.0000,369.00
213.5000,213.50
100.0000,100.00
156.0000,156.00
28.5000,28.50
74.0000,74.00
219.0000,219.00
207.0000,207.00
112.5000,112.50
261.0000,261.00
395.0000,395.00
137.5000,137.50
335.0000,335.00
246.0000,246.00
185.0000,185.00
45.5000,45.50
13.0000,13.00
65.0000,65.00
56.0000,56.00
87.5000,87.50
85.0000,85.00
224.0000,224.00
130.0000,130.00
14.0000,14.00
80.0000,80.00
33.5000,33.50
14.0000,14.00
15.5000,15.50
203.0000,203.00
28.0000,28.00
232.0000,232.00
32.5000,32.50
200.0000,200.00
62.5000,62.50
268.0000,268.00
5.0000,5.00
276.5000,276.50
20.0000,20.00
180.0000,180.00
140.0000,140.00
128.0000,128.00
234.5000,234.50
32.0000,32.00
203.0000,203.00
164.0000,164.00
237.0000,237.00
161.0000,161.00
43.0000,43.00
24.5000,24.50
109.5000,109.50
125.0000,125.00
290.0000,290.00
215.0000,215.00
228.0000,228.00
75.0000,75.00
256.0000,256.00
18.5000,18.50
70.0000,70.00
125.0000,125.00
129.5000,129.50
33.5000,33.50
130.0000,130.00
110.0000,110.00
55.0000,55.00
52.0000,52.00
40.0000,40.00
19.0000,19.00
205.0000,205.00
246.0000,246.00
39.5000,39.50
247.5000,247.50
110.0000,110.00
153.0000,153.00
80.0000,80.00
34.0000,34.00
45.0000,45.00
246.0000,246.00
193.5000,193.50
12.5000,12.50
26.0000,26.00
152.5000,152.50
207.0000,207.00
9.5000,9.50
275.0000,275.00
87.0000,87.00
116.0000,116.00
52.0000,52.00
292.0000,292.00
200.0000,200.00
93.0000,93.00
72.0000,72.00
68.0000,68.00
246.0000,246.00
268.0000,268.00
171.5000,171.50
182.5000,182.50
15.0000,15.00
99.0000,99.00
245.0000,245.00
64.5000,64.50
31.0000,31.00
124.0000,124.00
276.5000,276.50
153.0000,153.00
28.0000,28.00
145.0000,145.00
256.0000,256.00
201.0000,201.00
100.5000,100.50
24.5000,24.50
156.0000,156.00
40.0000,40.00
139.5000,139.50
328.5000,328.50
50.0000,50.00
124.0000,124.00
27.5000,27.50
64.5000,64.50
76.0000,76.00
171.5000,171.50
46.0000,46.00
19.5000,19.50
139.5000,139.50
190.0000,190.00
196.0000,196.00
73.5000,73.50
56.0000,56.00
201.0000,201.00
315.0000,315.00
52.0000,52.00
146.0000,146.00
5.0000,5.00
164.0000,164.00
55.5000,55.50
25.0000,25.00
190.0000,190.00
58.0000,58.00
95.0000,95.00
276.5000,276.50
183.0000,183.00
80.0000,80.00
84.0000,84.00
328.5000,328.50
266.0000,266.00
328.5000,328.50
129.0000,129.00
93.0000,93.00
33.0000,33.00
86.0000,86.00
320.0000,320.00
129.0000,129.00
182.0000,182.00
98.0000,98.00
24.0000,24.00
112.5000,112.50
280.0000,280.00
129.0000,129.00
57.0000,57.00
410.0000,410.00
64.5000,64.50
77.0000,77.00
170.0000,170.00
155.0000,155.00
197.5000,197.50
62.0000,62.00
92.5000,92.50
274.5000,274.50
66.5000,66.50
75.0000,75.00
15.0000,15.00
261.0000,261.00
72.0000,72.00
105.0000,105.00
237.0000,237.00
167.5000,167.50
87.5000,87.50
365.0000,365.00
100.5000,100.50
76.0000,76.00
184.0000,184.00
28.0000,28.00
164.0000,164.00
288.0000,288.00
174.0000,174.00
301.5000,301.50
80.0000,80.00
25.0000,25.00
174.0000,174.00
145.0000,145.00
201.0000,201.00
203.0000,203.00
36.5000,36.50
24.0000,24.00
66.5000,66.50
200.0000,200.00
166.5000,166.50
290.0000,290.00
64.0000,64.00
100.5000,100.50
104.0000,104.00
40.0000,40.00
201.0000,201.00
192.5000,192.50
165.0000,165.00
266.0000,266.00
104.0000,104.00
107.5000,107.50
183.0000,183.00
335.0000,335.00
153.0000,153.00
36.5000,36.50
410.0000,410.00
73.5000,73.50
219.0000,219.00
205.0000,205.00
260.0000,260.00
36.5000,36.50
350.0000,350.00
234.0000,234.00
36.5000,36.50
39.0000,39.00
24.0000,24.00
175.0000,175.00
224.0000,224.00
67.0000,67.00
25.0000,25.00
196.0000,196.00
40.0000,40.00
152.0000,152.00
87.0000,87.00
140.0000,140.00
95.0000,95.00
203.0000,203.00
266.0000,266.00
234.5000,234.50
232.0000,232.00
98.0000,98.00
15.5000,15.50
148.0000,148.00
130.0000,130.00
260.0000,260.00
122.5000,122.50
26.0000,26.00
56.0000,56.00
25.0000,25.00
170.0000,170.00
256.0000,256.00
108.5000,108.50
66.5000,66.50
182.0000,182.00
45.5000,45.50
110.0000,110.00
112.0000,112.00
70.0000,70.00
184.0000,184.00
172.0000,172.00
66.5000,66.50
20.0000,20.00
30.0000,30.00
40.0000,40.00
292.0000,292.00
220.5000,220.50
55.5000,55.50
166.5000,166.50
66.0000,66.00
365.0000,365.00
287.0000,287.00
33.5000,33.50
215.0000,215.00
118.5000,118.50
98.0000,98.00
182.0000,182.00
16.0000,16.00
9.5000,9.50
280.0000,280.00
21.5000,21.50
160.0000,160.00
35.0000,35.00
15.5000,15.50
76.0000,76.00
108.5000,108.50
110.0000,110.00
170.0000,170.00
134.0000,134.00
124.0000,124.00
147.0000,147.00
355.5000,355.50
136.0000,136.00
305.0000,305.00
55.0000,55.00
134.0000,134.00
275.0000,275.00
148.0000,148.00
140.0000,140.00
215.0000,215.00
50.0000,50.00
164.0000,164.00
152.5000,152.50
36.5000,36.50
46.0000,46.00
122.0000,122.00
148.0000,148.00
266.0000,266.00
25.0000,25.00
139.5000,139.50
112.5000,112.50
84.0000,84.00
25.0000,25.00
203.0000,203.00
37.5000,37.50
244.0000,244.00
96.0000,96.00
136.0000,136.00
100.0000,100.00
203.0000,203.00
234.0000,234.00
69.0000,69.00
122.5000,122.50
116.0000,116.00
48.0000,48.00
145.0000,145.00
57.0000,57.00
193.5000,193.50
137.5000,137.50
118.5000,118.50
246.0000,246.00
122.5000,122.50
92.5000,92.50
230.0000,230.00
66.0000,66.00
196.0000,196.00
13.0000,13.00
275.0000,275.00
172.0000,172.00
41.0000,41.00
50.0000,50.00
64.0000,64.00
77.5000,77.50
167.5000,167.50
114.0000,114.00
74.0000,74.00
66.0000,66.00
220.0000,220.00
245.0000,245.00
165.0000,165.00
45.0000,45.00
8.0000,8.00
33.0000,33.00
316.0000,316.00
24.5000,24.50
122.5000,122.50
32.0000,32.00
369.0000,369.00
5.0000,5.00
210.0000,210.00
75.0000,75.00
39.5000,39.50
342.0000,342.00
119.0000,119.00
108.5000,108.50
73.0000,73.00
32.0000,32.00
87.0000,87.00
145.0000,145.00
335.0000,335.00
335.0000,335.00
215.0000,215.00
260.0000,260.00
11.0000,11.00
134.0000,134.00
30.0000,30.00
84.0000,84.00
20.0000,20.00
5.0000,5.00
65.0000,65.00
102.0000,102.00
45.0000,45.00
39.5000,39.50
137.5000,137.50
155.0000,155.00
46.0000,46.00
35.0000,35.00
276.5000,276.50
130.0000,130.00
10.0000,10.00
56.0000,56.00
52.0000,52.00
78.0000,78.00
111.0000,111.00
161.0000,161.00
237.0000,237.00
205.0000,205.00
88.0000,88.00
12.5000,12.50
32.0000,32.00
58.5000,58.50
138.0000,138.00
171.5000,171.50
14.0000,14.00
355.5000,355.50
220.0000,220.00
156.0000,156.00
13.0000,13.00
116.0000,116.00
39.5000,39.50
160.0000,160.00
171.5000,171.50
99.0000,99.00
70.0000,70.00
183.0000,183.00
174.0000,174.00
328.5000,328.50
183.0000,183.00
120.0000,120.00
21.5000,21.50
193.5000,193.50
32.0000,32.00
75.0000,75.00
275.0000,275.00
102.0000,102.00
55.5000,55.50
145.0000,145.00
96.0000,96.00
205.0000,205.00
182.5000,182.50
350.0000,350.00
109.5000,109.50
369.0000,369.00
80.0000,80.00
301.5000,301.50
138.0000,138.00
109.5000,109.50
137.5000,137.50
129.0000,129.00
114.0000,114.00
24.0000,24.00
11.0000,11.00
20.0000,20.00
91.5000,91.50
104.0000,104.00
139.5000,139.50
380.0000,380.00
192.0000,192.00
30.5000,30.50
110.0000,110.00
244.0000,244.00
301.5000,301.50
192.0000,192.00
305.0000,305.00
120.0000,120.00
184.0000,184.00
47.5000,47.50
34.0000,34.00
161.0000,161.00
10.0000,10.00
64.0000,64.00
95.0000,95.00
220.5000,220.50
245.0000,245.00
260.0000,260.00
290.0000,290.00
183.0000,183.00
207.0000,207.00
100.5000,100.50
11.0000,11.00
140.0000,140.00
305.0000,305.00
247.5000,247.50
33.5000,33.50
24.0000,24.00
161.0000,161.00
203.0000,203.00
207.0000,207.00
219.0000,219.00
87.5000,87.50
21.5000,21.50
57.0000,57.00
15.0000,15.00
137.5000,137.50
78.0000,78.00
150.5000,150.50
192.5000,192.50
203.0000,203.00
60.0000,60.00
31.0000,31.00
17.0000,17.00
164.0000,164.00
104.0000,104.00
5.0000,5.00
205.0000,205.00
232.0000,232.00
119.0000,119.00
32.5000,32.50
120.0000,120.00
355.5000,355.50
44.0000,44.00
64.0000,64.00
182.5000,182.50
98.0000,98.00
245.0000,245.00
77.5000,77.50
288.0000,288.00
65.0000,65.00
25.0000,25.00
256.0000,256.00
234.0000,234.00
182.0000,182.00
85.0000,85.00
80.0000,80.00
102.0000,102.00
73.5000,73.50
256.0000,256.00
95.0000,95.00
342.0000,342.00
92.0000,92.00
228.0000,228.00
76.0000,76.00
108.5000,108.50
74.0000,74.00
23.0000,23.00
29.0000,29.00
19.0000,19.00
342.0000,342.00
234.5000,234.50
152.0000,152.00
14.0000,14.00
102.0000,102.00
99.0000,99.00
98.0000,98.00
301.5000,301.50
42.0000,42.00
22.0000,22.00
80.0000,80.00
64.5000,64.50
170.0000,170.00
328.0000,328.00
328.0000,328.00
335.0000,335.00
146.0000,146.00
290.0000,290.00
255.5000,255.50
161.0000,161.00
292.0000,292.00
25.0000,25.00
58.0000,58.00
5.0000,5.00
129.5000,129.50
46.5000,46.50
70.0000,70.00
9.5000,9.50
32.5000,32.50
67.0000,67.00
49.0000,49.00
290.0000,290.00
93.0000,93.00
23.0000,23.00
73.5000,73.50
37.5000,37.50
99.0000,99.00
305.0000,305.00
22.0000,22.00
75.0000,75.00
28.0000,28.00
87.5000,87.50
280.0000,280.00
45.0000,45.00
60.0000,60.00
137.5000,137.50
55.0000,55.00
42.0000,42.00
40.0000,40.00
46.0000,46.00
215.0000,215.00
155.0000,155.00
66.0000,66.00
128.0000,128.00
60.0000,60.00
15.5000,15.50
30.0000,30.00
167.5000,167.50
92.5000,92.50
88.0000,88.00
261.0000,261.00
13.0000,13.00
82.0000,82.00
200.0000,200.00
9.5000,9.50
40.0000,40.00
32.0000,32.00
45.0000,45.00
55.5000,55.50
122.5000,122.50
107.5000,107.50
47.5000,47.50
266.0000,266.00
43.0000,43.00
110.0000,110.00
67.0000,67.00
290.0000,290.00
328.0000,328.00
122.5000,122.50
208.0000,208.00
9.5000,9.50
153.0000,153.00
10.0000,10.00
161.0000,161.00
140.0000,140.00
200.0000,200.00
11.0000,11.00
120.0000,120.00
160.0000,160.00
304.0000,304.00
16.0000,16.00
280.0000,280.00
160.0000,160.00
228.0000,228.00
93.0000,93.00
275.0000,275.00
28.0000,28.00
75.0000,75.00
43.0000,43.00
304.0000,304.00
37.5000,37.50
175.0000,175.00
292.0000,292.00
39.0000,39.00
161.0000,161.00
84.0000,84.00
130.0000,130.00
137.5000,137.50
64.0000,64.00
192.5000,192.50
140.0000,140.00
130.0000,130.00
220.5000,220.50
268.0000,268.00
27.5000,27.50
58.0000,58.00
88.0000,88.00
156.0000,156.00
86.0000,86.00
123.0000,123.00
184.0000,184.00
215.0000,215.00
61.0000,61.00
207.0000,207.00
55.0000,55.00
52.0000,52.00
19.5000,19.50
55.0000,55.00
112.0000,112.00
266.0000,266.00
80.0000,80.00
110.0000,110.00
266.0000,266.00
9.5000,9.50
20.0000,20.00
210.0000,210.00
123.0000,123.00
61.0000,61.00
122.5000,122.50
160.0000,160.00
77.5000,77.50
138.0000,138.00
184.0000,184.00
109.5000,109.50
62.5000,62.50
38.0000,38.00
68.0000,68.00
40.0000,40.00
146.0000,146.00
245.0000,245.00
125.0000,125.00
342.0000,342.00
213.5000,213.50
73.0000,73.00
342.0000,342.00
26.0000,26.00
49.0000,49.00
13.0000,13.00
50.0000,50.00
32.0000,32.00
369.0000,369.00
86.0000,86.00
219.0000,219.00
70.0000,70.00
28.0000,28.00
182.5000,182.50
58.0000,58.00
79.0000,79.00
245.0000,245.00
116.0000,116.00
116.0000,116.00
18.5000,18.50
171.5000,171.50
92.0000,92.00
301.5000,301.50
10.0000,10.00
369.0000,369.00
292.0000,292.00
160.0000,160.00
32.5000,32.50
93.0000,93.00
287.0000,287.00
55.0000,55.00
335.0000,335.00
75.0000,75.00
56.0000,56.00
190.0000,190.00
56.0000,56.00
166.5000,166.50
77.5000,77.50
245.0000,245.00
180.0000,180.00
228.0000,228.00
268.0000,268.00
35.0000,35.00
342.0000,342.00
139.5000,139.50
152.5000,152.50
104.0000,104.00
33.0000,33.00
39.0000,39.00
268.0000,268.00
190.0000,190.00
79.0000,79.00
136.0000,136.00
301.5000,301.50
6.5000,6.50
14.0000,14.00
146.0000,146.00
130.0000,130.00
134.0000,134.00
65.0000,65.00
190.0000,190.00
158.0000,158.00
247.5000,247.50
138.0000,138.00
120.0000,120.00
108.5000,108.50
65.0000,65.00
20.0000,20.00
205.0000,205.00
75.0000,75.00
40.0000,40.00
40.0000,40.00
75.0000,75.00
365.0000,365.00
122.0000,122.00
152.0000,152.00
193.5000,193.50
245.0000,245.00
21.5000,21.50
316.0000,316.00
160.0000,160.00
8.0000,8.00
77.5000,77.50
134.0000,134.00
64.5000,64.50
56.0000,56.00
288.0000,288.00
301.5000,301.50
32.5000,32.50
129.5000,129.50
148.0000,148.00
369.0000,369.00
12.5000,12.50
111.0000,111.00
62.0000,62.00
13.0000,13.00
156.0000,156.00
52.0000,52.00
125.0000,125.00
91.5000,91.50
230.0000,230.00
380.0000,380.00
215.0000,215.00
247.5000,247.50
56.0000,56.00
260.0000,260.00
58.0000,58.00
93.0000,93.00
67.0000,67.00
95.0000,95.00
224.0000,224.00
205.0000,205.00
91.5000,91.50
108.5000,108.50
12.5000,12.50
100.5000,100.50
13.0000,13.00
100.0000,100.00
57.0000,57.00
134.0000,134.00
35.0000,35.00
52.0000,52.00
134.0000,134.00
57.0000,57.00
92.5000,92.50
58.5000,58.50
122.5000,122.50
73.0000,73.00
87.5000,87.50
152.5000,152.50
213.5000,213.50
67.0000,67.00
55.0000,55.00
136.0000,136.00
57.0000,57.00
88.0000,88.00
35.0000,35.00
120.0000,120.00
167.5000,167.50
290.0000,290.00
62.0000,62.00
80.0000,80.00
100.0000,100.00
82.0000,82.00
55.0000,55.00
24.0000,24.00
29.0000,29.00
140.0000,140.00
136.0000,136.00
109.5000,109.50
55.0000,55.00
232.0000,232.00
245.0000,245.00
380.0000,380.00
410.0000,410.00
100.5000,100.50
230.0000,230.00
139.5000,139.50
60.0000,60.00
170.0000,170.00
30.5000,30.50
304.0000,304.00
255.5000,255.50
27.5000,27.50
14.0000,14.00
82.0000,82.00
65.0000,65.00
228.0000,228.00
365.0000,365.00
47.5000,47.50
45.5000,45.50
230.0000,230.00
182.0000,182.00
232.0000,232.00
98.0000,98.00
219.0000,219.00
104.0000,104.00
40.0000,40.00
96.0000,96.00
304.0000,304.00
58.0000,58.00
156.0000,156.00
255.5000,255.50
107.5000,107.50
129.0000,129.00
66.0000,66.00
124.0000,124.00
72.0000,72.00
350.0000,350.00
122.0000,122.00
230.0000,230.00
107.5000,107.50
92.5000,92.50
122.0000,122.00
175.0000,175.00
6.5000,6.50
355.5000,355.50
100.0000,100.00
79.0000,79.00
46.5000,46.50
152.0000,152.00
64.5000,64.50
130.0000,130.00
88.0000,88.00
146.0000,146.00
65.0000,65.00
183.0000,183.00
120.0000,120.00
182.5000,182.50
280.0000,280.00
164.0000,164.00
328.5000,328.50
62.5000,62.50
255.5000,255.50
25.0000,25.00
369.0000,369.00
205.0000,205.00
115.0000,115.00
123.0000,123.00
18.5000,18.50
256.0000,256.00
70.0000,70.00
114.0000,114.00
136.0000,136.00
31.0000,31.00
77.5000,77.50
152.5000,152.50
77.5000,77.50
80.0000,80.00
342.0000,342.00
200.0000,200.00
182.5000,182.50
190.0000,190.00
91.5000,91.50
128.0000,128.00
150.5000,150.50
369.0000,369.00
31.0000,31.00
234.5000,234.50
98.0000,98.00
28.5000,28.50
51.0000,51.00
28.0000,28.00
40.0000,40.00
24.0000,24.00
335.0000,335.00
100.0000,100.00
276.5000,276.50
160.0000,160.00
39.0000,39.00
203.0000,203.00
190.0000,190.00
55.0000,55.00
139.5000,139.50
234.5000,234.50
32.0000,32.00
140.0000,140.00
108.5000,108.50
140.0000,140.00
30.0000,30.00
43.0000,43.00
137.5000,137.50
160.0000,160.00
27.5000,27.50
98.0000,98.00
147.0000,147.00
305.0000,305.00
150.5000,150.50
124.0000,124.00
114.0000,114.00
50.0000,50.00
215.0000,215.00
245.0000,245.00
161.0000,161.00
219.0000,219.00
125.0000,125.00
22.0000,22.00
57.0000,57.00
232.0000,232.00
268.0000,268.00
245.0000,245.00
165.0000,165.00
46.0000,46.00
104.0000,104.00
60.0000,60.00
40.0000,40.00
32.5000,32.50
123.0000,123.00
164.0000,164.00
77.5000,77.50
160.0000,160.00
192.5000,192.50
15.0000,15.00
328.0000,328.00
70.0000,70.00
110.0000,110.00
118.5000,118.50
110.0000,110.00
140.0000,140.00
5.0000,5.00
58.0000,58.00
196.0000,196.00
14.0000,14.00
129.5000,129.50
40.0000,40.00
55.0000,55.00
140.0000,140.00
100.0000,100.00
19.5000,19.50
70.0000,70.00
172.0000,172.00
140.0000,140.00
116.0000,116.00
28.5000,28.50
287.0000,287.00
147.0000,147.00
52.0000,52.00
20.0000,20.00
77.0000,77.00
20.0000,20.00
208.0000,208.00
215.0000,215.00
315.0000,315.00
55.0000,55.00
80.0000,80.00
38.0000,38.00
93.0000,93.00
37.5000,37.50
146.0000,146.00
28.0000,28.00
77.5000,77.50
32.5000,32.50
183.0000,183.00
21.5000,21.50
147.0000,147.00
152.0000,152.00
62.5000,62.50
245.0000,245.00
130.0000,130.00
328.0000,328.00
190.0000,190.00
266.0000,266.00
196.0000,196.00
184.0000,184.00
42.0000,42.00
192.5000,192.50
116.0000,116.00
78.0000,78.00
10.0000,10.00
208.0000,208.00
9.5000,9.50
266.0000,266.00
167.5000,167.50
38.0000,38.00
234.0000,234.00
290.0000,290.00
224.0000,224.00
51.0000,51.00
39.0000,39.00
92.0000,92.00
190.0000,190.00
193.5000,193.50
24.5000,24.50
134.0000,134.00
182.5000,182.50
158.0000,158.00
125.0000,125.00
86.0000,86.00
58.0000,58.00
42.0000,42.00
174.0000,174.00
100.0000,100.00
15.0000,15.00
201.0000,201.00
45.5000,45.50
38.0000,38.00
230.0000,230.00
365.0000,365.00
33.5000,33.50
224.0000,224.00
62.5000,62.50
172.0000,172.00
129.0000,129.00
43.0000,43.00
130.0000,130.00
82.5000,82.50
255.5000,255.50
260.0000,260.00
108.5000,108.50
20.0000,20.00
20.0000,20.00
13.0000,13.00
274.5000,274.50
100.0000,100.00
55.0000,55.00
215.0000,215.00
48.0000,48.00
122.5000,122.50
105.0000,105.00
150.5000,150.50
62.5000,62.50
244.0000,244.00
15.5000,15.50
20.0000,20.00
28.0000,28.00
60.0000,60.00
76.0000,76.00
260.0000,260.00
20.0000,20.00
234.5000,234.50
87.0000,87.00
33.5000,33.50
35.0000,35.00
25.0000,25.00
201.0000,201.00
67.0000,67.00
128.0000,128.00
395.0000,395.00
68.0000,68.00
38.0000,38.00
234.5000,234.50
105.0000,105.00
175.0000,175.00
29.0000,29.00
201.0000,201.00
44.0000,44.00
29.0000,29.00
17.0000,17.00
37.0000,37.00
140.0000,140.00
62.5000,62.50
88.0000,88.00
140.0000,140.00
114.0000,114.00
32.5000,32.50
197.5000,197.50
56.0000,56.00
155.0000,155.00
55.0000,55.00
11.0000,11.00
100.5000,100.50
180.0000,180.00
129.0000,129.00
78.0000,78.00
245.0000,245.00
38.0000,38.00
301.5000,301.50
82.5000,82.50
150.5000,150.50
130.0000,130.00
108.5000,108.50
95.0000,95.00
220.0000,220.00
70.0000,70.00
87.0000,87.00
232.0000,232.00
220.5000,220.50
115.0000,115.00
100.5000,100.50
92.5000,92.50
266.0000,266.00
138.0000,138.00
261.0000,261.00
27.5000,27.50
43.0000,43.00
305.0000,305.00
247.5000,247.50
45.5000,45.50
203.0000,203.00
111.0000,111.00
92.5000,92.50
288.0000,288.00
10.0000,10.00
316.0000,316.00
190.0000,190.00
100.5000,100.50
342.0000,342.00
42.0000,42.00
305.0000,305.00
208.0000,208.00
14.0000,14.00
33.0000,33.00
87.5000,87.50
68.0000,68.00
38.0000,38.00
130.0000,130.00
114.0000,114.00
111.0000,111.00
350.0000,350.00
64.0000,64.00
98.0000,98.00
14.0000,14.00
210.0000,210.00
128.0000,128.00
290.0000,290.00
17.0000,17.00
45.0000,45.00
152.5000,152.50
49.0000,49.00
125.0000,125.00
380.0000,380.00
125.0000,125.00
28.5000,28.50
175.0000,175.00
268.0000,268.00
77.5000,77.50
28.0000,28.00
77.5000,77.50
128.0000,128.00
39.0000,39.00
261.0000,261.00
160.0000,160.00
172.0000,172.00
11.0000,11.00
55.0000,55.00
215.0000,215.00
37.5000,37.50
234.5000,234.50
124.0000,124.00
182.5000,182.50
55.0000,55.00
247.5000,247.50
43.0000,43.00
328.0000,328.00
38.0000,38.00
280.0000,280.00
55.5000,55.50
13.0000,13.00
38.0000,38.00
203.0000,203.00
79.0000,79.00
228.0000,228.00
32.0000,32.00
175.0000,175.00
40.0000,40.00
42.0000,42.00
219.0000,219.00
125.0000,125.00
395.0000,395.00
38.0000,38.00
156.0000,156.00
261.0000,261.00
100.5000,100.50
80.0000,80.00
92.5000,92.50
39.5000,39.50
21.5000,21.50
86.0000,86.00
36.5000,36.50
80.0000,80.00
237.0000,237.00
46.5000,46.50
182.5000,182.50
201.0000,201.00
395.0000,395.00
18.5000,18.50
172.0000,172.00
88.0000,88.00
52.0000,52.00
201.0000,201.00
48.0000,48.00
25.0000,25.00
160.0000,160.00
155.0000,155.00
8.0000,8.00
91.5000,91.50
76.0000,76.00
20.0000,20.00
152.0000,152.00
136.0000,136.00
52.0000,52.00
355.5000,355.50
146.0000,146.00
82.0000,82.00
23.0000,23.00
82.0000,82.00
37.5000,37.50
182.5000,182.50
79.0000,79.00
228.0000,228.00
335.0000,335.00
203.0000,203.00
155.0000,155.00
355.5000,355.50
119.0000,119.00
276.5000,276.50
192.0000,192.00
44.0000,44.00
120.0000,120.00
31.0000,31.00
172.0000,172.00
30.5000,30.50
60.0000,60.00
192.0000,192.00
230.0000,230.00
9.5000,9.50
140.0000,140.00
145.0000,145.00
35.0000,35.00
64.5000,64.50
80.0000,80.00
255.5000,255.50
77.5000,77.50
261.0000,261.00
126.0000,126.00
260.0000,260.00
100.0000,100.00
156.0000,156.00
35.0000,35.00
395.0000,395.00
36.5000,36.50
38.0000,38.00
219.0000,219.00
255.5000,255.50
150.5000,150.50
320.0000,320.00
220.5000,220.50
148.0000,148.00
37.0000,37.00
126.0000,126.00
301.5000,301.50
126.0000,126.00
183.0000,183.00
172.0000,172.00
80.0000,80.00
219.0000,219.00
118.5000,118.50
79.0000,79.00
288.0000,288.00
140.0000,140.00
49.0000,49.00
56.0000,56.00
234.0000,234.00
65.0000,65.00
86.0000,86.00
98.0000,98.00
25.0000,25.00
25.0000,25.00
215.0000,215.00
150.5000,150.50
115.0000,115.00
145.0000,145.00
150.5000,150.50
10.0000,10.00
215.0000,215.00
137.5000,137.50
161.0000,161.00
49.0000,49.00
320.0000,320.00
30.0000,30.00
98.0000,98.00
13.0000,13.00
31.0000,31.00
305.0000,305.00
34.0000,34.00
24.0000,24.00
205.0000,205.00
78.0000,78.00
32.0000,32.00
200.0000,200.00
62.5000,62.50
5.0000,5.00
128.0000,128.00
237.0000,237.00
10.0000,10.00
82.0000,82.00
145.0000,145.00
28.0000,28.00
139.5000,139.50
190.0000,190.00
280.0000,280.00
109.5000,109.50
152.5000,152.50
33.5000,33.50
305.0000,305.00
130.0000,130.00
76.0000,76.00
138.0000,138.00
39.0000,39.00
350.0000,350.00
61.0000,61.00
126.0000,126.00
73.0000,73.00
32.0000,32.00
87.0000,87.00
107.5000,107.50
98.0000,98.00
58.5000,58.50
46.0000,46.00
109.5000,109.50
160.0000,160.00
55.5000,55.50
304.0000,304.00
46.5000,46.50
76.0000,76.00
37.5000,37.50
42.0000,42.00
92.0000,92.00
30.0000,30.00
208.0000,208.00
73.0000,73.00
182.0000,182.00
55.0000,55.00
123.0000,123.00
156.0000,156.00
215.0000,215.00
20.0000,20.00
77.0000,77.00
43.0000,43.00
98.0000,98.00
92.5000,92.50
120.0000,120.00
35.0000,35.00
85.5000,85.50
380.0000,380.00
35.0000,35.00
55.5000,55.50
268.0000,268.00
305.0000,305.00
66.0000,66.00
9.5000,9.50
55.0000,55.00
18.5000,18.50
35.0000,35.00
38.0000,38.00
43.0000,43.00
380.0000,380.00
46.5000,46.50
192.0000,192.00
355.5000,355.50
9.5000,9.50
182.5000,182.50
315.0000,315.00
200.0000,200.00
128.0000,128.00
62.0000,62.00
65.0000,65.00
156.0000,156.00
46.5000,46.50
355.5000,355.50
22.0000,22.00
190.0000,190.00
78.0000,78.00
137.5000,137.50
292.0000,292.00
30.5000,30.50
39.0000,39.00
160.0000,160.00
184.0000,184.00
355.5000,355.50
213.5000,213.50
134.0000,134.00
73.5000,73.50
193.5000,193.50
161.0000,161.00
152.0000,152.00
200.0000,200.00
58.5000,58.50
315.0000,315.00
100.5000,100.50
93.0000,93.00
193.5000,193.50
73.0000,73.00
134.0000,134.00
190.0000,190.00
108.5000,108.50
220.5000,220.50
150.5000,150.50
147.0000,147.00
369.0000,369.00
123.0000,123.00
40.0000,40.00
153.0000,153.00
220.0000,220.00
328.5000,328.50
115.0000,115.00
43.0000,43.00
220.5000,220.50
111.0000,111.00
119.0000,119.00
234.0000,234.00
160.0000,160.00
287.0000,287.00
126.0000,126.00
78.0000,78.00
125.0000,125.00
160.0000,160.00
88.0000,88.00
93.0000,93.00
38.0000,38.00
17.0000,17.00
183.0000,183.00
183.0000,183.00
350.0000,350.00
27.5000,27.50
261.0000,261.00
73.0000,73.00
275.0000,275.00
30.0000,30.00
65.0000,65.00
192.0000,192.00
39.0000,39.00
200.0000,200.00
88.0000,88.00
55.0000,55.00
246.0000,246.00
164.0000,164.00
88.0000,88.00
60.0000,60.00
12.5000,12.50
219.0000,219.00
129.0000,129.00
24.0000,24.00
41.0000,41.00
125.0000,125.00
342.0000,342.00
40.0000,40.00
14.0000,14.00
268.0000,268.00
20.0000,20.00
255.5000,255.50
80.0000,80.00
234.5000,234.50
66.5000,66.50
305.0000,305.00
32.5000,32.50
129.0000,129.00
192.5000,192.50
410.0000,410.00
175.0000,175.00
166.5000,166.50
62.5000,62.50
86.0000,86.00
158.0000,158.00
232.0000,232.00
60.0000,60.00
49.0000,49.00
328.0000,328.00
32.0000,32.00
65.0000,65.00
365.0000,365.00
192.0000,192.00
182.5000,182.50
88.0000,88.00
15.5000,15.50
201.0000,201.00
255.5000,255.50
193.5000,193.50
35.0000,35.00
220.5000,220.50
155.0000,155.00
10.0000,10.00
136.0000,136.00
40.0000,40.00
174.0000,174.00
136.0000,136.00
40.0000,40.00
220.0000,220.00
261.0000,261.00
62.0000,62.00
75.0000,75.00
110.0000,110.00
220.5000,220.50
86.0000,86.00
107.5000,107.50
43.0000,43.00
35.0000,35.00
77.0000,77.00
237.0000,237.00
23.0000,23.00
60.0000,60.00
140.0000,140.00
99.0000,99.00
192.0000,192.00
112.5000,112.50
100.0000,100.00
156.0000,156.00
64.5000,64.50
245.0000,245.00
35.0000,35.00
32.5000,32.50
25.0000,25.00
22.0000,22.00
12.5000,12.50
19.5000,19.50
274.5000,274.50
315.0000,315.00
61.0000,61.00
58.0000,58.00
150.5000,150.50
355.5000,355.50
30.0000,30.00
146.0000,146.00
200.0000,200.00
66.0000,66.00
192.5000,192.50
46.5000,46.50
280.0000,280.00
13.0000,13.00
93.0000,93.00
180.0000,180.00
107.5000,107.50
10.0000,10.00
80.0000,80.00
112.0000,112.00
201.0000,201.00
266.0000,266.00
60.0000,60.00
220.0000,220.00
152.0000,152.00
112.5000,112.50
78.0000,78.00
130.0000,130.00
220.0000,220.00
100.5000,100.50
395.0000,395.00
6.5000,6.50
52.0000,52.00
35.0000,35.00
109.5000,109.50
40.0000,40.00
52.0000,52.00
24.0000,24.00
215.0000,215.00
128.0000,128.00
190.0000,190.00
36.5000,36.50
55.5000,55.50
207.0000,207.00
275.0000,275.00
234.0000,234.00
24.5000,24.50
335.0000,335.00
95.0000,95.00
105.0000,105.00
116.0000,116.00
98.0000,98.00
38.0000,38.00
32.0000,32.00
98.0000,98.00
116.0000,116.00
174.0000,174.00
25.0000,25.00
193.5000,193.50
23.0000,23.00
60.0000,60.00
316.0000,316.00
57.0000,57.00
136.0000,136.00
52.0000,52.00
62.5000,62.50
19.5000,19.50
100.0000,100.00
78.0000,78.00
260.0000,260.00
237.0000,237.00
56.0000,56.00
224.0000,224.00
342.0000,342.00
42.0000,42.00
34.0000,34.00
45.0000,45.00
183.0000,183.00
66.0000,66.00
315.0000,315.00
138.0000,138.00
369.0000,369.00
11.0000,11.00
203.0000,203.00
26.0000,26.00
82.5000,82.50
155.0000,155.00
52.0000,52.00
315.0000,315.00
172.0000,172.00
160.0000,160.00
276.5000,276.50
290.0000,290.00
23.0000,23.00
328.5000,328.50
260.0000,260.00
161.0000,161.00
232.0000,232.00
74.0000,74.00
129.5000,129.50
129.0000,129.00
87.5000,87.50
160.0000,160.00
125.0000,125.00
301.5000,301.50
98.0000,98.00
245.0000,245.00
47.5000,47.50
276.5000,276.50
20.0000,20.00
46.0000,46.00
208.0000,208.00
290.0000,290.00
82.5000,82.50
335.0000,335.00
274.5000,274.50
213.5000,213.50
275.0000,275.00
134.0000,134.00
145.0000,145.00
64.0000,64.00
320.0000,320.00
99.0000,99.00
33.0000,33.00
193.5000,193.50
110.0000,110.00
156.0000,156.00
213.5000,213.50
5.0000,5.00
24.5000,24.50
161.0000,161.00
184.0000,184.00
20.0000,20.00
260.0000,260.00
85.0000,85.00
56.0000,56.00
62.0000,62.00
380.0000,380.00
42.0000,42.00
247.5000,247.50
125.0000,125.00
23.0000,23.00
237.0000,237.00
266.0000,266.00
55.0000,55.00
32.5000,32.50
155.0000,155.00
288.0000,288.00
110.0000,110.00
15.0000,15.00
328.0000,328.00
70.0000,70.00
109.5000,109.50
355.5000,355.50
220.0000,220.00
13.0000,13.00
123.0000,123.00
232.0000,232.00
160.0000,160.00
98.0000,98.00
55.0000,55.00
261.0000,261.00
255.5000,255.50
98.0000,98.00
99.0000,99.00
129.0000,129.00
88.0000,88.00
288.0000,288.00
50.0000,50.00
200.0000,200.00
62.5000,62.50
37.5000,37.50
220.0000,220.00
328.0000,328.00
148.0000,148.00
150.5000,150.50
57.0000,57.00
40.0000,40.00
410.0000,410.00
33.5000,33.50
85.0000,85.00
124.0000,124.00
82.5000,82.50
180.0000,180.00
18.5000,18.50
146.0000,146.00
95.0000,95.00
161.0000,161.00
20.0000,20.00
175.0000,175.00
37.5000,37.50
125.0000,125.00
152.5000,152.50
301.5000,301.50
15.0000,15.00
95.0000,95.00
85.0000,85.00
185.0000,185.00
100.0000,100.00
156.0000,156.00
35.0000,35.00
193.5000,193.50
182.0000,182.00
20.0000,20.00
172.0000,172.00
184.0000,184.00
122.5000,122.50
126.0000,126.00
200.0000,200.00
147.0000,147.00
33.5000,33.50
174.0000,174.00
237.0000,237.00
31.0000,31.00
150.5000,150.50
12.5000,12.50
124.0000,124.00
15.0000,15.00
92.0000,92.00
147.0000,147.00
33.5000,33.50
85.0000,85.00
98.0000,98.00
123.0000,123.00
46.5000,46.50
80.0000,80.00
45.0000,45.00
152.0000,152.00
16.0000,16.00
95.0000,95.00
25.0000,25.00
87.5000,87.50
128.0000,128.00
19.0000,19.00
192.0000,192.00
234.5000,234.50
128.0000,128.00
130.0000,130.00
110.0000,110.00
174.0000,174.00
57.0000,57.00
25.0000,25.00
301.5000,301.50
96.0000,96.00
108.5000,108.50
46.5000,46.50
192.0000,192.00
77.5000,77.50
80.0000,80.00
9.5000,9.50
266.0000,266.00
158.0000,158.00
38.0000,38.00
138.0000,138.00
205.0000,205.00
13.0000,13.00
232.0000,232.00
119.0000,119.00
224.0000,224.00
32.0000,32.00
87.0000,87.00
320.0000,320.00
107.5000,107.50
234.0000,234.00
20.0000,20.00
40.0000,40.00
19.5000,19.50
192.0000,192.00
124.0000,124.00
130.0000,130.00
193.5000,193.50
152.0000,152.00
137.5000,137.50
164.0000,164.00
114.0000,114.00
5.0000,5.00
26.0000,26.00
15.5000,15.50
100.0000,100.00
184.0000,184.00
115.0000,115.00
201.0000,201.00
172.0000,172.00
64.0000,64.00
123.0000,123.00
276.5000,276.50
26.0000,26.00
140.0000,140.00
67.0000,67.00
129.5000,129.50
328.0000,328.00
112.0000,112.00
224.0000,224.00
205.0000,205.00
230.0000,230.00
69.0000,69.00
190.0000,190.00
201.0000,201.00
170.0000,170.00
118.5000,118.50
130.0000,130.00
31.0000,31.00
45.5000,45.50
56.0000,56.00
128.0000,128.00
19.5000,19.50
276.5000,276.50
31.0000,31.00
21.5000,21.50
316.0000,316.00
220.5000,220.50
139.5000,139.50
11.0000,11.00
19.5000,19.50
61.0000,61.00
213.5000,213.50
165.0000,165.00
80.0000,80.00
152.0000,152.00
28.5000,28.50
350.0000,350.00
192.5000,192.50
158.0000,158.00
170.0000,170.00
287.0000,287.00
119.0000,119.00
234.5000,234.50
41.0000,41.00
108.5000,108.50
147.0000,147.00
304.0000,304.00
207.0000,207.00
152.0000,152.00
122.5000,122.50
32.0000,32.00
32.0000,32.00
64.5000,64.50
26.0000,26.00
118.5000,118.50
145.0000,145.00
58.0000,58.00
35.0000,35.00
100.0000,100.00
46.0000,46.00
208.0000,208.00
197.5000,197.50
130.0000,130.00
335.0000,335.00
123.0000,123.00
184.0000,184.00
33.5000,33.50
72.0000,72.00
5.0000,5.00
20.0000,20.00
25.0000,25.00
305.0000,305.00
275.0000,275.00
47.5000,47.50
5.0000,5.00
58.0000,58.00
47.5000,47.50
266.0000,266.00
160.0000,160.00
228.0000,228.00
120.0000,120.00
275.0000,275.00
110.0000,110.00
112.5000,112.50
33.0000,33.00
16.0000,16.00
47.5000,47.50
55.0000,55.00
75.0000,75.00
292.0000,292.00
182.5000,182.50
111.0000,111.00
175.0000,175.00
112.5000,112.50
79.0000,79.00
215.0000,215.00
32.5000,32.50
70.0000,70.00
120.0000,120.00
64.5000,64.50
42.0000,42.00
234.0000,234.00
292.0000,292.00
301.5000,301.50
130.0000,130.00
182.5000,182.50
49.0000,49.00
123.0000,123.00
32.5000,32.50
146.0000,146.00
88.0000,88.00
55.0000,55.00
256.0000,256.00
26.0000,26.00
52.0000,52.00
96.0000,96.00
245.0000,245.00
69.0000,69.00
174.0000,174.00
160.0000,160.00
255.5000,255.50
150.5000,150.50
161.0000,161.00
73.0000,73.00
140.0000,140.00
192.5000,192.50
9.5000,9.50
301.5000,301.50
208.0000,208.00
93.0000,93.00
234.0000,234.00
11.0000,11.00
112.0000,112.00
234.5000,234.50
260.0000,260.00
219.0000,219.00
43.0000,43.00
88.0000,88.00
129.0000,129.00
261.0000,261.00
67.0000,67.00
193.5000,193.50
210.0000,210.00
32.5000,32.50
41.0000,41.00
9.5000,9.50
108.5000,108.50
120.0000,120.00
58.0000,58.00
164.0000,164.00
175.0000,175.00
201.0000,201.00
5.0000,5.00
125.0000,125.00
137.5000,137.50
35.0000,35.00
213.5000,213.50
193.5000,193.50
93.0000,93.00
287.0000,287.00
11.0000,11.00
21.5000,21.50
33.5000,33.50
192.0000,192.00
105.0000,105.00
26.0000,26.00
245.0000,245.00
355.5000,355.50
64.0000,64.00
137.5000,137.50
288.0000,288.00
56.0000,56.00
160.0000,160.00
75.0000,75.00
256.0000,256.00
26.0000,26.00
96.0000,96.00
107.5000,107.50
301.5000,301.50
355.5000,355.50
232.0000,232.00
369.0000,369.00
197.5000,197.50
85.0000,85.00
12.5000,12.50
24.5000,24.50
62.0000,62.00
138.0000,138.00
315.0000,315.00
170.0000,170.00
190.0000,190.00
130.0000,130.00
124.0000,124.00
69.0000,69.00
98.0000,98.00
23.0000,23.00
38.0000,38.00
100.0000,100.00
70.0000,70.00
77.0000,77.00
13.0000,13.00
246.0000,246.00
100.0000,100.00
100.5000,100.50
26.0000,26.00
92.5000,92.50
40.0000,40.00
60.0000,60.00
140.0000,140.00
14.0000,14.00
34.0000,34.00
40.0000,40.00
46.5000,46.50
174.0000,174.00
230.0000,230.00
43.0000,43.00
380.0000,380.00
96.0000,96.00
185.0000,185.00
280.0000,280.00
13.0000,13.00
200.0000,200.00
66.5000,66.50
335.0000,335.00
275.0000,275.00
134.0000,134.00
76.0000,76.00
95.0000,95.00
62.5000,62.50
88.0000,88.00
280.0000,280.00
261.0000,261.00
130.0000,130.00
107.5000,107.50
109.5000,109.50
172.0000,172.00
88.0000,88.00
164.0000,164.00
87.5000,87.50
80.0000,80.00
112.0000,112.00
23.0000,23.00
20.0000,20.00
192.5000,192.50
109.5000,109.50
138.0000,138.00
335.0000,335.00
82.0000,82.00
46.0000,46.00
73.0000,73.00
10.0000,10.00
70.0000,70.00
76.0000,76.00
118.5000,118.50
190.0000,190.00
98.0000,98.00
108.5000,108.50
234.5000,234.50
342.0000,342.00
70.0000,70.00
172.0000,172.00
82.0000,82.00
395.0000,395.00
55.0000,55.00
100.0000,100.00
25.0000,25.00
65.0000,65.00
234.5000,234.50
369.0000,369.00
58.5000,58.50
33.0000,33.00
256.0000,256.00
72.0000,72.00
68.0000,68.00
215.0000,215.00
335.0000,335.00
66.5000,66.50
56.0000,56.00
87.0000,87.00
21.5000,21.50
87.5000,87.50
260.0000,260.00
180.0000,180.00
256.0000,256.00
64.5000,64.50
40.0000,40.00
56.0000,56.00
280.0000,280.00
67.0000,67.00
82.5000,82.50
39.0000,39.00
50.0000,50.00
129.0000,129.00
96.0000,96.00
220.5000,220.50
112.0000,112.00
320.0000,320.00
99.0000,99.00
69.0000,69.00
67.0000,67.00
395.0000,395.00
274.5000,274.50
52.0000,52.00
128.0000,128.00
52.0000,52.00
276.5000,276.50
58.5000,58.50
87.5000,87.50
91.5000,91.50
42.0000,42.00
137.5000,137.50
213.5000,213.50
26.0000,26.00
268.0000,268.00
152.5000,152.50
48.0000,48.00
328.0000,328.00
55.0000,55.00
10.0000,10.00
58.0000,58.00
170.0000,170.00
280.0000,280.00
153.0000,153.00
139.5000,139.50
32.5000,32.50
32.0000,32.00
57.0000,57.00
140.0000,140.00
118.5000,118.50
234.5000,234.50
200.0000,200.00
124.0000,124.00
201.0000,201.00
80.0000,80.00
335.0000,335.00
152.0000,152.00
114.0000,114.00
55.0000,55.00
255.5000,255.50
170.0000,170.00
205.0000,205.00
70.0000,70.00
58.0000,58.00
197.5000,197.50
95.0000,95.00
36.5000,36.50
245.0000,245.00
33.0000,33.00
315.0000,315.00
365.0000,365.00
100.0000,100.00
100.0000,100.00
87.0000,87.00
118.5000,118.50
62.0000,62.00
74.0000,74.00
50.0000,50.00
51.0000,51.00
15.5000,15.50
246.0000,246.00
220.5000,220.50
33.0000,33.00
39.0000,39.00
84.0000,84.00
15.0000,15.00
100.0000,100.00
220.0000,220.00
100.0000,100.00
266.0000,266.00
73.0000,73.00
116.0000,116.00
261.0000,261.00
14.0000,14.00
70.0000,70.00
33.5000,33.50
328.0000,328.00
92.0000,92.00
245.0000,245.00
43.0000,43.00
60.0000,60.00
80.0000,80.00
20.0000,20.00
30.0000,30.00
164.0000,164.00
62.5000,62.50
58.0000,58.00
62.5000,62.50
43.0000,43.00
55.5000,55.50
190.0000,190.00
205.0000,205.00
9.5000,9.50
120.0000,120.00
87.5000,87.50
183.0000,183.00
316.0000,316.00
29.0000,29.00
27.5000,27.50
171.5000,171.50
52.0000,52.00
138.0000,138.00
335.0000,335.00
86.0000,86.00
98.0000,98.00
246.0000,246.00
139.5000,139.50
112.5000,112.50
65.0000,65.00
18.5000,18.50
266.0000,266.00
134.0000,134.00
84.0000,84.00
32.0000,32.00
120.0000,120.00
88.0000,88.00
268.0000,268.00
246.0000,246.00
203.0000,203.00
19.5000,19.50
292.0000,292.00
112.0000,112.00
410.0000,410.00
88.0000,88.00
55.5000,55.50
28.5000,28.50
50.0000,50.00
160.0000,160.00
130.0000,130.00
115.0000,115.00
156.0000,156.00
109.5000,109.50
192.5000,192.50
125.0000,125.00
88.0000,88.00
350.0000,350.00
36.5000,36.50
35.0000,35.00
369.0000,369.00
160.0000,160.00
260.0000,260.00
261.0000,261.00
118.5000,118.50
290.0000,290.00
150.5000,150.50
51.0000,51.00
65.0000,65.00
112.0000,112.00
8.0000,8.00
21.5000,21.50
200.0000,200.00
80.0000,80.00
77.5000,77.50
128.0000,128.00
125.0000,125.00
33.5000,33.50
29.0000,29.00
91.5000,91.50
87.5000,87.50
99.0000,99.00
55.5000,55.50
365.0000,365.00
39.0000,39.00
219.0000,219.00
266.0000,266.00
138.0000,138.00
110.0000,110.00
72.0000,72.00
64.0000,64.00
100.0000,100.00
275.0000,275.00
287.0000,287.00
110.0000,110.00
128.0000,128.00
66.5000,66.50
102.0000,102.00
140.0000,140.00
95.0000,95.00
92.0000,92.00
62.0000,62.00
110.0000,110.00
70.0000,70.00
26.0000,26.00
208.0000,208.00
122.5000,122.50
122.0000,122.00
87.5000,87.50
11.0000,11.00
24.5000,24.50
73.0000,73.00
140.0000,140.00
22.0000,22.00
122.5000,122.50
145.0000,145.00
232.0000,232.00
130.0000,130.00
52.0000,52.00
34.0000,34.00
213.5000,213.50
136.0000,136.00
32.5000,32.50
123.0000,123.00
122.5000,122.50
93.0000,93.00
215.0000,215.00
342.0000,342.00
112.5000,112.50
182.0000,182.00
98.0000,98.00
78.0000,78.00
201.0000,201.00
49.0000,49.00
62.0000,62.00
33.5000,33.50
65.0000,65.00
30.0000,30.00
35.0000,35.00
224.0000,224.00
182.0000,182.00
73.0000,73.00
17.0000,17.00
87.0000,87.00
32.5000,32.50
24.5000,24.50
192.0000,192.00
244.0000,244.00
32.0000,32.00
220.5000,220.50
155.0000,155.00
164.0000,164.00
380.0000,380.00
50.0000,50.00
192.5000,192.50
287.0000,287.00
287.0000,287.00
66.5000,66.50
109.5000,109.50
44.0000,44.00
156.0000,156.00
230.0000,230.00
164.0000,164.00
100.5000,100.50
56.0000,56.00
15.5000,15.50
246.0000,246.00
85.0000,85.00
68.0000,68.00
50.0000,50.00
160.0000,160.00
114.0000,114.00
365.0000,365.00
60.0000,60.00
136.0000,136.00
119.0000,119.00
61.0000,61.00
245.0000,245.00
171.5000,171.50
123.0000,123.00
24.0000,24.00
130.0000,130.00
140.0000,140.00
64.5000,64.50
184.0000,184.00
155.0000,155.00
120.0000,120.00
52.0000,52.00
66.0000,66.00
205.0000,205.00
182.0000,182.00
110.0000,110.00
72.0000,72.00
56.0000,56.00
38.0000,38.00
82.5000,82.50
171.5000,171.50
237.0000,237.00
230.0000,230.00
62.0000,62.00
11.0000,11.00
40.0000,40.00
185.0000,185.00
305.0000,305.00
114.0000,114.00
32.0000,32.00
200.0000,200.00
51.0000,51.00
164.0000,164.00
67.0000,67.00
220.0000,220.00
9.5000,9.50
108.5000,108.50
34.0000,34.00
39.5000,39.50
42.0000,42.00
70.0000,70.00
45.5000,45.50
134.0000,134.00
287.0000,287.00
140.0000,140.00
150.5000,150.50
100.5000,100.50
77.5000,77.50
21.5000,21.50
38.0000,38.00
55.5000,55.50
247.5000,247.50
32.5000,32.50
34.0000,34.00
92.0000,92.00
15.0000,15.00
65.0000,65.00
234.5000,234.50
77.0000,77.00
160.0000,160.00
56.0000,56.00
266.0000,266.00
77.5000,77.50
76.0000,76.00
148.0000,148.00
50.0000,50.00
287.0000,287.00
55.5000,55.50
73.0000,73.00
10.0000,10.00
190.0000,190.00
16.0000,16.00
31.0000,31.00
380.0000,380.00
58.0000,58.00
15.5000,15.50
261.0000,261.00
38.0000,38.00
100.5000,100.50
36.5000,36.50
32.5000,32.50
99.0000,99.00
118.5000,118.50
182.5000,182.50
208.0000,208.00
161.0000,161.00
148.0000,148.00
25.0000,25.00
129.0000,129.00
200.0000,200.00
137.5000,137.50
380.0000,380.00
29.0000,29.00
56.0000,56.00
315.0000,315.00
145.0000,145.00
45.5000,45.50
350.0000,350.00
25.0000,25.00
137.5000,137.50
245.0000,245.00
153.0000,153.00
92.0000,92.00
185.0000,185.00
255.5000,255.50
38.0000,38.00
161.0000,161.00
50.0000,50.00
18.5000,18.50
26.0000,26.00
115.0000,115.00
73.0000,73.00
197.5000,197.50
77.5000,77.50
9.5000,9.50
116.0000,116.00
234.5000,234.50
40.0000,40.00
79.0000,79.00
77.0000,77.00
268.0000,268.00
108.5000,108.50
29.0000,29.00
201.0000,201.00
137.5000,137.50
61.0000,61.00
21.5000,21.50
25.0000,25.00
100.0000,100.00
92.5000,92.50
32.5000,32.50
287.0000,287.00
46.0000,46.00
140.0000,140.00
126.0000,126.00
65.0000,65.00
215.0000,215.00
203.0000,203.00
100.0000,100.00
35.0000,35.00
210.0000,210.00
24.5000,24.50
171.5000,171.50
114.0000,114.00
228.0000,228.00
19.5000,19.50
5.0000,5.00
164.0000,164.00
49.0000,49.00
55.5000,55.50
160.0000,160.00
44.0000,44.00
380.0000,380.00
292.0000,292.00
104.0000,104.00
39.5000,39.50
73.0000,73.00
99.0000,99.00
147.0000,147.00
292.0000,292.00
237.0000,237.00
145.0000,145.00
280.0000,280.00
38.0000,38.00
110.0000,110.00
180.0000,180.00
128.0000,128.00
32.0000,32.00
137.5000,137.50
215.0000,215.00
129.0000,129.00
232.0000,232.00
70.0000,70.00
80.0000,80.00
128.0000,128.00
24.0000,24.00
46.5000,46.50
86.0000,86.00
171.5000,171.50
32.0000,32.00
52.0000,52.00
96.0000,96.00
87.0000,87.00
161.0000,161.00
287.0000,287.00
123.0000,123.00
118.5000,118.50
20.0000,20.00
29.0000,29.00
65.0000,65.00
260.0000,260.00
76.0000,76.00
112.5000,112.50
64.0000,64.00
276.5000,276.50
192.0000,192.00
86.0000,86.00
35.0000,35.00
15.0000,15.00
161.0000,161.00
21.5000,21.50
75.0000,75.00
119.0000,119.00
55.0000,55.00
88.0000,88.00
55.0000,55.00
100.5000,100.50
110.0000,110.00
184.0000,184.00
84.0000,84.00
21.5000,21.50
99.0000,99.00
301.5000,301.50
65.0000,65.00
196.0000,196.00
174.0000,174.00
410.0000,410.00
247.5000,247.50
161.0000,161.00
230.0000,230.00
184.0000,184.00
77.5000,77.50
46.0000,46.00
164.0000,164.00
260.0000,260.00
207.0000,207.00
167.5000,167.50
100.5000,100.50
192.0000,192.00
14.0000,14.00
115.0000,115.00
128.0000,128.00
167.5000,167.50
213.5000,213.50
86.0000,86.00
140.0000,140.00
73.5000,73.50
20.0000,20.00
114.0000,114.00
164.0000,164.00
34.0000,34.00
201.0000,201.00
37.0000,37.00
192.5000,192.50
107.5000,107.50
40.0000,40.00
77.5000,77.50
110.0000,110.00
174.0000,174.00
72.0000,72.00
14.0000,14.00
84.0000,84.00
31.0000,31.00
365.0000,365.00
56.0000,56.00
82.5000,82.50
21.5000,21.50
20.0000,20.00
50.0000,50.00
33.5000,33.50
75.0000,75.00
66.5000,66.50
14.0000,14.00
100.0000,100.00
342.0000,342.00
33.5000,33.50
201.0000,201.00
155.0000,155.00
43.0000,43.00
140.0000,140.00
215.0000,215.00
305.0000,305.00
228.0000,228.00
260.0000,260.00
165.0000,165.00
410.0000,410.00
22.0000,22.00
56.0000,56.00
171.5000,171.50
152.5000,152.50
25.0000,25.00
55.0000,55.00
25.0000,25.00
36.5000,36.50
99.0000,99.00
301.5000,301.50
182.0000,182.00
45.0000,45.00
80.0000,80.00
32.0000,32.00
55.5000,55.50
98.0000,98.00
320.0000,320.00
380.0000,380.00
37.5000,37.50
26.0000,26.00
73.5000,73.50
114.0000,114.00
20.0000,20.00
21.5000,21.50
26.0000,26.00
100.0000,100.00
73.5000,73.50
96.0000,96.00
196.0000,196.00
75.0000,75.00
137.5000,137.50
197.5000,197.50
120.0000,120.00
74.0000,74.00
255.5000,255.50
200.0000,200.00
98.0000,98.00
111.0000,111.00
146.0000,146.00
301.5000,301.50
77.0000,77.00
165.0000,165.00
234.0000,234.00
87.5000,87.50
64.5000,64.50
25.0000,25.00
55.0000,55.00
15.0000,15.00
98.0000,98.00
32.0000,32.00
38.0000,38.00
19.5000,19.50
44.0000,44.00
47.5000,47.50
164.0000,164.00
80.0000,80.00
64.5000,64.50
112.0000,112.00
210.0000,210.00
130.0000,130.00
207.0000,207.00
75.0000,75.00
138.0000,138.00
328.5000,328.50
140.0000,140.00
328.0000,328.00
37.5000,37.50
96.0000,96.00
5.0000,5.00
182.0000,182.00
32.0000,32.00
70.0000,70.00
230.0000,230.00
208.0000,208.00
21.5000,21.50
58.0000,58.00
161.0000,161.00
301.5000,301.50
86.0000,86.00
164.0000,164.00
260.0000,260.00
220.0000,220.00
148.0000,148.00
203.0000,203.00
9.5000,9.50
46.0000,46.00
85.0000,85.00
232.0000,232.00
26.0000,26.00
19.5000,19.50
33.0000,33.00
180.0000,180.00
193.5000,193.50
93.0000,93.00
268.0000,268.00
98.0000,98.00
369.0000,369.00
58.0000,58.00
182.0000,182.00
52.0000,52.00
37.5000,37.50
69.0000,69.00
92.0000,92.00
395.0000,395.00
55.5000,55.50
155.0000,155.00
184.0000,184.00
20.0000,20.00
160.0000,160.00
69.0000,69.00
203.0000,203.00
165.0000,165.00
70.0000,70.00
82.0000,82.00
26.0000,26.00
62.5000,62.50
52.0000,52.00
70.0000,70.00
55.0000,55.00
96.0000,96.00
46.5000,46.50
171.5000,171.50
37.5000,37.50
232.0000,232.00
134.0000,134.00
234.5000,234.50
224.0000,224.00
25.0000,25.00
85.5000,85.50
165.0000,165.00
88.0000,88.00
33.0000,33.00
15.5000,15.50
57.0000,57.00
220.5000,220.50
244.0000,244.00
112.5000,112.50
410.0000,410.00
139.5000,139.50
45.5000,45.50
12.5000,12.50
99.0000,99.00
22.0000,22.00
305.0000,305.00
58.5000,58.50
108.5000,108.50
123.0000,123.00
39.5000,39.50
21.5000,21.50
201.0000,201.00
22.0000,22.00
95.0000,95.00
335.0000,335.00
268.0000,268.00
107.5000,107.50
13.0000,13.00
247.5000,247.50
152.0000,152.00
77.0000,77.00
8.0000,8.00
39.0000,39.00
287.0000,287.00
301.5000,301.50
12.5000,12.50
56.0000,56.00
266.0000,266.00
230.0000,230.00
140.0000,140.00
256.0000,256.00
76.0000,76.00
77.5000,77.50
92.0000,92.00
190.0000,190.00
36.5000,36.50
66.0000,66.00
114.0000,114.00
10.0000,10.00
320.0000,320.00
305.0000,305.00
24.5000,24.50
76.0000,76.00
207.0000,207.00
232.0000,232.00
290.0000,290.00
52.0000,52.00
67.0000,67.00
17.0000,17.00
122.5000,122.50
192.5000,192.50
14.0000,14.00
38.0000,38.00
224.0000,224.00
92.5000,92.50
268.0000,268.00
161.0000,161.00
76.0000,76.00
5.0000,5.00
380.0000,380.00
19.0000,19.00
192.0000,192.00
255.5000,255.50
247.5000,247.50
77.5000,77.50
146.0000,146.00
10.0000,10.00
228.0000,228.00
115.0000,115.00
66.0000,66.00
160.0000,160.00
255.5000,255.50
44.0000,44.00
140.0000,140.00
320.0000,320.00
158.0000,158.00
73.5000,73.50
207.0000,207.00
8.0000,8.00
109.5000,109.50
46.5000,46.50
26.0000,26.00
234.5000,234.50
167.5000,167.50
68.0000,68.00
25.0000,25.00
395.0000,395.00
26.0000,26.00
145.0000,145.00
50.0000,50.00
123.0000,123.00
107.5000,107.50
261.0000,261.00
152.0000,152.00
15.0000,15.00
77.0000,77.00
93.0000,93.00
39.0000,39.00
304.0000,304.00
39.5000,39.50
125.0000,125.00
328.0000,328.00
19.5000,19.50
328.5000,328.50
15.5000,15.50
80.0000,80.00
25.0000,25.00
150.5000,150.50
85.5000,85.50
29.0000,29.00
50.0000,50.00
290.0000,290.00
161.0000,161.00
180.0000,180.00
6.5000,6.50
201.0000,201.00
192.5000,192.50
82.0000,82.00
139.5000,139.50
174.0000,174.00
234.5000,234.50
304.0000,304.00
237.0000,237.00
268.0000,268.00
184.0000,184.00
25.0000,25.00
85.0000,85.00
335.0000,335.00
290.0000,290.00
205.0000,205.00
77.0000,77.00
184.0000,184.00
123.0000,123.00
129.0000,129.00
122.5000,122.50
152.0000,152.00
174.0000,174.00
70.0000,70.00
140.0000,140.00
261.0000,261.00
261.0000,261.00
40.0000,40.00
220.5000,220.50
275.0000,275.00
93.0000,93.00
138.0000,138.00
114.0000,114.00
316.0000,316.00
76.0000,76.00
66.0000,66.00
73.5000,73.50
24.0000,24.00
261.0000,261.00
280.0000,280.00
335.0000,335.00
13.0000,13.00
70.0000,70.00
39.0000,39.00
39.0000,39.00
192.5000,192.50
33.5000,33.50
99.0000,99.00
129.0000,129.00
192.5000,192.50
237.0000,237.00
110.0000,110.00
73.0000,73.00
196.0000,196.00
92.5000,92.50
280.0000,280.00
58.5000,58.50
80.0000,80.00
124.0000,124.00
57.0000,57.00
80.0000,80.00
25.0000,25.00
36.5000,36.50
255.5000,255.50
190.0000,190.00
112.5000,112.50
201.0000,201.00
155.0000,155.00
175.0000,175.00
305.0000,305.00
146.0000,146.00
138.0000,138.00
73.0000,73.00
39.0000,39.00
174.0000,174.00
155.0000,155.00
80.0000,80.00
112.0000,112.00
67.0000,67.00
172.0000,172.00
410.0000,410.00
122.5000,122.50
150.5000,150.50
304.0000,304.00
19.0000,19.00
275.0000,275.00
21.5000,21.50
175.0000,175.00
19.5000,19.50
87.0000,87.00
100.0000,100.00
166.5000,166.50
161.0000,161.00
32.5000,32.50
51.0000,51.00
190.0000,190.00
79.0000,79.00
193.5000,193.50
55.0000,55.00
56.0000,56.00
120.0000,120.00
66.0000,66.00
123.0000,123.00
160.0000,160.00
320.0000,320.00
14.0000,14.00
193.5000,193.50
139.5000,139.50
119.0000,119.00
85.5000,85.50
147.0000,147.00
167.5000,167.50
234.0000,234.00
87.0000,87.00
138.0000,138.00
165.0000,165.00
205.0000,205.00
130.0000,130.00
261.0000,261.00
38.0000,38.00
99.0000,99.00
160.0000,160.00
247.5000,247.50
201.0000,201.00
96.0000,96.00
134.0000,134.00
68.0000,68.00
122.5000,122.50
160.0000,160.00
20.0000,20.00
25.0000,25.00
25.0000,25.00
244.0000,244.00
100.5000,100.50
39.0000,39.00
205.0000,205.00
164.0000,164.00
25.0000,25.00
92.0000,92.00
19.5000,19.50
112.5000,112.50
150.5000,150.50
50.0000,50.00
128.0000,128.00
122.0000,122.00
304.0000,304.00
140.0000,140.00
180.0000,180.00
76.0000,76.00
234.5000,234.50
100.5000,100.50
138.0000,138.00
88.0000,88.00
75.0000,75.00
41.0000,41.00
43.0000,43.00
205.0000,205.00
155.0000,155.00
93.0000,93.00
119.0000,119.00
335.0000,335.00
38.0000,38.00
301.5000,301.50
320.0000,320.00
104.0000,104.00
45.5000,45.50
134.0000,134.00
166.5000,166.50
36.5000,36.50
28.5000,28.50
26.0000,26.00
114.0000,114.00
165.0000,165.00
76.0000,76.00
67.0000,67.00
280.0000,280.00
69.0000,69.00
20.0000,20.00
192.0000,192.00
124.0000,124.00
190.0000,190.00
60.0000,60.00
92.5000,92.50
246.0000,246.00
350.0000,350.00
355.5000,355.50
256.0000,256.00
134.0000,134.00
58.0000,58.00
13.0000,13.00
342.0000,342.00
183.0000,183.00
75.0000,75.00
70.0000,70.00
232.0000,232.00
182.0000,182.00
118.5000,118.50
301.5000,301.50
145.0000,145.00
230.0000,230.00
304.0000,304.00
58.0000,58.00
137.5000,137.50
122.0000,122.00
40.0000,40.00
40.0000,40.00
13.0000,13.00
28.5000,28.50
33.5000,33.50
201.0000,201.00
192.5000,192.50
145.0000,145.00
145.0000,145.00
182.0000,182.00
100.0000,100.00
29.0000,29.00
78.0000,78.00
74.0000,74.00
9.5000,9.50
180.0000,180.00
36.5000,36.50
230.0000,230.00
120.0000,120.00
40.0000,40.00
107.5000,107.50
129.0000,129.00
23.0000,23.00
290.0000,290.00
161.0000,161.00
20.0000,20.00
139.5000,139.50
34.0000,34.00
268.0000,268.00
28.5000,28.50
172.0000,172.00
130.0000,130.00
32.0000,32.00
15.5000,15.50
200.0000,200.00
200.0000,200.00
245.0000,245.00
70.0000,70.00
32.0000,32.00
49.0000,49.00
164.0000,164.00
170.0000,170.00
123.0000,123.00
112.5000,112.50
50.0000,50.00
66.5000,66.50
27.5000,27.50
128.0000,128.00
8.0000,8.00
120.0000,120.00
77.0000,77.00
122.5000,122.50
207.0000,207.00
73.0000,73.00
410.0000,410.00
275.0000,275.00
192.0000,192.00
146.0000,146.00
380.0000,380.00
77.5000,77.50
124.0000,124.00
255.5000,255.50
46.5000,46.50
15.5000,15.50
77.5000,77.50
55.0000,55.00
136.0000,136.00
395.0000,395.00
40.0000,40.00
140.0000,140.00
112.5000,112.50
22.0000,22.00
52.0000,52.00
120.0000,120.00
184.0000,184.00
290.0000,290.00
139.5000,139.50
137.5000,137.50
137.5000,137.50
21.5000,21.50
23.0000,23.00
100.5000,100.50
305.0000,305.00
82.0000,82.00
20.0000,20.00
60.0000,60.00
58.5000,58.50
215.0000,215.00
20.0000,20.00
20.0000,20.00
41.0000,41.00
228.0000,228.00
190.0000,190.00
76.0000,76.00
197.5000,197.50
134.0000,134.00
6.5000,6.50
274.5000,274.50
50.0000,50.00
107.5000,107.50
105.0000,105.00
50.0000,50.00
76.0000,76.00
34.0000,34.00
190.0000,190.00
39.0000,39.00
110.0000,110.00
108.5000,108.50
129.0000,129.00
62.0000,62.00
201.0000,201.00
167.5000,167.50
110.0000,110.00
10.0000,10.00
118.5000,118.50
108.5000,108.50
122.5000,122.50
64.0000,64.00
33.5000,33.50
100.0000,100.00
203.0000,203.00
45.5000,45.50
45.5000,45.50
102.0000,102.00
247.5000,247.50
138.0000,138.00
46.0000,46.00
290.0000,290.00
261.0000,261.00
84.0000,84.00
47.5000,47.50
28.0000,28.00
110.0000,110.00
43.0000,43.00
8.0000,8.00
66.0000,66.00
98.0000,98.00
170.0000,170.00
304.0000,304.00
109.5000,109.50
64.5000,64.50
275.0000,275.00
88.0000,88.00
193.5000,193.50
36.5000,36.50
182.5000,182.50
234.0000,234.00
44.0000,44.00
115.0000,115.00
33.5000,33.50
14.0000,14.00
147.0000,147.00
158.0000,158.00
45.0000,45.00
33.5000,33.50
170.0000,170.00
148.0000,148.00
114.0000,114.00
185.0000,185.00
256.0000,256.00
70.0000,70.00
24.5000,24.50
193.5000,193.50
72.0000,72.00
200.0000,200.00
78.0000,78.00
112.5000,112.50
164.0000,164.00
230.0000,230.00
66.5000,66.50
66.0000,66.00
320.0000,320.00
246.0000,246.00
96.0000,96.00
213.5000,213.50
164.0000,164.00
93.0000,93.00
156.0000,156.00
78.0000,78.00
30.0000,30.00
52.0000,52.00
136.0000,136.00
27.5000,27.50
75.0000,75.00
395.0000,395.00
201.0000,201.00
123.0000,123.00
32.0000,32.00
107.5000,107.50
100.0000,100.00
100.0000,100.00
77.0000,77.00
114.0000,114.00
220.0000,220.00
102.0000,102.00
245.0000,245.00
100.5000,100.50
100.5000,100.50
200.0000,200.00
172.0000,172.00
112.5000,112.50
147.0000,147.00
320.0000,320.00
25.0000,25.00
18.5000,18.50
52.0000,52.00
160.0000,160.00
335.0000,335.00
82.5000,82.50
287.0000,287.00
224.0000,224.00
23.0000,23.00
64.0000,64.00
335.0000,335.00
167.5000,167.50
31.0000,31.00
120.0000,120.00
57.0000,57.00
266.0000,266.00
92.5000,92.50
292.0000,292.00
183.0000,183.00
228.0000,228.00
17.0000,17.00
150.5000,150.50
52.0000,52.00
42.0000,42.00
32.0000,32.00
39.0000,39.00
342.0000,342.00
136.0000,136.00
134.0000,134.00
40.0000,40.00
19.5000,19.50
21.5000,21.50
111.0000,111.00
40.0000,40.00
26.0000,26.00
64.0000,64.00
201.0000,201.00
114.0000,114.00
193.5000,193.50
33.5000,33.50
62.0000,62.00
33.5000,33.50
86.0000,86.00
234.0000,234.00
200.0000,200.00
288.0000,288.00
110.0000,110.00
108.5000,108.50
244.0000,244.00
77.0000,77.00
82.0000,82.00
40.0000,40.00
9.5000,9.50
200.0000,200.00
115.0000,115.00
39.0000,39.00
342.0000,342.00
118.5000,118.50
134.0000,134.00
120.0000,120.00
410.0000,410.00
40.0000,40.00
140.0000,140.00
170.0000,170.00
100.5000,100.50
182.5000,182.50
315.0000,315.00
92.5000,92.50
22.0000,22.00
171.5000,171.50
75.0000,75.00
92.0000,92.00
237.0000,237.00
92.0000,92.00
305.0000,305.00
335.0000,335.00
14.0000,14.00
160.0000,160.00
30.5000,30.50
99.0000,99.00
56.0000,56.00
91.5000,91.50
305.0000,305.00
48.0000,48.00
246.0000,246.00
120.0000,120.00
80.0000,80.00
328.0000,328.00
69.0000,69.00
280.0000,280.00
39.0000,39.00
28.5000,28.50
66.0000,66.00
56.0000,56.00
77.5000,77.50
140.0000,140.00
44.0000,44.00
46.5000,46.50
350.0000,350.00
136.0000,136.00
138.0000,138.00
5.0000,5.00
210.0000,210.00
276.5000,276.50
139.5000,139.50
342.0000,342.00
32.0000,32.00
19.0000,19.00
335.0000,335.00
66.0000,66.00
8.0000,8.00
304.0000,304.00
57.0000,57.00
160.0000,160.00
380.0000,380.00
37.5000,37.50
96.0000,96.00
93.0000,93.00
15.0000,15.00
152.0000,152.00
107.5000,107.50
82.5000,82.50
342.0000,342.00
80.0000,80.00
33.0000,33.00
158.0000,158.00
287.0000,287.00
328.0000,328.00
96.0000,96.00
183.0000,183.00
150.5000,150.50
45.0000,45.00
182.0000,182.00
111.0000,111.00
261.0000,261.00
192.5000,192.50
280.0000,280.00
123.0000,123.00
230.0000,230.00
203.0000,203.00
73.0000,73.00
68.0000,68.00
29.0000,29.00
100.0000,100.00
33.0000,33.00
41.0000,41.00
9.5000,9.50
70.0000,70.00
167.5000,167.50
220.0000,220.00
152.5000,152.50
124.0000,124.00
185.0000,185.00
8.0000,8.00
280.0000,280.00
130.0000,130.00
73.0000,73.00
261.0000,261.00
39.5000,39.50
62.5000,62.50
244.0000,244.00
230.0000,230.00
5.0000,5.00
111.0000,111.00
8.0000,8.00
37.5000,37.50
79.0000,79.00
116.0000,116.00
266.0000,266.00
160.0000,160.00
41.0000,41.00
25.0000,25.00
14.0000,14.00
134.0000,134.00
56.0000,56.00
275.0000,275.00
109.5000,109.50
98.0000,98.00
197.5000,197.50
109.5000,109.50
13.0000,13.00
46.5000,46.50
171.5000,171.50
95.0000,95.00
201.0000,201.00
86.0000,86.00
126.0000,126.00
246.0000,246.00
152.0000,152.00
87.0000,87.00
30.5000,30.50
75.0000,75.00
33.5000,33.50
45.5000,45.50
98.0000,98.00
215.0000,215.00
15.5000,15.50
42.0000,42.00
78.0000,78.00
230.0000,230.00
220.0000,220.00
185.0000,185.00
76.0000,76.00
95.0000,95.00
153.0000,153.00
152.0000,152.00
139.5000,139.50
40.0000,40.00
203.0000,203.00
112.5000,112.50
93.0000,93.00
75.0000,75.00
41.0000,41.00
246.0000,246.00
183.0000,183.00
301.5000,301.50
126.0000,126.00
164.0000,164.00
161.0000,161.00
410.0000,410.00
268.0000,268.00
15.5000,15.50
39.0000,39.00
35.0000,35.00
155.0000,155.00
175.0000,175.00
58.5000,58.50
77.5000,77.50
350.0000,350.00
24.0000,24.00
38.0000,38.00
138.0000,138.00
369.0000,369.00
73.5000,73.50
147.0000,147.00
62.5000,62.50
15.5000,15.50
8.0000,8.00
69.0000,69.00
266.0000,266.00
172.0000,172.00
205.0000,205.00
140.0000,140.00
46.5000,46.50
165.0000,165.00
87.5000,87.50
64.5000,64.50
46.5000,46.50
207.0000,207.00
45.0000,45.00
6.5000,6.50
369.0000,369.00
98.0000,98.00
280.0000,280.00
335.0000,335.00
32.0000,32.00
27.5000,27.50
96.0000,96.00
116.0000,116.00
234.5000,234.50
100.0000,100.00
220.5000,220.50
196.0000,196.00
137.5000,137.50
180.0000,180.00
237.0000,237.00
275.0000,275.00
91.5000,91.50
108.5000,108.50
68.0000,68.00
110.0000,110.00
111.0000,111.00
45.0000,45.00
69.0000,69.00
25.0000,25.00
280.0000,280.00
260.0000,260.00
301.5000,301.50
112.0000,112.00
140.0000,140.00
287.0000,287.00
230.0000,230.00
62.0000,62.00
208.0000,208.00
102.0000,102.00
64.0000,64.00
170.0000,170.00
10.0000,10.00
77.0000,77.00
192.0000,192.00
320.0000,320.00
112.0000,112.00
160.0000,160.00
122.0000,122.00
156.0000,156.00
76.0000,76.00
56.0000,56.00
145.0000,145.00
48.0000,48.00
304.0000,304.00
380.0000,380.00
119.0000,119.00
167.5000,167.50
172.0000,172.00
201.0000,201.00
380.0000,380.00
32.5000,32.50
150.5000,150.50
152.0000,152.00
365.0000,365.00
190.0000,190.00
119.0000,119.00
182.0000,182.00
170.0000,170.00
31.0000,31.00
328.0000,328.00
274.5000,274.50
45.0000,45.00
21.5000,21.50
328.5000,328.50
91.5000,91.50
104.0000,104.00
192.0000,192.00
275.0000,275.00
46.0000,46.00
167.5000,167.50
119.0000,119.00
39.5000,39.50
230.0000,230.00
40.0000,40.00
137.5000,137.50
161.0000,161.00
100.0000,100.00
66.0000,66.00
19.5000,19.50
301.5000,301.50
237.0000,237.00
304.0000,304.00
108.5000,108.50
288.0000,288.00
129.5000,129.50
15.5000,15.50
192.5000,192.50
130.0000,130.00
28.0000,28.00
52.0000,52.00
183.0000,183.00
65.0000,65.00
33.5000,33.50
261.0000,261.00
234.0000,234.00
46.5000,46.50
58.0000,58.00
152.0000,152.00
92.0000,92.00
43.0000,43.00
110.0000,110.00
232.0000,232.00
34.0000,34.00
33.0000,33.00
35.0000,35.00
256.0000,256.00
129.5000,129.50
38.0000,38.00
41.0000,41.00
80.0000,80.00
73.5000,73.50
78.0000,78.00
55.0000,55.00
228.0000,228.00
301.5000,301.50
22.0000,22.00
58.5000,58.50
205.0000,205.00
26.0000,26.00
139.5000,139.50
25.0000,25.00
224.0000,224.00
292.0000,292.00
244.0000,244.00
224.0000,224.00
58.0000,58.00
28.5000,28.50
215.0000,215.00
57.0000,57.00
20.0000,20.00
32.0000,32.00
129.0000,129.00
48.0000,48.00
45.5000,45.50
104.0000,104.00
256.0000,256.00
276.5000,276.50
19.0000,19.00
80.0000,80.00
288.0000,288.00
125.0000,125.00
5.0000,5.00
77.5000,77.50
215.0000,215.00
44.0000,44.00
180.0000,180.00
139.5000,139.50
65.0000,65.00
207.0000,207.00
74.0000,74.00
15.5000,15.50
210.0000,210.00
40.0000,40.00
100.5000,100.50
23.0000,23.00
15.0000,15.00
184.0000,184.00
172.0000,172.00
74.0000,74.00
123.0000,123.00
31.0000,31.00
73.5000,73.50
395.0000,395.00
129.0000,129.00
66.0000,66.00
152.5000,152.50
182.0000,182.00
19.0000,19.00
23.0000,23.00
365.0000,365.00
122.0000,122.00
213.5000,213.50
50.0000,50.00
35.0000,35.00
160.0000,160.00
140.0000,140.00
88.0000,88.00
20.0000,20.00
109.5000,109.50
118.5000,118.50
170.0000,170.00
27.5000,27.50
23.0000,23.00
78.0000,78.00
203.0000,203.00
152.0000,152.00
255.5000,255.50
126.0000,126.00
26.0000,26.00
165.0000,165.00
287.0000,287.00
31.0000,31.00
134.0000,134.00
147.0000,147.00
112.5000,112.50
328.5000,328.50
58.5000,58.50
49.0000,49.00
55.0000,55.00
46.5000,46.50
122.0000,122.00
247.5000,247.50
24.5000,24.50
25.0000,25.00
380.0000,380.00
136.0000,136.00
72.0000,72.00
47.5000,47.50
182.0000,182.00
139.5000,139.50
138.0000,138.00
122.0000,122.00
19.0000,19.00
116.0000,116.00
15.0000,15.00
40.0000,40.00
180.0000,180.00
27.5000,27.50
380.0000,380.00
87.5000,87.50
60.0000,60.00
76.0000,76.00
245.0000,245.00
193.5000,193.50
75.0000,75.00
60.0000,60.00
28.5000,28.50
62.0000,62.00
20.0000,20.00
328.5000,328.50
100.5000,100.50
26.0000,26.00
60.0000,60.00
52.0000,52.00
21.5000,21.50
182.0000,182.00
350.0000,350.00
46.5000,46.50
33.0000,33.00
69.0000,69.00
182.0000,182.00
171.5000,171.50
98.0000,98.00
167.5000,167.50
24.0000,24.00
125.0000,125.00
342.0000,342.00
192.0000,192.00
26.0000,26.00
328.0000,328.00
160.0000,160.00
64.5000,64.50
234.5000,234.50
77.0000,77.00
328.0000,328.00
365.0000,365.00
20.0000,20.00
50.0000,50.00
268.0000,268.00
19.5000,19.50
19.0000,19.00
175.0000,175.00
147.0000,147.00
72.0000,72.00
140.0000,140.00
28.0000,28.00
92.0000,92.00
40.0000,40.00
290.0000,290.00
246.0000,246.00
91.5000,91.50
256.0000,256.00
50.0000,50.00
62.0000,62.00
35.0000,35.00
369.0000,369.00
224.0000,224.00
126.0000,126.00
96.0000,96.00
276.5000,276.50
22.0000,22.00
80.0000,80.00
175.0000,175.00
355.5000,355.50
183.0000,183.00
93.0000,93.00
138.0000,138.00
38.0000,38.00
301.5000,301.50
290.0000,290.00
342.0000,342.00
29.0000,29.00
42.0000,42.00
40.0000,40.00
52.0000,52.00
100.0000,100.00
44.0000,44.00
165.0000,165.00
40.0000,40.00
23.0000,23.00
40.0000,40.00
60.0000,60.00
27.5000,27.50
126.0000,126.00
86.0000,86.00
215.0000,215.00
110.0000,110.00
146.0000,146.00
26.0000,26.00
22.0000,22.00
15.5000,15.50
100.5000,100.50
80.0000,80.00
12.5000,12.50
316.0000,316.00
45.0000,45.00
175.0000,175.00
58.0000,58.00
44.0000,44.00
98.0000,98.00
82.5000,82.50
164.0000,164.00
118.5000,118.50
66.0000,66.00
280.0000,280.00
67.0000,67.00
210.0000,210.00
196.0000,196.00
60.0000,60.00
203.0000,203.00
38.0000,38.00
167.5000,167.50
171.5000,171.50
276.5000,276.50
36.5000,36.50
369.0000,369.00
86.0000,86.00
15.0000,15.00
98.0000,98.00
47.5000,47.50
67.0000,67.00
78.0000,78.00
110.0000,110.00
247.5000,247.50
78.0000,78.00
100.0000,100.00
58.5000,58.50
122.5000,122.50
62.5000,62.50
43.0000,43.00
73.5000,73.50
107.5000,107.50
234.0000,234.00
228.0000,228.00
30.5000,30.50
183.0000,183.00
174.0000,174.00
342.0000,342.00
232.0000,232.00
192.0000,192.00
25.0000,25.00
201.0000,201.00
305.0000,305.00
41.0000,41.00
24.0000,24.00
123.0000,123.00
76.0000,76.00
266.0000,266.00
150.5000,150.50
64.5000,64.50
50.0000,50.00
73.0000,73.00
30.0000,30.00
165.0000,165.00
266.0000,266.00
152.0000,152.00
64.5000,64.50
12.5000,12.50
80.0000,80.00
125.0000,125.00
40.0000,40.00
30.0000,30.00
55.0000,55.00
275.0000,275.00
130.0000,130.00
350.0000,350.00
136.0000,136.00
19.5000,19.50
275.0000,275.00
130.0000,130.00
145.0000,145.00
21.5000,21.50
65.0000,65.00
167.5000,167.50
146.0000,146.00
96.0000,96.00
19.5000,19.50
36.5000,36.50
20.0000,20.00
119.0000,119.00
92.0000,92.00
139.5000,139.50
410.0000,410.00
110.0000,110.00
114.0000,114.00
19.5000,19.50
301.5000,301.50
39.5000,39.50
66.0000,66.00
268.0000,268.00
232.0000,232.00
21.5000,21.50
31.0000,31.00
171.5000,171.50
256.0000,256.00
380.0000,380.00
150.5000,150.50
160.0000,160.00
292.0000,292.00
112.5000,112.50
234.5000,234.50
112.5000,112.50
104.0000,104.00
369.0000,369.00
66.5000,66.50
234.5000,234.50
160.0000,160.00
140.0000,140.00
136.0000,136.00
301.5000,301.50
234.5000,234.50
266.0000,266.00
61.0000,61.00
112.5000,112.50
161.0000,161.00
32.0000,32.00
215.0000,215.00
72.0000,72.00
6.5000,6.50
245.0000,245.00
137.5000,137.50
120.0000,120.00
164.0000,164.00
292.0000,292.00
304.0000,304.00
42.0000,42.00
129.5000,129.50
87.5000,87.50
280.0000,280.00
50.0000,50.00
58.0000,58.00
365.0000,365.00
40.0000,40.00
192.5000,192.50
46.0000,46.00
72.0000,72.00
10.0000,10.00
66.5000,66.50
9.5000,9.50
20.0000,20.00
160.0000,160.00
35.0000,35.00
24.0000,24.00
104.0000,104.00
39.5000,39.50
36.5000,36.50
185.0000,185.00
64.5000,64.50
36.5000,36.50
29.0000,29.00
55.0000,55.00
40.0000,40.00
219.0000,219.00
164.0000,164.00
23.0000,23.00
62.0000,62.00
234.5000,234.50
215.0000,215.00
182.5000,182.50
24.0000,24.00
245.0000,245.00
128.0000,128.00
365.0000,365.00
328.5000,328.50
80.0000,80.00
21.5000,21.50
95.0000,95.00
328.0000,328.00
114.0000,114.00
55.5000,55.50
161.0000,161.00
75.0000,75.00
30.5000,30.50
350.0000,350.00
234.0000,234.00
126.0000,126.00
205.0000,205.00
410.0000,410.00
335.0000,335.00
244.0000,244.00
220.0000,220.00
20.0000,20.00
158.0000,158.00
124.0000,124.00
122.5000,122.50
6.5000,6.50
136.0000,136.00
95.0000,95.00
213.5000,213.50
255.5000,255.50
58.0000,58.00
208.0000,208.00
190.0000,190.00
99.0000,99.00
365.0000,365.00
69.0000,69.00
100.0000,100.00
203.0000,203.00
122.0000,122.00
220.0000,220.00
82.0000,82.00
56.0000,56.00
335.0000,335.00
172.0000,172.00
146.0000,146.00
228.0000,228.00
268.0000,268.00
104.0000,104.00
72.0000,72.00
380.0000,380.00
33.5000,33.50
129.0000,129.00
15.5000,15.50
304.0000,304.00
87.0000,87.00
24.5000,24.50
57.0000,57.00
87.0000,87.00
20.0000,20.00
25.0000,25.00
139.5000,139.50
112.0000,112.00
64.5000,64.50
228.0000,228.00
64.5000,64.50
315.0000,315.00
158.0000,158.00
52.0000,52.00
100.5000,100.50
156.0000,156.00
130.0000,130.00
22.0000,22.00
193.5000,193.50
220.5000,220.50
41.0000,41.00
51.0000,51.00
64.5000,64.50
6.5000,6.50
280.0000,280.00
108.5000,108.50
102.0000,102.00
261.0000,261.00
237.0000,237.00
219.0000,219.00
26.0000,26.00
161.0000,161.00
46.0000,46.00
190.0000,190.00
15.5000,15.50
33.0000,33.00
116.0000,116.00
48.0000,48.00
34.0000,34.00
82.5000,82.50
40.0000,40.00
55.0000,55.00
99.0000,99.00
120.0000,120.00
175.0000,175.00
160.0000,160.00
158.0000,158.00
65.0000,65.00
185.0000,185.00
165.0000,165.00
335.0000,335.00
152.0000,152.00
395.0000,395.00
8.0000,8.00
43.0000,43.00
134.0000,134.00
78.0000,78.00
43.0000,43.00
80.0000,80.00
8.0000,8.00
45.5000,45.50
51.0000,51.00
140.0000,140.00
109.5000,109.50
82.0000,82.00
20.0000,20.00
100.5000,100.50
58.0000,58.00
76.0000,76.00
39.0000,39.00
34.0000,34.00
116.0000,116.00
64.5000,64.50
304.0000,304.00
41.0000,41.00
99.0000,99.00
301.5000,301.50
100.0000,100.00
33.5000,33.50
182.0000,182.00
100.0000,100.00
35.0000,35.00
35.0000,35.00
114.0000,114.00
125.0000,125.00
10.0000,10.00
41.0000,41.00
9.5000,9.50
43.0000,43.00
320.0000,320.00
192.5000,192.50
76.0000,76.00
210.0000,210.00
17.0000,17.00
87.5000,87.50
58.5000,58.50
410.0000,410.00
8.0000,8.00
328.0000,328.00
140.0000,140.00
164.0000,164.00
33.5000,33.50
32.5000,32.50
268.0000,268.00
164.0000,164.00
52.0000,52.00
80.0000,80.00
96.0000,96.00
115.0000,115.00
41.0000,41.00
65.0000,65.00
6.5000,6.50
39.0000,39.00
27.5000,27.50
201.0000,201.00
207.0000,207.00
5.0000,5.00
115.0000,115.00
82.0000,82.00
120.0000,120.00
112.5000,112.50
280.0000,280.00
220.5000,220.50
150.5000,150.50
167.5000,167.50
147.0000,147.00
32.0000,32.00
328.0000,328.00
193.5000,193.50
260.0000,260.00
260.0000,260.00
182.0000,182.00
35.0000,35.00
29.0000,29.00
207.0000,207.00
33.5000,33.50
15.5000,15.50
305.0000,305.00
56.0000,56.00
50.0000,50.00
118.5000,118.50
74.0000,74.00
167.5000,167.50
8.0000,8.00
145.0000,145.00
100.0000,100.00
109.5000,109.50
274.5000,274.50
136.0000,136.00
245.0000,245.00
26.0000,26.00
23.0000,23.00
120.0000,120.00
124.0000,124.00
55.0000,55.00
280.0000,280.00
33.5000,33.50
74.0000,74.00
215.0000,215.00
100.5000,100.50
150.5000,150.50
38.0000,38.00
76.0000,76.00
140.0000,140.00
43.0000,43.00
171.5000,171.50
305.0000,305.00
76.0000,76.00
140.0000,140.00
8.0000,8.00
23.0000,23.00
193.5000,193.50
95.0000,95.00
8.0000,8.00
35.0000,35.00
224.0000,224.00
125.0000,125.00
15.5000,15.50
304.0000,304.00
139.5000,139.50
84.0000,84.00
315.0000,315.00
82.5000,82.50
32.0000,32.00
29.0000,29.00
31.0000,31.00
98.0000,98.00
13.0000,13.00
93.0000,93.00
192.0000,192.00
33.0000,33.00
261.0000,261.00
21.5000,21.50
200.0000,200.00
42.0000,42.00
69.0000,69.00
210.0000,210.00
124.0000,124.00
197.5000,197.50
25.0000,25.00
320.0000,320.00
64.5000,64.50
12.5000,12.50
320.0000,320.00
52.0000,52.00
197.5000,197.50
197.5000,197.50
126.0000,126.00
12.5000,12.50
115.0000,115.00
11.0000,11.00
110.0000,110.00
56.0000,56.00
203.0000,203.00
335.0000,335.00
114.0000,114.00
110.0000,110.00
107.5000,107.50
129.5000,129.50
150.5000,150.50
301.5000,301.50
66.0000,66.00
33.5000,33.50
100.0000,100.00
122.5000,122.50
70.0000,70.00
79.0000,79.00
182.0000,182.00
32.0000,32.00
164.0000,164.00
210.0000,210.00
38.0000,38.00
111.0000,111.00
175.0000,175.00
170.0000,170.00
42.0000,42.00
40.0000,40.00
32.0000,32.00
126.0000,126.00
145.0000,145.00
228.0000,228.00
305.0000,305.00
228.0000,228.00
22.0000,22.00
228.0000,228.00
116.0000,116.00
37.5000,37.50
255.5000,255.50
150.5000,150.50
66.0000,66.00
80.0000,80.00
19.0000,19.00
175.0000,175.00
96.0000,96.00
86.0000,86.00
138.0000,138.00
342.0000,342.00
100.5000,100.50
15.0000,15.00
47.5000,47.50
65.0000,65.00
44.0000,44.00
40.0000,40.00
26.0000,26.00
79.0000,79.00
158.0000,158.00
72.0000,72.00
190.0000,190.00
85.0000,85.00
34.0000,34.00
410.0000,410.00
245.0000,245.00
158.0000,158.00
174.0000,174.00
160.0000,160.00
137.5000,137.50
15.0000,15.00
355.5000,355.50
57.0000,57.00
290.0000,290.00
55.5000,55.50
41.0000,41.00
205.0000,205.00
16.0000,16.00
172.0000,172.00
42.0000,42.00
37.5000,37.50
102.0000,102.00
77.0000,77.00
305.0000,305.00
125.0000,125.00
140.0000,140.00
30.5000,30.50
49.0000,49.00
15.0000,15.00
110.0000,110.00
166.5000,166.50
180.0000,180.00
369.0000,369.00
245.0000,245.00
201.0000,201.00
208.0000,208.00
182.0000,182.00
122.0000,122.00
255.5000,255.50
37.5000,37.50
261.0000,261.00
25.0000,25.00
45.0000,45.00
192.0000,192.00
355.5000,355.50
55.0000,55.00
114.0000,114.00
315.0000,315.00
380.0000,380.00
85.5000,85.50
91.5000,91.50
31.0000,31.00
410.0000,410.00
167.5000,167.50
69.0000,69.00
18.5000,18.50
287.0000,287.00
75.0000,75.00
76.0000,76.00
213.5000,213.50
84.0000,84.00
140.0000,140.00
26.0000,26.00
174.0000,174.00
80.0000,80.00
35.0000,35.00
201.0000,201.00
134.0000,134.00
26.0000,26.00
85.0000,85.00
20.0000,20.00
120.0000,120.00
69.0000,69.00
110.0000,110.00
73.0000,73.00
75.0000,75.00
43.0000,43.00
274.5000,274.50
139.5000,139.50
147.0000,147.00
19.5000,19.50
35.0000,35.00
328.0000,328.00
328.0000,328.00
112.0000,112.00
46.5000,46.50
64.5000,64.50
244.0000,244.00
70.0000,70.00
66.0000,66.00
25.0000,25.00
126.0000,126.00
46.0000,46.00
21.5000,21.50
34.0000,34.00
114.0000,114.00
58.0000,58.00
102.0000,102.00
86.0000,86.00
122.5000,122.50
172.0000,172.00
84.0000,84.00
210.0000,210.00
335.0000,335.00
158.0000,158.00
28.5000,28.50
167.5000,167.50
355.5000,355.50
14.0000,14.00
123.0000,123.00
104.0000,104.00
328.0000,328.00
320.0000,320.00
139.5000,139.50
224.0000,224.00
88.0000,88.00
64.0000,64.00
108.5000,108.50
75.0000,75.00
160.0000,160.00
98.0000,98.00
35.0000,35.00
140.0000,140.00
184.0000,184.00
136.0000,136.00
268.0000,268.00
69.0000,69.00
43.0000,43.00
108.5000,108.50
44.0000,44.00
88.0000,88.00
140.0000,140.00
85.0000,85.00
244.0000,244.00
100.0000,100.00
201.0000,201.00
12.5000,12.50
60.0000,60.00
192.0000,192.00
150.5000,150.50
79.0000,79.00
123.0000,123.00
172.0000,172.00
34.0000,34.00
328.5000,328.50
25.0000,25.00
67.0000,67.00
37.0000,37.00
9.5000,9.50
145.0000,145.00
171.5000,171.50
8.0000,8.00
30.0000,30.00
25.0000,25.00
65.0000,65.00
62.0000,62.00
256.0000,256.00
234.0000,234.00
148.0000,148.00
42.0000,42.00
88.0000,88.00
98.0000,98.00
152.0000,152.00
207.0000,207.00
33.0000,33.00
328.5000,328.50
19.5000,19.50
138.0000,138.00
20.0000,20.00
25.0000,25.00
86.0000,86.00
22.0000,22.00
232.0000,232.00
19.0000,19.00
24.5000,24.50
130.0000,130.00
43.0000,43.00
274.5000,274.50
192.0000,192.00
24.5000,24.50
76.0000,76.00
114.0000,114.00
39.0000,39.00
46.0000,46.00
256.0000,256.00
108.5000,108.50
110.0000,110.00
203.0000,203.00
51.0000,51.00
122.0000,122.00
261.0000,261.00
87.0000,87.00
61.0000,61.00
58.5000,58.50
193.5000,193.50
215.0000,215.00
155.0000,155.00
100.5000,100.50
68.0000,68.00
147.0000,147.00
100.5000,100.50
245.0000,245.00
26.0000,26.00
15.5000,15.50
155.0000,155.00
215.0000,215.00
205.0000,205.00
62.5000,62.50
245.0000,245.00
64.5000,64.50
41.0000,41.00
37.5000,37.50
220.5000,220.50
268.0000,268.00
26.0000,26.00
73.0000,73.00
328.5000,328.50
167.5000,167.50
150.5000,150.50
115.0000,115.00
14.0000,14.00
305.0000,305.00
320.0000,320.00
39.5000,39.50
124.0000,124.00
203.0000,203.00
25.0000,25.00
134.0000,134.00
304.0000,304.00
36.5000,36.50
215.0000,215.00
65.0000,65.00
196.0000,196.00
228.0000,228.00
9.5000,9.50
20.0000,20.00
37.5000,37.50
174.0000,174.00
40.0000,40.00
76.0000,76.00
108.5000,108.50
50.0000,50.00
28.5000,28.50
395.0000,395.00
156.0000,156.00
192.0000,192.00
130.0000,130.00
67.0000,67.00
27.5000,27.50
77.0000,77.00
220.0000,220.00
244.0000,244.00
134.0000,134.00
164.0000,164.00
175.0000,175.00
13.0000,13.00
234.5000,234.50
108.5000,108.50
46.5000,46.50
23.0000,23.00
104.0000,104.00
76.0000,76.00
70.0000,70.00
245.0000,245.00
224.0000,224.00
41.0000,41.00
51.0000,51.00
110.0000,110.00
129.5000,129.50
77.0000,77.00
100.0000,100.00
55.0000,55.00
246.0000,246.00
145.0000,145.00
20.0000,20.00
140.0000,140.00
205.0000,205.00
50.0000,50.00
130.0000,130.00
79.0000,79.00
185.0000,185.00
61.0000,61.00
100.0000,100.00
13.0000,13.00
87.0000,87.00
18.5000,18.50
190.0000,190.00
342.0000,342.00
230.0000,230.00
39.0000,39.00
276.5000,276.50
66.5000,66.50
201.0000,201.00
180.0000,180.00
145.0000,145.00
315.0000,315.00
280.0000,280.00
55.0000,55.00
290.0000,290.00
26.0000,26.00
119.0000,119.00
140.0000,140.00
301.5000,301.50
99.0000,99.00
42.0000,42.00
38.0000,38.00
197.5000,197.50
104.0000,104.00
66.0000,66.00
78.0000,78.00
301.5000,301.50
40.0000,40.00
237.0000,237.00
49.0000,49.00
82.5000,82.50
152.0000,152.00
26.0000,26.00
266.0000,266.00
165.0000,165.00
15.5000,15.50
148.0000,148.00
140.0000,140.00
91.5000,91.50
116.0000,116.00
98.0000,98.00
86.0000,86.00
215.0000,215.00
70.0000,70.00
21.5000,21.50
40.0000,40.00
14.0000,14.00
31.0000,31.00
410.0000,410.00
301.5000,301.50
140.0000,140.00
174.0000,174.00
126.0000,126.00
95.0000,95.00
247.5000,247.50
35.0000,35.00
40.0000,40.00
125.0000,125.00
45.0000,45.00
268.0000,268.00
35.0000,35.00
12.5000,12.50
92.0000,92.00
197.5000,197.50
171.5000,171.50
50.0000,50.00
35.0000,35.00
153.0000,153.00
42.0000,42.00
170.0000,170.00
104.0000,104.00
55.5000,55.50
365.0000,365.00
256.0000,256.00
85.5000,85.50
104.0000,104.00
287.0000,287.00
185.0000,185.00
55.0000,55.00
19.5000,19.50
184.0000,184.00
196.0000,196.00
140.0000,140.00
287.0000,287.00
165.0000,165.00
200.0000,200.00
79.0000,79.00
120.0000,120.00
230.0000,230.00
155.0000,155.00
116.0000,116.00
112.5000,112.50
17.0000,17.00
75.0000,75.00
116.0000,116.00
245.0000,245.00
28.5000,28.50
350.0000,350.00
200.0000,200.00
119.0000,119.00
122.5000,122.50
28.5000,28.50
228.0000,228.00
62.5000,62.50
205.0000,205.00
92.0000,92.00
115.0000,115.00
114.0000,114.00
50.0000,50.00
32.5000,32.50
95.0000,95.00
41.0000,41.00
33.5000,33.50
104.0000,104.00
182.5000,182.50
320.0000,320.00
24.5000,24.50
64.5000,64.50
220.0000,220.00
215.0000,215.00
193.5000,193.50
108.5000,108.50
140.0000,140.00
165.0000,165.00
62.0000,62.00
19.0000,19.00
87.5000,87.50
33.0000,33.00
369.0000,369.00
172.0000,172.00
266.0000,266.00
100.5000,100.50
33.0000,33.00
369.0000,369.00
164.0000,164.00
203.0000,203.00
102.0000,102.00
200.0000,200.00
107.5000,107.50
232.0000,232.00
57.0000,57.00
32.0000,32.00
355.5000,355.50
280.0000,280.00
32.5000,32.50
43.0000,43.00
60.0000,60.00
140.0000,140.00
203.0000,203.00
260.0000,260.00
44.0000,44.00
82.5000,82.50
328.0000,328.00
49.0000,49.00
107.5000,107.50
123.0000,123.00
380.0000,380.00
87.0000,87.00
43.0000,43.00
36.5000,36.50
292.0000,292.00
208.0000,208.00
43.0000,43.00
205.0000,205.00
17.0000,17.00
92.5000,92.50
137.5000,137.50
140.0000,140.00
11.0000,11.00
25.0000,25.00
15.5000,15.50
6.5000,6.50
136.0000,136.00
82.5000,82.50
16.0000,16.00
182.0000,182.00
316.0000,316.00
280.0000,280.00
136.0000,136.00
275.0000,275.00
126.0000,126.00
166.5000,166.50
5.0000,5.00
184.0000,184.00
69.0000,69.00
84.0000,84.00
122.5000,122.50
182.5000,182.50
172.0000,172.00
73.5000,73.50
174.0000,174.00
120.0000,120.00
369.0000,369.00
31.0000,31.00
9.5000,9.50
130.0000,130.00
12.5000,12.50
96.0000,96.00
335.0000,335.00
220.5000,220.50
120.0000,120.00
192.0000,192.00
190.0000,190.00
128.0000,128.00
84.0000,84.00
174.0000,174.00
150.5000,150.50
25.0000,25.00
208.0000,208.00
88.0000,88.00
124.0000,124.00
234.5000,234.50
164.0000,164.00
228.0000,228.00
25.0000,25.00
123.0000,123.00
33.5000,33.50
80.0000,80.00
234.0000,234.00
57.0000,57.00
201.0000,201.00
380.0000,380.00
99.0000,99.00
6.5000,6.50
140.0000,140.00
15.0000,15.00
46.5000,46.50
380.0000,380.00
174.0000,174.00
99.0000,99.00
38.0000,38.00
25.0000,25.00
123.0000,123.00
39.5000,39.50
355.5000,355.50
328.0000,328.00
39.0000,39.00
14.0000,14.00
37.5000,37.50
100.0000,100.00
62.0000,62.00
192.5000,192.50
150.5000,150.50
64.0000,64.00
175.0000,175.00
80.0000,80.00
234.5000,234.50
20.0000,20.00
58.0000,58.00
150.5000,150.50
134.0000,134.00
100.0000,100.00
193.5000,193.50
110.0000,110.00
40.0000,40.00
274.5000,274.50
46.5000,46.50
13.0000,13.00
190.0000,190.00
139.5000,139.50
72.0000,72.00
56.0000,56.00
156.0000,156.00
93.0000,93.00
77.5000,77.50
40.0000,40.00
74.0000,74.00
64.0000,64.00
246.0000,246.00
77.5000,77.50
5.0000,5.00
41.0000,41.00
190.0000,190.00
13.0000,13.00
180.0000,180.00
161.0000,161.00
104.0000,104.00
6.5000,6.50
174.0000,174.00
68.0000,68.00
60.0000,60.00
28.0000,28.00
68.0000,68.00
24.0000,24.00
146.0000,146.00
224.0000,224.00
91.5000,91.50
44.0000,44.00
47.5000,47.50
76.0000,76.00
125.0000,125.00
119.0000,119.00
64.5000,64.50
158.0000,158.00
152.0000,152.00
150.5000,150.50
205.0000,205.00
19.5000,19.50
60.0000,60.00
328.0000,328.00
115.0000,115.00
46.5000,46.50
19.5000,19.50
164.0000,164.00
52.0000,52.00
55.0000,55.00
275.0000,275.00
145.0000,145.00
31.0000,31.00
56.0000,56.00
22.0000,22.00
108.5000,108.50
172.0000,172.00
220.0000,220.00
114.0000,114.00
112.0000,112.00
138.0000,138.00
134.0000,134.00
43.0000,43.00
82.5000,82.50
152.0000,152.00
105.0000,105.00
65.0000,65.00
244.0000,244.00
28.5000,28.50
137.5000,137.50
290.0000,290.00
29.0000,29.00
335.0000,335.00
17.0000,17.00
99.0000,99.00
93.0000,93.00
156.0000,156.00
301.5000,301.50
60.0000,60.00
55.5000,55.50
190.0000,190.00
64.5000,64.50
33.0000,33.00
124.0000,124.00
205.0000,205.00
33.5000,33.50
75.0000,75.00
207.0000,207.00
11.0000,11.00
170.0000,170.00
266.0000,266.00
69.0000,69.00
58.5000,58.50
256.0000,256.00
150.5000,150.50
261.0000,261.00
62.0000,62.00
98.0000,98.00
137.5000,137.50
15.0000,15.00
85.5000,85.50
99.0000,99.00
276.5000,276.50
244.0000,244.00
112.0000,112.00
134.0000,134.00
276.5000,276.50
22.0000,22.00
261.0000,261.00
152.5000,152.50
174.0000,174.00
237.0000,237.00
98.0000,98.00
107.5000,107.50
107.5000,107.50
140.0000,140.00
201.0000,201.00
165.0000,165.00
140.0000,140.00
210.0000,210.00
93.0000,93.00
26.0000,26.00
24.0000,24.00
6.5000,6.50
110.0000,110.00
150.5000,150.50
32.0000,32.00
174.0000,174.00
107.5000,107.50
93.0000,93.00
185.0000,185.00
55.0000,55.00
380.0000,380.00
185.0000,185.00
108.5000,108.50
315.0000,315.00
230.0000,230.00
99.0000,99.00
74.0000,74.00
18.5000,18.50
129.0000,129.00
58.5000,58.50
129.0000,129.00
118.5000,118.50
119.0000,119.00
29.0000,29.00
290.0000,290.00
26.0000,26.00
92.0000,92.00
88.0000,88.00
182.0000,182.00
19.5000,19.50
52.0000,52.00
290.0000,290.00
32.5000,32.50
129.0000,129.00
380.0000,380.00
100.0000,100.00
22.0000,22.00
22.0000,22.00
34.0000,34.00
43.0000,43.00
190.0000,190.00
14.0000,14.00
16.0000,16.00
172.0000,172.00
98.0000,98.00
10.0000,10.00
46.5000,46.50
147.0000,147.00
69.0000,69.00
140.0000,140.00
58.5000,58.50
234.5000,234.50
15.5000,15.50
91.5000,91.50
74.0000,74.00
255.5000,255.50
118.5000,118.50
69.0000,69.00
87.5000,87.50
85.5000,85.50
13.0000,13.00
224.0000,224.00
129.0000,129.00
46.0000,46.00
25.0000,25.00
288.0000,288.00
275.0000,275.00
102.0000,102.00
76.0000,76.00
171.5000,171.50
197.5000,197.50
26.0000,26.00
342.0000,342.00
50.0000,50.00
100.0000,100.00
73.5000,73.50
33.0000,33.00
26.0000,26.00
161.0000,161.00
192.5000,192.50
380.0000,380.00
50.0000,50.00
276.5000,276.50
8.0000,8.00
13.0000,13.00
5.0000,5.00
88.0000,88.00
161.0000,161.00
245.0000,245.00
99.0000,99.00
146.0000,146.00
16.0000,16.00
111.0000,111.00
82.0000,82.00
140.0000,140.00
100.0000,100.00
201.0000,201.00
153.0000,153.00
99.0000,99.00
33.5000,33.50
32.0000,32.00
87.0000,87.00
203.0000,203.00
230.0000,230.00
76.0000,76.00
247.5000,247.50
266.0000,266.00
114.0000,114.00
255.5000,255.50
128.0000,128.00
304.0000,304.00
342.0000,342.00
180.0000,180.00
31.0000,31.00
35.0000,35.00
246.0000,246.00
208.0000,208.00
175.0000,175.00
56.0000,56.00
301.5000,301.50
114.0000,114.00
185.0000,185.00
245.0000,245.00
192.0000,192.00
335.0000,335.00
232.0000,232.00
75.0000,75.00
220.0000,220.00
41.0000,41.00
99.0000,99.00
39.0000,39.00
146.0000,146.00
29.0000,29.00
167.5000,167.50
64.5000,64.50
67.0000,67.00
80.0000,80.00
52.0000,52.00
316.0000,316.00
74.0000,74.00
112.0000,112.00
52.0000,52.00
15.0000,15.00
30.5000,30.50
125.0000,125.00
104.0000,104.00
46.0000,46.00
64.0000,64.00
22.0000,22.00
207.0000,207.00
5.0000,5.00
85.0000,85.00
410.0000,410.00
114.0000,114.00
137.5000,137.50
11.0000,11.00
108.5000,108.50
82.5000,82.50
20.0000,20.00
129.0000,129.00
102.0000,102.00
22.0000,22.00
96.0000,96.00
41.0000,41.00
86.0000,86.00
65.0000,65.00
174.0000,174.00
369.0000,369.00
232.0000,232.00
180.0000,180.00
61.0000,61.00
124.0000,124.00
175.0000,175.00
342.0000,342.00
41.0000,41.00
247.5000,247.50
77.0000,77.00
112.0000,112.00
150.5000,150.50
174.0000,174.00
10.0000,10.00
260.0000,260.00
146.0000,146.00
40.0000,40.00
49.0000,49.00
44.0000,44.00
29.0000,29.00
145.0000,145.00
136.0000,136.00
64.5000,64.50
49.0000,49.00
288.0000,288.00
22.0000,22.00
73.0000,73.00
104.0000,104.00
41.0000,41.00
172.0000,172.00
150.5000,150.50
156.0000,156.00
98.0000,98.00
87.5000,87.50
82.0000,82.00
126.0000,126.00
108.5000,108.50
128.0000,128.00
82.0000,82.00
156.0000,156.00
100.5000,100.50
50.0000,50.00
57.0000,57.00
57.0000,57.00
160.0000,160.00
234.5000,234.50
234.5000,234.50
6.5000,6.50
26.0000,26.00
158.0000,158.00
95.0000,95.00
86.0000,86.00
33.0000,33.00
158.0000,158.00
124.0000,124.00
207.0000,207.00
55.0000,55.00
160.0000,160.00
73.5000,73.50
68.0000,68.00
153.0000,153.00
150.5000,150.50
190.0000,190.00
25.0000,25.00
220.5000,220.50
174.0000,174.00
58.0000,58.00
290.0000,290.00
108.5000,108.50
32.5000,32.50
77.0000,77.00
219.0000,219.00
184.0000,184.00
39.0000,39.00
100.0000,100.00
23.0000,23.00
43.0000,43.00
102.0000,102.00
184.0000,184.00
256.0000,256.00
315.0000,315.00
328.5000,328.50
98.0000,98.00
35.0000,35.00
369.0000,369.00
255.5000,255.50
80.0000,80.00
65.0000,65.00
167.5000,167.50
73.0000,73.00
288.0000,288.00
30.0000,30.00
91.5000,91.50
160.0000,160.00
68.0000,68.00
129.5000,129.50
175.0000,175.00
6.5000,6.50
316.0000,316.00
58.5000,58.50
98.0000,98.00
64.0000,64.00
124.0000,124.00
40.0000,40.00
64.5000,64.50
275.0000,275.00
182.5000,182.50
123.0000,123.00
158.0000,158.00
115.0000,115.00
219.0000,219.00
33.5000,33.50
224.0000,224.00
175.0000,175.00
52.0000,52.00
14.0000,14.00
138.0000,138.00
20.0000,20.00
275.0000,275.00
39.5000,39.50
11.0000,11.00
190.0000,190.00
25.0000,25.00
64.5000,64.50
119.0000,119.00
120.0000,120.00
61.0000,61.00
305.0000,305.00
21.5000,21.50
40.0000,40.00
213.5000,213.50
234.0000,234.00
124.0000,124.00
108.5000,108.50
172.0000,172.00
64.0000,64.00
20.0000,20.00
19.0000,19.00
87.5000,87.50
112.5000,112.50
15.5000,15.50
234.0000,234.00
115.0000,115.00
215.0000,215.00
75.0000,75.00
24.5000,24.50
288.0000,288.00
62.5000,62.50
167.5000,167.50
122.5000,122.50
219.0000,219.00
15.5000,15.50
116.0000,116.00
116.0000,116.00
167.5000,167.50
380.0000,380.00
76.0000,76.00
276.5000,276.50
160.0000,160.00
182.0000,182.00
365.0000,365.00
69.0000,69.00
160.0000,160.00
58.5000,58.50
230.0000,230.00
152.0000,152.00
160.0000,160.00
14.0000,14.00
125.0000,125.00
10.0000,10.00
77.0000,77.00
196.0000,196.00
24.5000,24.50
50.0000,50.00
158.0000,158.00
24.5000,24.50
112.5000,112.50
184.0000,184.00
115.0000,115.00
66.5000,66.50
320.0000,320.00
287.0000,287.00
87.0000,87.00
93.0000,93.00
205.0000,205.00
200.0000,200.00
260.0000,260.00
20.0000,20.00
290.0000,290.00
28.0000,28.00
166.5000,166.50
304.0000,304.00
260.0000,260.00
410.0000,410.00
205.0000,205.00
24.0000,24.00
232.0000,232.00
369.0000,369.00
201.0000,201.00
410.0000,410.00
156.0000,156.00
245.0000,245.00
369.0000,369.00
80.0000,80.00
220.5000,220.50
120.0000,120.00
155.0000,155.00
140.0000,140.00
51.0000,51.00
62.0000,62.00
55.0000,55.00
152.5000,152.50
10.0000,10.00
158.0000,158.00
85.5000,85.50
6.5000,6.50
165.0000,165.00
45.0000,45.00
167.5000,167.50
140.0000,140.00
76.0000,76.00
193.5000,193.50
99.0000,99.00
219.0000,219.00
234.5000,234.50
164.0000,164.00
122.0000,122.00
55.0000,55.00
64.5000,64.50
232.0000,232.00
35.0000,35.00
292.0000,292.00
109.5000,109.50
288.0000,288.00
115.0000,115.00
355.5000,355.50
232.0000,232.00
80.0000,80.00
86.0000,86.00
31.0000,31.00
49.0000,49.00
110.0000,110.00
100.0000,100.00
50.0000,50.00
210.0000,210.00
79.0000,79.00
37.5000,37.50
316.0000,316.00
380.0000,380.00
87.5000,87.50
192.0000,192.00
128.0000,128.00
24.0000,24.00
148.0000,148.00
78.0000,78.00
136.0000,136.00
78.0000,78.00
164.0000,164.00
395.0000,395.00
74.0000,74.00
342.0000,342.00
136.0000,136.00
153.0000,153.00
87.5000,87.50
12.5000,12.50
237.0000,237.00
172.0000,172.00
85.5000,85.50
86.0000,86.00
100.0000,100.00
245.0000,245.00
114.0000,114.00
215.0000,215.00
75.0000,75.00
11.0000,11.00
52.0000,52.00
26.0000,26.00
98.0000,98.00
134.0000,134.00
98.0000,98.00
65.0000,65.00
19.5000,19.50
280.0000,280.00
15.0000,15.00
167.5000,167.50
230.0000,230.00
57.0000,57.00
237.0000,237.00
37.5000,37.50
45.0000,45.00
105.0000,105.00
114.0000,114.00
78.0000,78.00
244.0000,244.00
41.0000,41.00
56.0000,56.00
35.0000,35.00
32.0000,32.00
68.0000,68.00
27.5000,27.50
107.5000,107.50
110.0000,110.00
11.0000,11.00
120.0000,120.00
245.0000,245.00
156.0000,156.00
200.0000,200.00
200.0000,200.00
10.0000,10.00
255.5000,255.50
304.0000,304.00
57.0000,57.00
26.0000,26.00
115.0000,115.00
76.0000,76.00
200.0000,200.00
115.0000,115.00
174.0000,174.00
8.0000,8.00
125.0000,125.00
203.0000,203.00
64.0000,64.00
107.5000,107.50
203.0000,203.00
107.5000,107.50
192.5000,192.50
160.0000,160.00
6.5000,6.50
58.0000,58.00
86.0000,86.00
28.0000,28.00
84.0000,84.00
37.5000,37.50
171.5000,171.50
153.0000,153.00
45.5000,45.50
32.0000,32.00
228.0000,228.00
66.0000,66.00
150.5000,150.50
64.5000,64.50
40.0000,40.00
80.0000,80.00
14.0000,14.00
15.0000,15.00
39.0000,39.00
45.5000,45.50
66.0000,66.00
93.0000,93.00
57.0000,57.00
192.0000,192.00
80.0000,80.00
84.0000,84.00
46.0000,46.00
275.0000,275.00
301.5000,301.50
219.0000,219.00
36.5000,36.50
78.0000,78.00
274.5000,274.50
380.0000,380.00
24.0000,24.00
129.0000,129.00
28.5000,28.50
139.5000,139.50
369.0000,369.00
119.0000,119.00
120.0000,120.00
42.0000,42.00
192.5000,192.50
33.5000,33.50
62.0000,62.00
45.0000,45.00
153.0000,153.00
60.0000,60.00
55.5000,55.50
246.0000,246.00
335.0000,335.00
46.5000,46.50
244.0000,244.00
232.0000,232.00
43.0000,43.00
165.0000,165.00
220.0000,220.00
261.0000,261.00
20.0000,20.00
365.0000,365.00
328.5000,328.50
203.0000,203.00
137.5000,137.50
161.0000,161.00
79.0000,79.00
77.5000,77.50
76.0000,76.00
92.0000,92.00
256.0000,256.00
5.0000,5.00
118.5000,118.50
66.5000,66.50
110.0000,110.00
28.0000,28.00
85.5000,85.50
260.0000,260.00
228.0000,228.00
43.0000,43.00
55.5000,55.50
76.0000,76.00
161.0000,161.00
88.0000,88.00
66.5000,66.50
62.0000,62.00
228.0000,228.00
160.0000,160.00
301.5000,301.50
290.0000,290.00
355.5000,355.50
220.5000,220.50
164.0000,164.00
100.0000,100.00
75.0000,75.00
328.0000,328.00
205.0000,205.00
215.0000,215.00
30.0000,30.00
107.5000,107.50
220.5000,220.50
140.0000,140.00
215.0000,215.00
30.5000,30.50
139.5000,139.50
244.0000,244.00
122.5000,122.50
58.0000,58.00
78.0000,78.00
80.0000,80.00
64.0000,64.00
184.0000,184.00
328.0000,328.00
161.0000,161.00
33.0000,33.00
290.0000,290.00
305.0000,305.00
64.5000,64.50
301.5000,301.50
55.0000,55.00
98.0000,98.00
261.0000,261.00
61.0000,61.00
129.5000,129.50
75.0000,75.00
160.0000,160.00
100.0000,100.00
210.0000,210.00
77.5000,77.50
64.0000,64.00
145.0000,145.00
156.0000,156.00
102.0000,102.00
180.0000,180.00
203.0000,203.00
112.5000,112.50
164.0000,164.00
96.0000,96.00
73.0000,73.00
292.0000,292.00
182.0000,182.00
72.0000,72.00
51.0000,51.00
152.5000,152.50
255.5000,255.50
274.5000,274.50
69.0000,69.00
380.0000,380.00
123.0000,123.00
193.5000,193.50
37.0000,37.00
305.0000,305.00
184.0000,184.00
37.0000,37.00
275.0000,275.00
328.5000,328.50
77.0000,77.00
67.0000,67.00
29.0000,29.00
64.0000,64.00
56.0000,56.00
111.0000,111.00
268.0000,268.00
138.0000,138.00
207.0000,207.00
380.0000,380.00
275.0000,275.00
129.0000,129.00
40.0000,40.00
180.0000,180.00
6.5000,6.50
51.0000,51.00
140.0000,140.00
32.5000,32.50
20.0000,20.00
171.5000,171.50
98.0000,98.00
112.0000,112.00
256.0000,256.00
20.0000,20.00
17.0000,17.00
58.5000,58.50
85.0000,85.00
350.0000,350.00
152.0000,152.00
40.0000,40.00
22.0000,22.00
136.0000,136.00
100.0000,100.00
244.0000,244.00
301.5000,301.50
125.0000,125.00
128.0000,128.00
24.0000,24.00
220.0000,220.00
25.0000,25.00
58.5000,58.50
66.5000,66.50
62.0000,62.00
256.0000,256.00
60.0000,60.00
126.0000,126.00
174.0000,174.00
40.0000,40.00
44.0000,44.00
107.5000,107.50
31.0000,31.00
122.0000,122.00
30.0000,30.00
12.5000,12.50
410.0000,410.00
328.0000,328.00
88.0000,88.00
5.0000,5.00
288.0000,288.00
130.0000,130.00
124.0000,124.00
197.5000,197.50
40.0000,40.00
78.0000,78.00
70.0000,70.00
140.0000,140.00
111.0000,111.00
146.0000,146.00
65.0000,65.00
46.5000,46.50
145.0000,145.00
44.0000,44.00
213.5000,213.50
234.5000,234.50
107.5000,107.50
275.0000,275.00
98.0000,98.00
25.0000,25.00
62.0000,62.00
36.5000,36.50
46.5000,46.50
65.0000,65.00
182.0000,182.00
19.0000,19.00
80.0000,80.00
20.0000,20.00
174.0000,174.00
44.0000,44.00
171.5000,171.50
11.0000,11.00
46.5000,46.50
335.0000,335.00
73.5000,73.50
174.0000,174.00
31.0000,31.00
105.0000,105.00
80.0000,80.00
45.5000,45.50
80.0000,80.00
201.0000,201.00
207.0000,207.00
210.0000,210.00
38.0000,38.00
70.0000,70.00
185.0000,185.00
301.5000,301.50
100.5000,100.50
22.0000,22.00
145.0000,145.00
193.5000,193.50
129.5000,129.50
266.0000,266.00
69.0000,69.00
52.0000,52.00
145.0000,145.00
134.0000,134.00
184.0000,184.00
38.0000,38.00
43.0000,43.00
122.0000,122.00
180.0000,180.00
146.0000,146.00
11.0000,11.00
335.0000,335.00
274.5000,274.50
123.0000,123.00
57.0000,57.00
77.5000,77.50
128.0000,128.00
355.5000,355.50
180.0000,180.00
80.0000,80.00
17.0000,17.00
55.5000,55.50
82.5000,82.50
287.0000,287.00
80.0000,80.00
27.5000,27.50
79.0000,79.00
37.5000,37.50
80.0000,80.00
134.0000,134.00
56.0000,56.00
8.0000,8.00
25.0000,25.00
99.0000,99.00
230.0000,230.00
355.5000,355.50
200.0000,200.00
67.0000,67.00
39.5000,39.50
237.0000,237.00
52.0000,52.00
55.5000,55.50
110.0000,110.00
78.0000,78.00
8.0000,8.00
122.0000,122.00
80.0000,80.00
98.0000,98.00
146.0000,146.00
182.0000,182.00
140.0000,140.00
30.0000,30.00
56.0000,56.00
76.0000,76.00
140.0000,140.00
48.0000,48.00
55.0000,55.00
40.0000,40.00
24.0000,24.00
208.0000,208.00
62.5000,62.50
165.0000,165.00
12.5000,12.50
19.5000,19.50
80.0000,80.00
213.5000,213.50
77.5000,77.50
210.0000,210.00
52.0000,52.00
153.0000,153.00
150.5000,150.50
201.0000,201.00
342.0000,342.00
210.0000,210.00
165.0000,165.00
100.5000,100.50
275.0000,275.00
134.0000,134.00
46.5000,46.50
50.0000,50.00
28.0000,28.00
65.0000,65.00
410.0000,410.00
50.0000,50.00
64.0000,64.00
18.5000,18.50
92.0000,92.00
62.5000,62.50
146.0000,146.00
122.0000,122.00
44.0000,44.00
234.0000,234.00
138.0000,138.00
328.0000,328.00
230.0000,230.00
39.0000,39.00
107.5000,107.50
120.0000,120.00
228.0000,228.00
46.5000,46.50
28.5000,28.50
52.0000,52.00
123.0000,123.00
100.5000,100.50
93.0000,93.00
205.0000,205.00
85.5000,85.50
56.0000,56.00
175.0000,175.00
224.0000,224.00
67.0000,67.00
275.0000,275.00
110.0000,110.00
260.0000,260.00
335.0000,335.00
28.5000,28.50
9.5000,9.50
110.0000,110.00
116.0000,116.00
201.0000,201.00
128.0000,128.00
64.5000,64.50
125.0000,125.00
52.0000,52.00
76.0000,76.00
152.0000,152.00
73.0000,73.00
232.0000,232.00
116.0000,116.00
38.0000,38.00
70.0000,70.00
88.0000,88.00
64.5000,64.50
165.0000,165.00
268.0000,268.00
34.0000,34.00
47.5000,47.50
77.5000,77.50
12.5000,12.50
85.5000,85.50
87.5000,87.50
30.5000,30.50
57.0000,57.00
52.0000,52.00
234.5000,234.50
256.0000,256.00
60.0000,60.00
84.0000,84.00
46.5000,46.50
320.0000,320.00
32.0000,32.00
219.0000,219.00
29.0000,29.00
20.0000,20.00
155.0000,155.00
328.0000,328.00
305.0000,305.00
64.0000,64.00
64.0000,64.00
5.0000,5.00
40.0000,40.00
328.0000,328.00
28.5000,28.50
18.5000,18.50
280.0000,280.00
5.0000,5.00
38.0000,38.00
32.0000,32.00
60.0000,60.00
328.5000,328.50
145.0000,145.00
26.0000,26.00
260.0000,260.00
88.0000,88.00
109.5000,109.50
27.5000,27.50
76.0000,76.00
148.0000,148.00
193.5000,193.50
167.5000,167.50
8.0000,8.00
128.0000,128.00
98.0000,98.00
28.5000,28.50
92.0000,92.00
355.5000,355.50
38.0000,38.00
203.0000,203.00
64.0000,64.00
48.0000,48.00
167.5000,167.50
32.5000,32.50
145.0000,145.00
43.0000,43.00
26.0000,26.00
87.5000,87.50
115.0000,115.00
203.0000,203.00
31.0000,31.00
41.0000,41.00
150.5000,150.50
98.0000,98.00
95.0000,95.00
138.0000,138.00
224.0000,224.00
20.0000,20.00
45.5000,45.50
268.0000,268.00
44.0000,44.00
87.0000,87.00
246.0000,246.00
65.0000,65.00
245.0000,245.00
13.0000,13.00
184.0000,184.00
261.0000,261.00
170.0000,170.00
87.0000,87.00
182.0000,182.00
33.0000,33.00
234.0000,234.00
305.0000,305.00
40.0000,40.00
288.0000,288.00
14.0000,14.00
224.0000,224.00
82.5000,82.50
41.0000,41.00
38.0000,38.00
16.0000,16.00
152.0000,152.00
234.0000,234.00
66.0000,66.00
45.5000,45.50
29.0000,29.00
32.0000,32.00
201.0000,201.00
100.5000,100.50
124.0000,124.00
12.5000,12.50
246.0000,246.00
87.0000,87.00
234.5000,234.50
75.0000,75.00
60.0000,60.00
164.0000,164.00
160.0000,160.00
46.5000,46.50
220.5000,220.50
261.0000,261.00
150.5000,150.50
20.0000,20.00
210.0000,210.00
190.0000,190.00
37.5000,37.50
261.0000,261.00
87.5000,87.50
268.0000,268.00
255.5000,255.50
105.0000,105.00
56.0000,56.00
136.0000,136.00
210.0000,210.00
208.0000,208.00
123.0000,123.00
15.0000,15.00
46.5000,46.50
80.0000,80.00
87.0000,87.00
9.5000,9.50
42.0000,42.00
268.0000,268.00
275.0000,275.00
290.0000,290.00
30.5000,30.50
156.0000,156.00
114.0000,114.00
288.0000,288.00
9.5000,9.50
260.0000,260.00
96.0000,96.00
99.0000,99.00
200.0000,200.00
232.0000,232.00
58.0000,58.00
247.5000,247.50
171.5000,171.50
213.5000,213.50
32.5000,32.50
192.0000,192.00
64.5000,64.50
175.0000,175.00
256.0000,256.00
342.0000,342.00
24.5000,24.50
6.5000,6.50
139.5000,139.50
52.0000,52.00
102.0000,102.00
55.0000,55.00
172.0000,172.00
140.0000,140.00
75.0000,75.00
25.0000,25.00
93.0000,93.00
410.0000,410.00
37.0000,37.00
156.0000,156.00
38.0000,38.00
320.0000,320.00
77.5000,77.50
268.0000,268.00
328.5000,328.50
26.0000,26.00
126.0000,126.00
45.5000,45.50
88.0000,88.00
107.5000,107.50
38.0000,38.00
39.5000,39.50
255.5000,255.50
116.0000,116.00
342.0000,342.00
76.0000,76.00
304.0000,304.00
137.5000,137.50
11.0000,11.00
200.0000,200.00
26.0000,26.00
115.0000,115.00
52.0000,52.00
57.0000,57.00
17.0000,17.00
76.0000,76.00
38.0000,38.00
33.0000,33.00
68.0000,68.00
350.0000,350.00
290.0000,290.00
12.5000,12.50
51.0000,51.00
280.0000,280.00
30.0000,30.00
220.0000,220.00
57.0000,57.00
82.5000,82.50
224.0000,224.00
19.5000,19.50
49.0000,49.00
305.0000,305.00
69.0000,69.00
140.0000,140.00
161.0000,161.00
246.0000,246.00
134.0000,134.00
24.5000,24.50
112.5000,112.50
31.0000,31.00
167.5000,167.50
139.5000,139.50
350.0000,350.00
192.0000,192.00
164.0000,164.00
96.0000,96.00
395.0000,395.00
46.0000,46.00
172.0000,172.00
119.0000,119.00
78.0000,78.00
41.0000,41.00
77.0000,77.00
57.0000,57.00
304.0000,304.00
146.0000,146.00
100.5000,100.50
335.0000,335.00
23.0000,23.00
274.5000,274.50
76.0000,76.00
112.5000,112.50
112.0000,112.00
69.0000,69.00
22.0000,22.00
201.0000,201.00
77.0000,77.00
75.0000,75.00
172.0000,172.00
70.0000,70.00
290.0000,290.00
40.0000,40.00
145.0000,145.00
174.0000,174.00
62.5000,62.50
268.0000,268.00
26.0000,26.00
192.0000,192.00
21.5000,21.50
160.0000,160.00
230.0000,230.00
91.5000,91.50
13.0000,13.00
36.5000,36.50
232.0000,232.00
232.0000,232.00
93.0000,93.00
85.0000,85.00
25.0000,25.00
150.5000,150.50
35.0000,35.00
87.0000,87.00
105.0000,105.00
60.0000,60.00
167.5000,167.50
26.0000,26.00
137.5000,137.50
234.0000,234.00
37.5000,37.50
280.0000,280.00
180.0000,180.00
69.0000,69.00
41.0000,41.00
102.0000,102.00
118.5000,118.50
29.0000,29.00
15.5000,15.50
165.0000,165.00
15.5000,15.50
183.0000,183.00
88.0000,88.00
49.0000,49.00
196.0000,196.00
99.0000,99.00
410.0000,410.00
246.0000,246.00
190.0000,190.00
112.5000,112.50
42.0000,42.00
205.0000,205.00
11.0000,11.00
36.5000,36.50
255.5000,255.50
58.0000,58.00
119.0000,119.00
55.0000,55.00
30.0000,30.00
197.5000,197.50
30.5000,30.50
17.0000,17.00
43.0000,43.00
268.0000,268.00
20.0000,20.00
316.0000,316.00
109.5000,109.50
70.0000,70.00
49.0000,49.00
112.0000,112.00
5.0000,5.00
287.0000,287.00
38.0000,38.00
153.0000,153.00
64.5000,64.50
112.5000,112.50
288.0000,288.00
88.0000,88.00
79.0000,79.00
305.0000,305.00
39.5000,39.50
58.0000,58.00
32.5000,32.50
215.0000,215.00
77.0000,77.00
320.0000,320.00
320.0000,320.00
122.5000,122.50
213.5000,213.50
110.0000,110.00
365.0000,365.00
35.0000,35.00
172.0000,172.00
114.0000,114.00
369.0000,369.00
43.0000,43.00
120.0000,120.00
304.0000,304.00
224.0000,224.00
87.5000,87.50
24.5000,24.50
126.0000,126.00
51.0000,51.00
123.0000,123.00
80.0000,80.00
57.0000,57.00
87.5000,87.50
107.5000,107.50
55.0000,55.00
292.0000,292.00
77.0000,77.00
44.0000,44.00
174.0000,174.00
193.5000,193.50
145.0000,145.00
123.0000,123.00
76.0000,76.00
109.5000,109.50
130.0000,130.00
44.0000,44.00
105.0000,105.00
146.0000,146.00
39.0000,39.00
5.0000,5.00
175.0000,175.00
100.0000,100.00
30.5000,30.50
32.5000,32.50
119.0000,119.00
184.0000,184.00
305.0000,305.00
76.0000,76.00
19.5000,19.50
20.0000,20.00
232.0000,232.00
76.0000,76.00
234.5000,234.50
246.0000,246.00
245.0000,245.00
182.5000,182.50
44.0000,44.00
164.0000,164.00
148.0000,148.00
230.0000,230.00
224.0000,224.00
60.0000,60.00
161.0000,161.00
85.0000,85.00
230.0000,230.00
137.5000,137.50
210.0000,210.00
268.0000,268.00
167.5000,167.50
140.0000,140.00
77.5000,77.50
410.0000,410.00
46.5000,46.50
85.5000,85.50
104.0000,104.00
109.5000,109.50
207.0000,207.00
100.5000,100.50
73.0000,73.00
137.5000,137.50
82.5000,82.50
245.0000,245.00
62.5000,62.50
40.0000,40.00
57.0000,57.00
104.0000,104.00
67.0000,67.00
380.0000,380.00
112.5000,112.50
155.0000,155.00
160.0000,160.00
234.5000,234.50
234.0000,234.00
24.5000,24.50
139.5000,139.50
20.0000,20.00
37.5000,37.50
247.5000,247.50
335.0000,335.00
260.0000,260.00
48.0000,48.00
45.0000,45.00
150.5000,150.50
62.0000,62.00
31.0000,31.00
50.0000,50.00
275.0000,275.00
73.0000,73.00
112.0000,112.00
215.0000,215.00
66.5000,66.50
26.0000,26.00
82.0000,82.00
30.0000,30.00
230.0000,230.00
119.0000,119.00
153.0000,153.00
100.5000,100.50
87.0000,87.00
80.0000,80.00
40.0000,40.00
32.5000,32.50
255.5000,255.50
140.0000,140.00
74.0000,74.00
275.0000,275.00
43.0000,43.00
160.0000,160.00
316.0000,316.00
37.5000,37.50
80.0000,80.00
129.0000,129.00
153.0000,153.00
152.5000,152.50
82.5000,82.50
230.0000,230.00
124.0000,124.00
82.5000,82.50
19.0000,19.00
182.0000,182.00
410.0000,410.00
172.0000,172.00
200.0000,200.00
201.0000,201.00
21.5000,21.50
182.0000,182.00
156.0000,156.00
77.5000,77.50
26.0000,26.00
75.0000,75.00
37.0000,37.00
335.0000,335.00
20.0000,20.00
88.0000,88.00
45.5000,45.50
335.0000,335.00
87.0000,87.00
20.0000,20.00
26.0000,26.00
395.0000,395.00
5.0000,5.00
58.5000,58.50
183.0000,183.00
42.0000,42.00
123.0000,123.00
77.0000,77.00
33.0000,33.00
220.0000,220.00
100.0000,100.00
46.5000,46.50
335.0000,335.00
28.5000,28.50
237.0000,237.00
180.0000,180.00
185.0000,185.00
52.0000,52.00
288.0000,288.00
88.0000,88.00
39.0000,39.00
165.0000,165.00
304.0000,304.00
395.0000,395.00
67.0000,67.00
152.5000,152.50
208.0000,208.00
124.0000,124.00
82.5000,82.50
190.0000,190.00
219.0000,219.00
25.0000,25.00
41.0000,41.00
85.5000,85.50
56.0000,56.00
77.0000,77.00
43.0000,43.00
40.0000,40.00
175.0000,175.00
99.0000,99.00
15.0000,15.00
100.5000,100.50
196.0000,196.00
87.0000,87.00
220.5000,220.50
60.0000,60.00
275.0000,275.00
64.0000,64.00
123.0000,123.00
77.5000,77.50
234.5000,234.50
39.5000,39.50
100.0000,100.00
104.0000,104.00
47.5000,47.50
40.0000,40.00
196.0000,196.00
14.0000,14.00
58.5000,58.50
20.0000,20.00
98.0000,98.00
369.0000,369.00
208.0000,208.00
137.5000,137.50
112.5000,112.50
170.0000,170.00
55.0000,55.00
185.0000,185.00
82.5000,82.50
50.0000,50.00
82.0000,82.00
110.0000,110.00
66.5000,66.50
129.0000,129.00
32.0000,32.00
136.0000,136.00
160.0000,160.00
47.5000,47.50
207.0000,207.00
38.0000,38.00
39.5000,39.50
96.0000,96.00
287.0000,287.00
25.0000,25.00
174.0000,174.00
208.0000,208.00
275.0000,275.00
112.5000,112.50
33.5000,33.50
33.5000,33.50
180.0000,180.00
244.0000,244.00
122.0000,122.00
315.0000,315.00
42.0000,42.00
87.5000,87.50
161.0000,161.00
100.5000,100.50
164.0000,164.00
60.0000,60.00
119.0000,119.00
25.0000,25.00
76.0000,76.00
116.0000,116.00
27.5000,27.50
124.0000,124.00
25.0000,25.00
410.0000,410.00
98.0000,98.00
52.0000,52.00
56.0000,56.00
5.0000,5.00
21.5000,21.50
55.0000,55.00
40.0000,40.00
80.0000,80.00
6.5000,6.50
74.0000,74.00
82.0000,82.00
174.0000,174.00
15.0000,15.00
369.0000,369.00
78.0000,78.00
355.5000,355.50
165.0000,165.00
99.0000,99.00
62.5000,62.50
126.0000,126.00
77.5000,77.50
40.0000,40.00
215.0000,215.00
77.5000,77.50
152.5000,152.50
328.0000,328.00
73.5000,73.50
130.0000,130.00
192.5000,192.50
112.5000,112.50
70.0000,70.00
190.0000,190.00
100.5000,100.50
145.0000,145.00
87.0000,87.00
42.0000,42.00
62.5000,62.50
92.0000,92.00
22.0000,22.00
75.0000,75.00
201.0000,201.00
24.0000,24.00
122.5000,122.50
112.0000,112.00
128.0000,128.00
64.0000,64.00
111.0000,111.00
40.0000,40.00
301.5000,301.50
80.0000,80.00
38.0000,38.00
369.0000,369.00
268.0000,268.00
105.0000,105.00
99.0000,99.00
77.0000,77.00
10.0000,10.00
201.0000,201.00
395.0000,395.00
80.0000,80.00
13.0000,13.00
124.0000,124.00
66.0000,66.00
275.0000,275.00
60.0000,60.00
16.0000,16.00
365.0000,365.00
46.5000,46.50
320.0000,320.00
52.0000,52.00
43.0000,43.00
31.0000,31.00
365.0000,365.00
38.0000,38.00
15.5000,15.50
342.0000,342.00
125.0000,125.00
84.0000,84.00
213.5000,213.50
29.0000,29.00
126.0000,126.00
100.0000,100.00
67.0000,67.00
56.0000,56.00
38.0000,38.00
350.0000,350.00
49.0000,49.00
228.0000,228.00
55.5000,55.50
140.0000,140.00
196.0000,196.00
126.0000,126.00
123.0000,123.00
160.0000,160.00
192.0000,192.00
80.0000,80.00
129.0000,129.00
208.0000,208.00
38.0000,38.00
52.0000,52.00
75.0000,75.00
320.0000,320.00
86.0000,86.00
40.0000,40.00
37.0000,37.00
201.0000,201.00
32.5000,32.50
287.0000,287.00
40.0000,40.00
342.0000,342.00
28.0000,28.00
75.0000,75.00
40.0000,40.00
190.0000,190.00
275.0000,275.00
193.5000,193.50
167.5000,167.50
129.0000,129.00
55.0000,55.00
110.0000,110.00
234.0000,234.00
175.0000,175.00
129.0000,129.00
180.0000,180.00
93.0000,93.00
37.5000,37.50
100.5000,100.50
335.0000,335.00
24.0000,24.00
23.0000,23.00
26.0000,26.00
205.0000,205.00
66.5000,66.50
38.0000,38.00
109.5000,109.50
156.0000,156.00
25.0000,25.00
184.0000,184.00
25.0000,25.00
26.0000,26.00
207.0000,207.00
247.5000,247.50
43.0000,43.00
268.0000,268.00
6.5000,6.50
44.0000,44.00
146.0000,146.00
39.0000,39.00
112.5000,112.50
190.0000,190.00
208.0000,208.00
185.0000,185.00
164.0000,164.00
38.0000,38.00
39.5000,39.50
172.0000,172.00
369.0000,369.00
301.5000,301.50
31.0000,31.00
116.0000,116.00
268.0000,268.00
129.0000,129.00
115.0000,115.00
256.0000,256.00
170.0000,170.00
219.0000,219.00
100.0000,100.00
246.0000,246.00
75.0000,75.00
152.0000,152.00
182.0000,182.00
122.0000,122.00
37.5000,37.50
171.5000,171.50
65.0000,65.00
18.5000,18.50
16.0000,16.00
76.0000,76.00
237.0000,237.00
100.5000,100.50
328.0000,328.00
67.0000,67.00
138.0000,138.00
21.5000,21.50
184.0000,184.00
48.0000,48.00
224.0000,224.00
237.0000,237.00
147.0000,147.00
174.0000,174.00
118.5000,118.50
35.0000,35.00
139.5000,139.50
261.0000,261.00
39.0000,39.00
201.0000,201.00
129.0000,129.00
93.0000,93.00
56.0000,56.00
192.5000,192.50
99.0000,99.00
56.0000,56.00
256.0000,256.00
109.5000,109.50
275.0000,275.00
245.0000,245.00
213.5000,213.50
24.0000,24.00
72.0000,72.00
115.0000,115.00
153.0000,153.00
122.0000,122.00
55.0000,55.00
124.0000,124.00
67.0000,67.00
52.0000,52.00
88.0000,88.00
230.0000,230.00
92.0000,92.00
328.5000,328.50
219.0000,219.00
86.0000,86.00
208.0000,208.00
11.0000,11.00
68.0000,68.00
220.5000,220.50
21.5000,21.50
275.0000,275.00
24.5000,24.50
62.0000,62.00
245.0000,245.00
57.0000,57.00
33.0000,33.00
180.0000,180.00
234.5000,234.50
31.0000,31.00
123.0000,123.00
46.5000,46.50
73.5000,73.50
11.0000,11.00
39.0000,39.00
70.0000,70.00
244.0000,244.00
70.0000,70.00
100.0000,100.00
87.5000,87.50
26.0000,26.00
234.0000,234.00
28.0000,28.00
316.0000,316.00
380.0000,380.00
304.0000,304.00
160.0000,160.00
328.5000,328.50
228.0000,228.00
27.5000,27.50
33.5000,33.50
58.5000,58.50
95.0000,95.00
38.0000,38.00
315.0000,315.00
21.5000,21.50
80.0000,80.00
165.0000,165.00
92.0000,92.00
55.0000,55.00
98.0000,98.00
17.0000,17.00
15.5000,15.50
161.0000,161.00
99.0000,99.00
124.0000,124.00
107.5000,107.50
46.5000,46.50
280.0000,280.00
19.5000,19.50
192.0000,192.00
52.0000,52.00
247.5000,247.50
77.0000,77.00
32.0000,32.00
60.0000,60.00
21.5000,21.50
50.0000,50.00
114.0000,114.00
180.0000,180.00
260.0000,260.00
99.0000,99.00
61.0000,61.00
123.0000,123.00
23.0000,23.00
60.0000,60.00
130.0000,130.00
112.5000,112.50
192.5000,192.50
192.5000,192.50
58.0000,58.00
328.0000,328.00
72.0000,72.00
86.0000,86.00
205.0000,205.00
82.0000,82.00
86.0000,86.00
52.0000,52.00
67.0000,67.00
35.0000,35.00
87.5000,87.50
73.5000,73.50
118.5000,118.50
380.0000,380.00
100.0000,100.00
276.5000,276.50
32.0000,32.00
70.0000,70.00
185.0000,185.00
112.0000,112.00
232.0000,232.00
156.0000,156.00
102.0000,102.00
69.0000,69.00
134.0000,134.00
261.0000,261.00
116.0000,116.00
109.5000,109.50
76.0000,76.00
15.5000,15.50
130.0000,130.00
246.0000,246.00
37.0000,37.00
55.0000,55.00
110.0000,110.00
147.0000,147.00
247.5000,247.50
203.0000,203.00
268.0000,268.00
36.5000,36.50
46.5000,46.50
287.0000,287.00
120.0000,120.00
137.5000,137.50
140.0000,140.00
276.5000,276.50
31.0000,31.00
41.0000,41.00
328.5000,328.50
19.0000,19.00
246.0000,246.00
33.5000,33.50
73.0000,73.00
80.0000,80.00
96.0000,96.00
73.0000,73.00
87.0000,87.00
110.0000,110.00
12.5000,12.50
395.0000,395.00
82.0000,82.00
328.5000,328.50
43.0000,43.00
172.0000,172.00
67.0000,67.00
150.5000,150.50
9.5000,9.50
26.0000,26.00
93.0000,93.00
164.0000,164.00
58.0000,58.00
32.0000,32.00
26.0000,26.00
98.0000,98.00
25.0000,25.00
41.0000,41.00
50.0000,50.00
201.0000,201.00
70.0000,70.00
75.0000,75.00
87.5000,87.50
13.0000,13.00
87.0000,87.00
276.5000,276.50
160.0000,160.00
380.0000,380.00
55.5000,55.50
64.5000,64.50
50.0000,50.00
160.0000,160.00
77.5000,77.50
33.5000,33.50
255.5000,255.50
328.5000,328.50
75.0000,75.00
193.5000,193.50
66.0000,66.00
9.5000,9.50
355.5000,355.50
165.0000,165.00
146.0000,146.00
116.0000,116.00
68.0000,68.00
116.0000,116.00
123.0000,123.00
6.5000,6.50
38.0000,38.00
39.0000,39.00
122.5000,122.50
316.0000,316.00
130.0000,130.00
365.0000,365.00
228.0000,228.00
40.0000,40.00
183.0000,183.00
290.0000,290.00
32.5000,32.50
40.0000,40.00
21.5000,21.50
200.0000,200.00
105.0000,105.00
65.0000,65.00
26.0000,26.00
102.0000,102.00
215.0000,215.00
19.0000,19.00
210.0000,210.00
130.0000,130.00
140.0000,140.00
76.0000,76.00
82.5000,82.50
19.5000,19.50
208.0000,208.00
274.5000,274.50
192.5000,192.50
77.0000,77.00
320.0000,320.00
140.0000,140.00
205.0000,205.00
88.0000,88.00
73.0000,73.00
20.0000,20.00
280.0000,280.00
184.0000,184.00
37.5000,37.50
14.0000,14.00
29.0000,29.00
380.0000,380.00
124.0000,124.00
23.0000,23.00
304.0000,304.00
172.0000,172.00
234.0000,234.00
115.0000,115.00
42.0000,42.00
237.0000,237.00
30.5000,30.50
69.0000,69.00
237.0000,237.00
95.0000,95.00
45.5000,45.50
80.0000,80.00
268.0000,268.00
193.5000,193.50
30.0000,30.00
26.0000,26.00
230.0000,230.00
68.0000,68.00
139.5000,139.50
232.0000,232.00
64.0000,64.00
19.5000,19.50
320.0000,320.00
342.0000,342.00
75.0000,75.00
100.0000,100.00
15.0000,15.00
110.0000,110.00
51.0000,51.00
138.0000,138.00
207.0000,207.00
55.0000,55.00
145.0000,145.00
140.0000,140.00
88.0000,88.00
73.0000,73.00
85.0000,85.00
274.5000,274.50
27.5000,27.50
28.0000,28.00
66.0000,66.00
160.0000,160.00
224.0000,224.00
49.0000,49.00
60.0000,60.00
40.0000,40.00
155.0000,155.00
288.0000,288.00
130.0000,130.00
85.5000,85.50
196.0000,196.00
10.0000,10.00
76.0000,76.00
268.0000,268.00
112.5000,112.50
50.0000,50.00
114.0000,114.00
75.0000,75.00
395.0000,395.00
84.0000,84.00
50.0000,50.00
64.5000,64.50
200.0000,200.00
82.5000,82.50
292.0000,292.00
17.0000,17.00
305.0000,305.00
38.0000,38.00
57.0000,57.00
73.5000,73.50
86.0000,86.00
21.5000,21.50
182.5000,182.50
39.5000,39.50
174.0000,174.00
210.0000,210.00
328.5000,328.50
21.5000,21.50
24.5000,24.50
41.0000,41.00
15.5000,15.50
192.0000,192.00
77.0000,77.00
69.0000,69.00
125.0000,125.00
72.0000,72.00
32.0000,32.00
56.0000,56.00
49.0000,49.00
205.0000,205.00
174.0000,174.00
26.0000,26.00
30.0000,30.00
237.0000,237.00
160.0000,160.00
39.0000,39.00
73.5000,73.50
72.0000,72.00
24.0000,24.00
40.0000,40.00
60.0000,60.00
129.0000,129.00
62.0000,62.00
67.0000,67.00
112.0000,112.00
52.0000,52.00
193.5000,193.50
130.0000,130.00
328.0000,328.00
70.0000,70.00
116.0000,116.00
58.5000,58.50
158.0000,158.00
33.0000,33.00
120.0000,120.00
84.0000,84.00
91.5000,91.50
147.0000,147.00
114.0000,114.00
21.5000,21.50
104.0000,104.00
266.0000,266.00
95.0000,95.00
180.0000,180.00
122.5000,122.50
13.0000,13.00
85.5000,85.50
328.5000,328.50
87.0000,87.00
328.0000,328.00
88.0000,88.00
65.0000,65.00
100.5000,100.50
232.0000,232.00
290.0000,290.00
255.5000,255.50
34.0000,34.00
52.0000,52.00
196.0000,196.00
78.0000,78.00
128.0000,128.00
244.0000,244.00
19.5000,19.50
93.0000,93.00
25.0000,25.00
234.5000,234.50
110.0000,110.00
342.0000,342.00
184.0000,184.00
275.0000,275.00
128.0000,128.00
232.0000,232.00
61.0000,61.00
247.5000,247.50
92.5000,92.50
57.0000,57.00
261.0000,261.00
84.0000,84.00
115.0000,115.00
77.0000,77.00
150.5000,150.50
50.0000,50.00
75.0000,75.00
118.5000,118.50
116.0000,116.00
380.0000,380.00
66.0000,66.00
20.0000,20.00
288.0000,288.00
153.0000,153.00
28.0000,28.00
261.0000,261.00
31.0000,31.00
28.5000,28.50
245.0000,245.00
369.0000,369.00
25.0000,25.00
87.5000,87.50
82.0000,82.00
201.0000,201.00
160.0000,160.00
153.0000,153.00
119.0000,119.00
150.5000,150.50
98.0000,98.00
12.5000,12.50
315.0000,315.00
207.0000,207.00
120.0000,120.00
96.0000,96.00
64.0000,64.00
22.0000,22.00
80.0000,80.00
82.0000,82.00
107.5000,107.50
17.0000,17.00
147.0000,147.00
260.0000,260.00
64.0000,64.00
61.0000,61.00
156.0000,156.00
87.5000,87.50
62.5000,62.50
156.0000,156.00
155.0000,155.00
38.0000,38.00
64.0000,64.00
190.0000,190.00
29.0000,29.00
350.0000,350.00
180.0000,180.00
49.0000,49.00
245.0000,245.00
30.0000,30.00
61.0000,61.00
30.0000,30.00
76.0000,76.00
91.5000,91.50
28.5000,28.50
224.0000,224.00
120.0000,120.00
70.0000,70.00
112.0000,112.00
292.0000,292.00
156.0000,156.00
266.0000,266.00
220.5000,220.50
40.0000,40.00
69.0000,69.00
87.5000,87.50
80.0000,80.00
100.5000,100.50
164.0000,164.00
234.0000,234.00
171.5000,171.50
33.5000,33.50
18.5000,18.50
57.0000,57.00
85.5000,85.50
328.5000,328.50
88.0000,88.00
138.0000,138.00
288.0000,288.00
161.0000,161.00
29.0000,29.00
37.0000,37.00
36.5000,36.50
12.5000,12.50
228.0000,228.00
60.0000,60.00
108.5000,108.50
190.0000,190.00
52.0000,52.00
200.0000,200.00
260.0000,260.00
40.0000,40.00
85.5000,85.50
140.0000,140.00
410.0000,410.00
64.0000,64.00
104.0000,104.00
45.5000,45.50
335.0000,335.00
52.0000,52.00
40.0000,40.00
112.0000,112.00
115.0000,115.00
69.0000,69.00
67.0000,67.00
93.0000,93.00
14.0000,14.00
175.0000,175.00
140.0000,140.00
220.5000,220.50
25.0000,25.00
219.0000,219.00
116.0000,116.00
167.5000,167.50
29.0000,29.00
316.0000,316.00
93.0000,93.00
110.0000,110.00
167.5000,167.50
32.0000,32.00
29.0000,29.00
160.0000,160.00
180.0000,180.00
208.0000,208.00
266.0000,266.00
18.5000,18.50
192.5000,192.50
207.0000,207.00
33.0000,33.00
139.5000,139.50
124.0000,124.00
182.5000,182.50
41.0000,41.00
156.0000,156.00
230.0000,230.00
200.0000,200.00
68.0000,68.00
110.0000,110.00
56.0000,56.00
42.0000,42.00
100.0000,100.00
355.5000,355.50
82.0000,82.00
78.0000,78.00
316.0000,316.00
86.0000,86.00
58.5000,58.50
292.0000,292.00
123.0000,123.00
76.0000,76.00
20.0000,20.00
244.0000,244.00
369.0000,369.00
32.5000,32.50
100.5000,100.50
256.0000,256.00
245.0000,245.00
134.0000,134.00
182.0000,182.00
91.5000,91.50
213.5000,213.50
100.0000,100.00
140.0000,140.00
224.0000,224.00
114.0000,114.00
39.0000,39.00
64.0000,64.00
261.0000,261.00
232.0000,232.00
72.0000,72.00
125.0000,125.00
43.0000,43.00
335.0000,335.00
328.0000,328.00
64.5000,64.50
100.0000,100.00
137.5000,137.50
172.0000,172.00
56.0000,56.00
197.5000,197.50
146.0000,146.00
62.5000,62.50
196.0000,196.00
328.5000,328.50
228.0000,228.00
23.0000,23.00
266.0000,266.00
165.0000,165.00
55.0000,55.00
100.0000,100.00
220.5000,220.50
172.0000,172.00
67.0000,67.00
92.5000,92.50
37.0000,37.00
69.0000,69.00
66.5000,66.50
64.0000,64.00
58.0000,58.00
50.0000,50.00
61.0000,61.00
69.0000,69.00
64.5000,64.50
124.0000,124.00
107.5000,107.50
9.5000,9.50
234.5000,234.50
58.5000,58.50
174.0000,174.00
20.0000,20.00
58.5000,58.50
129.0000,129.00
47.5000,47.50
115.0000,115.00
112.5000,112.50
115.0000,115.00
287.0000,287.00
43.0000,43.00
152.5000,152.50
140.0000,140.00
210.0000,210.00
182.0000,182.00
24.0000,24.00
80.0000,80.00
23.0000,23.00
152.0000,152.00
19.0000,19.00
205.0000,205.00
126.0000,126.00
100.5000,100.50
287.0000,287.00
38.0000,38.00
182.0000,182.00
21.5000,21.50
19.5000,19.50
33.5000,33.50
40.0000,40.00
245.0000,245.00
256.0000,256.00
48.0000,48.00
15.5000,15.50
328.5000,328.50
42.0000,42.00
328.0000,328.00
205.0000,205.00
12.5000,12.50
64.0000,64.00
112.0000,112.00
160.0000,160.00
208.0000,208.00
43.0000,43.00
120.0000,120.00
220.0000,220.00
180.0000,180.00
35.0000,35.00
155.0000,155.00
19.0000,19.00
137.5000,137.50
305.0000,305.00
38.0000,38.00
100.5000,100.50
92.5000,92.50
136.0000,136.00
182.5000,182.50
42.0000,42.00
8.0000,8.00
55.0000,55.00
67.0000,67.00
19.5000,19.50
196.0000,196.00
100.0000,100.00
137.5000,137.50
87.0000,87.00
180.0000,180.00
395.0000,395.00
69.0000,69.00
410.0000,410.00
145.0000,145.00
26.0000,26.00
61.0000,61.00
268.0000,268.00
6.5000,6.50
62.5000,62.50
87.5000,87.50
167.5000,167.50
77.0000,77.00
328.0000,328.00
17.0000,17.00
150.5000,150.50
32.0000,32.00
148.0000,148.00
100.5000,100.50
47.5000,47.50
11.0000,11.00
120.0000,120.00
126.0000,126.00
119.0000,119.00
138.0000,138.00
196.0000,196.00
185.0000,185.00
88.0000,88.00
215.0000,215.00
84.0000,84.00
60.0000,60.00
328.0000,328.00
22.0000,22.00
335.0000,335.00
268.0000,268.00
160.0000,160.00
230.0000,230.00
207.0000,207.00
55.0000,55.00
350.0000,350.00
128.0000,128.00
158.0000,158.00
111.0000,111.00
38.0000,38.00
220.0000,220.00
20.0000,20.00
40.0000,40.00
66.0000,66.00
255.5000,255.50
139.5000,139.50
220.0000,220.00
197.5000,197.50
32.0000,32.00
32.0000,32.00
112.5000,112.50
8.0000,8.00
320.0000,320.00
210.0000,210.00
23.0000,23.00
85.5000,85.50
102.0000,102.00
156.0000,156.00
180.0000,180.00
23.0000,23.00
58.0000,58.00
31.0000,31.00
82.0000,82.00
276.5000,276.50
98.0000,98.00
128.0000,128.00
19.5000,19.50
232.0000,232.00
197.5000,197.50
268.0000,268.00
335.0000,335.00
160.0000,160.00
119.0000,119.00
134.0000,134.00
129.5000,129.50
305.0000,305.00
120.0000,120.00
167.5000,167.50
170.0000,170.00
116.0000,116.00
107.5000,107.50
87.0000,87.00
57.0000,57.00
11.0000,11.00
328.5000,328.50
80.0000,80.00
287.0000,287.00
40.0000,40.00
124.0000,124.00
197.5000,197.50
73.0000,73.00
107.5000,107.50
150.5000,150.50
57.0000,57.00
200.0000,200.00
145.0000,145.00
28.5000,28.50
32.0000,32.00
49.0000,49.00
72.0000,72.00
246.0000,246.00
37.5000,37.50
139.5000,139.50
116.0000,116.00
122.0000,122.00
207.0000,207.00
25.0000,25.00
26.0000,26.00
30.5000,30.50
244.0000,244.00
25.0000,25.00
180.0000,180.00
237.0000,237.00
84.0000,84.00
369.0000,369.00
21.5000,21.50
152.0000,152.00
266.0000,266.00
230.0000,230.00
208.0000,208.00
116.0000,116.00
88.0000,88.00
290.0000,290.00
49.0000,49.00
116.0000,116.00
55.0000,55.00
244.0000,244.00
62.0000,62.00
255.5000,255.50
152.5000,152.50
33.5000,33.50
137.5000,137.50
47.5000,47.50
34.0000,34.00
320.0000,320.00
200.0000,200.00
44.0000,44.00
365.0000,365.00
207.0000,207.00
130.0000,130.00
8.0000,8.00
14.0000,14.00
99.0000,99.00
122.0000,122.00
16.0000,16.00
342.0000,342.00
66.5000,66.50
288.0000,288.00
27.5000,27.50
192.0000,192.00
175.0000,175.00
58.0000,58.00
88.0000,88.00
122.5000,122.50
150.5000,150.50
42.0000,42.00
246.0000,246.00
10.0000,10.00
55.0000,55.00
32.0000,32.00
183.0000,183.00
350.0000,350.00
33.0000,33.00
138.0000,138.00
25.0000,25.00
6.5000,6.50
260.0000,260.00
67.0000,67.00
245.0000,245.00
185.0000,185.00
82.0000,82.00
47.5000,47.50
28.0000,28.00
288.0000,288.00
33.0000,33.00
28.0000,28.00
64.0000,64.00
99.0000,99.00
65.0000,65.00
39.0000,39.00
304.0000,304.00
256.0000,256.00
138.0000,138.00
66.0000,66.00
28.5000,28.50
21.5000,21.50
234.5000,234.50
193.5000,193.50
42.0000,42.00
95.0000,95.00
110.0000,110.00
112.5000,112.50
30.0000,30.00
320.0000,320.00
230.0000,230.00
99.0000,99.00
65.0000,65.00
66.0000,66.00
25.0000,25.00
355.5000,355.50
287.0000,287.00
6.5000,6.50
172.0000,172.00
25.0000,25.00
79.0000,79.00
56.0000,56.00
147.0000,147.00
112.0000,112.00
22.0000,22.00
39.0000,39.00
64.0000,64.00
110.0000,110.00
247.5000,247.50
276.5000,276.50
87.0000,87.00
147.0000,147.00
234.0000,234.00
45.0000,45.00
60.0000,60.00
60.0000,60.00
43.0000,43.00
109.5000,109.50
107.5000,107.50
268.0000,268.00
38.0000,38.00
85.5000,85.50
228.0000,228.00
19.5000,19.50
192.0000,192.00
172.0000,172.00
105.0000,105.00
304.0000,304.00
11.0000,11.00
109.5000,109.50
245.0000,245.00
213.5000,213.50
290.0000,290.00
183.0000,183.00
276.5000,276.50
66.5000,66.50
152.5000,152.50
129.0000,129.00
35.0000,35.00
304.0000,304.00
25.0000,25.00
13.0000,13.00
190.0000,190.00
31.0000,31.00
14.0000,14.00
93.0000,93.00
128.0000,128.00
6.5000,6.50
180.0000,180.00
328.0000,328.00
77.0000,77.00
25.0000,25.00
108.5000,108.50
51.0000,51.00
192.0000,192.00
28.0000,28.00
328.0000,328.00
111.0000,111.00
78.0000,78.00
301.5000,301.50
152.0000,152.00
147.0000,147.00
190.0000,190.00
24.0000,24.00
19.0000,19.00
15.0000,15.00
60.0000,60.00
166.5000,166.50
139.5000,139.50
33.5000,33.50
37.0000,37.00
25.0000,25.00
328.0000,328.00
52.0000,52.00
77.5000,77.50
174.0000,174.00
20.0000,20.00
129.5000,129.50
155.0000,155.00
76.0000,76.00
34.0000,34.00
167.5000,167.50
64.0000,64.00
200.0000,200.00
171.5000,171.50
184.0000,184.00
114.0000,114.00
192.0000,192.00
40.0000,40.00
137.5000,137.50
48.0000,48.00
342.0000,342.00
115.0000,115.00
74.0000,74.00
237.0000,237.00
167.5000,167.50
65.0000,65.00
80.0000,80.00
9.5000,9.50
27.5000,27.50
171.5000,171.50
87.0000,87.00
205.0000,205.00
46.0000,46.00
208.0000,208.00
328.0000,328.00
80.0000,80.00
77.5000,77.50
62.5000,62.50
276.5000,276.50
50.0000,50.00
82.0000,82.00
220.0000,220.00
108.5000,108.50
82.0000,82.00
8.0000,8.00
11.0000,11.00
75.0000,75.00
335.0000,335.00
280.0000,280.00
107.5000,107.50
220.5000,220.50
112.0000,112.00
18.5000,18.50
205.0000,205.00
164.0000,164.00
156.0000,156.00
152.0000,152.00
64.0000,64.00
114.0000,114.00
134.0000,134.00
301.5000,301.50
82.0000,82.00
116.0000,116.00
82.5000,82.50
24.5000,24.50
200.0000,200.00
62.0000,62.00
29.0000,29.00
42.0000,42.00
28.0000,28.00
138.0000,138.00
95.0000,95.00
124.0000,124.00
93.0000,93.00
192.5000,192.50
55.0000,55.00
208.0000,208.00
45.5000,45.50
85.5000,85.50
328.0000,328.00
275.0000,275.00
192.0000,192.00
11.0000,11.00
26.0000,26.00
69.0000,69.00
200.0000,200.00
119.0000,119.00
219.0000,219.00
266.0000,266.00
41.0000,41.00
266.0000,266.00
129.5000,129.50
16.0000,16.00
100.5000,100.50
139.5000,139.50
88.0000,88.00
22.0000,22.00
395.0000,395.00
232.0000,232.00
99.0000,99.00
155.0000,155.00
365.0000,365.00
100.5000,100.50
140.0000,140.00
237.0000,237.00
10.0000,10.00
219.0000,219.00
287.0000,287.00
220.5000,220.50
256.0000,256.00
50.0000,50.00
33.5000,33.50
124.0000,124.00
39.5000,39.50
91.5000,91.50
29.0000,29.00
180.0000,180.00
70.0000,70.00
192.5000,192.50
44.0000,44.00
27.5000,27.50
69.0000,69.00
49.0000,49.00
51.0000,51.00
52.0000,52.00
35.0000,35.00
32.0000,32.00
161.0000,161.00
77.0000,77.00
165.0000,165.00
95.0000,95.00
8.0000,8.00
76.0000,76.00
247.5000,247.50
164.0000,164.00
292.0000,292.00
110.0000,110.00
355.5000,355.50
24.0000,24.00
167.5000,167.50
76.0000,76.00
156.0000,156.00
35.0000,35.00
37.0000,37.00
365.0000,365.00
287.0000,287.00
150.5000,150.50
36.5000,36.50
66.0000,66.00
19.0000,19.00
92.0000,92.00
100.0000,100.00
112.5000,112.50
6.5000,6.50
70.0000,70.00
15.5000,15.50
215.0000,215.00
72.0000,72.00
290.0000,290.00
66.5000,66.50
124.0000,124.00
123.0000,123.00
192.5000,192.50
48.0000,48.00
246.0000,246.00
200.0000,200.00
304.0000,304.00
21.5000,21.50
25.0000,25.00
130.0000,130.00
70.0000,70.00
164.0000,164.00
167.5000,167.50
21.5000,21.50
174.0000,174.00
160.0000,160.00
93.0000,93.00
47.5000,47.50
105.0000,105.00
52.0000,52.00
35.0000,35.00
13.0000,13.00
33.5000,33.50
234.5000,234.50
15.5000,15.50
328.0000,328.00
95.0000,95.00
12.5000,12.50
126.0000,126.00
184.0000,184.00
410.0000,410.00
208.0000,208.00
410.0000,410.00
305.0000,305.00
246.0000,246.00
25.0000,25.00
68.0000,68.00
197.5000,197.50
109.5000,109.50
33.5000,33.50
128.0000,128.00
190.0000,190.00
232.0000,232.00
11.0000,11.00
92.5000,92.50
260.0000,260.00
102.0000,102.00
125.0000,125.00
39.0000,39.00
122.0000,122.00
47.5000,47.50
156.0000,156.00
114.0000,114.00
234.5000,234.50
116.0000,116.00
395.0000,395.00
247.5000,247.50
380.0000,380.00
77.0000,77.00
104.0000,104.00
52.0000,52.00
175.0000,175.00
139.5000,139.50
167.5000,167.50
17.0000,17.00
56.0000,56.00
175.0000,175.00
25.0000,25.00
245.0000,245.00
213.5000,213.50
320.0000,320.00
115.0000,115.00
74.0000,74.00
301.5000,301.50
32.0000,32.00
88.0000,88.00
38.0000,38.00
45.0000,45.00
19.5000,19.50
210.0000,210.00
124.0000,124.00
410.0000,410.00
261.0000,261.00
55.5000,55.50
129.5000,129.50
152.0000,152.00
232.0000,232.00
219.0000,219.00
335.0000,335.00
410.0000,410.00
24.5000,24.50
134.0000,134.00
172.0000,172.00
193.5000,193.50
40.0000,40.00
120.0000,120.00
328.5000,328.50
85.5000,85.50
305.0000,305.00
148.0000,148.00
50.0000,50.00
6.5000,6.50
172.0000,172.00
196.0000,196.00
138.0000,138.00
205.0000,205.00
77.0000,77.00
96.0000,96.00
110.0000,110.00
230.0000,230.00
64.0000,64.00
120.0000,120.00
201.0000,201.00
287.0000,287.00
102.0000,102.00
234.0000,234.00
76.0000,76.00
119.0000,119.00
150.5000,150.50
40.0000,40.00
48.0000,48.00
185.0000,185.00
85.5000,85.50
66.5000,66.50
161.0000,161.00
160.0000,160.00
26.0000,26.00
180.0000,180.00
153.0000,153.00
64.0000,64.00
76.0000,76.00
138.0000,138.00
213.5000,213.50
47.5000,47.50
315.0000,315.00
134.0000,134.00
146.0000,146.00
70.0000,70.00
365.0000,365.00
77.0000,77.00
123.0000,123.00
234.0000,234.00
112.0000,112.00
16.0000,16.00
105.0000,105.00
280.0000,280.00
75.0000,75.00
27.5000,27.50
48.0000,48.00
305.0000,305.00
19.0000,19.00
171.5000,171.50
20.0000,20.00
56.0000,56.00
32.0000,32.00
61.0000,61.00
207.0000,207.00
246.0000,246.00
16.0000,16.00
74.0000,74.00
100.5000,100.50
58.0000,58.00
82.0000,82.00
76.0000,76.00
28.5000,28.50
96.0000,96.00
115.0000,115.00
287.0000,287.00
75.0000,75.00
136.0000,136.00
52.0000,52.00
62.0000,62.00
34.0000,34.00
365.0000,365.00
109.5000,109.50
275.0000,275.00
40.0000,40.00
44.0000,44.00
111.0000,111.00
112.0000,112.00
22.0000,22.00
234.5000,234.50
70.0000,70.00
98.0000,98.00
129.0000,129.00
147.0000,147.00
26.0000,26.00
280.0000,280.00
119.0000,119.00
215.0000,215.00
280.0000,280.00
55.5000,55.50
21.5000,21.50
139.5000,139.50
77.5000,77.50
118.5000,118.50
77.5000,77.50
196.0000,196.00
41.0000,41.00
62.0000,62.00
180.0000,180.00
78.0000,78.00
182.0000,182.00
92.0000,92.00
369.0000,369.00
280.0000,280.00
355.5000,355.50
193.5000,193.50
155.0000,155.00
20.0000,20.00
37.5000,37.50
70.0000,70.00
146.0000,146.00
153.0000,153.00
82.5000,82.50
92.0000,92.00
78.0000,78.00
220.0000,220.00
196.0000,196.00
45.5000,45.50
220.0000,220.00
30.5000,30.50
129.5000,129.50
38.0000,38.00
109.5000,109.50
78.0000,78.00
62.5000,62.50
82.5000,82.50
129.0000,129.00
35.0000,35.00
164.0000,164.00
23.0000,23.00
13.0000,13.00
35.0000,35.00
128.0000,128.00
268.0000,268.00
24.0000,24.00
167.5000,167.50
62.0000,62.00
68.0000,68.00
12.5000,12.50
171.5000,171.50
80.0000,80.00
220.0000,220.00
110.0000,110.00
246.0000,246.00
15.0000,15.00
6.5000,6.50
369.0000,369.00
290.0000,290.00
111.0000,111.00
190.0000,190.00
115.0000,115.00
255.5000,255.50
230.0000,230.00
148.0000,148.00
164.0000,164.00
57.0000,57.00
73.5000,73.50
24.5000,24.50
45.5000,45.50
197.5000,197.50
140.0000,140.00
60.0000,60.00
112.5000,112.50
70.0000,70.00
6.5000,6.50
66.0000,66.00
350.0000,350.00
33.5000,33.50
305.0000,305.00
87.5000,87.50
77.5000,77.50
8.0000,8.00
47.5000,47.50
22.0000,22.00
287.0000,287.00
32.0000,32.00
47.5000,47.50
24.5000,24.50
56.0000,56.00
100.5000,100.50
304.0000,304.00
10.0000,10.00
167.5000,167.50
39.5000,39.50
93.0000,93.00
100.0000,100.00
85.0000,85.00
78.0000,78.00
350.0000,350.00
230.0000,230.00
182.0000,182.00
52.0000,52.00
100.0000,100.00
19.5000,19.50
24.0000,24.00
197.5000,197.50
49.0000,49.00
140.0000,140.00
134.0000,134.00
136.0000,136.00
301.5000,301.50
87.5000,87.50
45.5000,45.50
134.0000,134.00
156.0000,156.00
219.0000,219.00
23.0000,23.00
166.5000,166.50
140.0000,140.00
268.0000,268.00
38.0000,38.00
85.5000,85.50
58.5000,58.50
70.0000,70.00
20.0000,20.00
140.0000,140.00
21.5000,21.50
28.0000,28.00
22.0000,22.00
193.5000,193.50
165.0000,165.00
395.0000,395.00
350.0000,350.00
35.0000,35.00
232.0000,232.00
244.0000,244.00
9.5000,9.50
335.0000,335.00
84.0000,84.00
91.5000,91.50
328.0000,328.00
380.0000,380.00
56.0000,56.00
9.5000,9.50
110.0000,110.00
85.5000,85.50
161.0000,161.00
98.0000,98.00
62.0000,62.00
47.5000,47.50
170.0000,170.00
64.5000,64.50
91.5000,91.50
134.0000,134.00
245.0000,245.00
301.5000,301.50
30.0000,30.00
31.0000,31.00
67.0000,67.00
122.0000,122.00
245.0000,245.00
55.5000,55.50
130.0000,130.00
102.0000,102.00
120.0000,120.00
174.0000,174.00
47.5000,47.50
175.0000,175.00
99.0000,99.00
137.5000,137.50
234.5000,234.50
110.0000,110.00
8.0000,8.00
232.0000,232.00
35.0000,35.00
108.5000,108.50
155.0000,155.00
230.0000,230.00
328.0000,328.00
260.0000,260.00
74.0000,74.00
72.0000,72.00
26.0000,26.00
274.5000,274.50
40.0000,40.00
208.0000,208.00
128.0000,128.00
122.5000,122.50
87.5000,87.50
55.5000,55.50
30.5000,30.50
37.0000,37.00
145.0000,145.00
32.0000,32.00
32.0000,32.00
55.0000,55.00
82.0000,82.00
52.0000,52.00
228.0000,228.00
246.0000,246.00
315.0000,315.00
365.0000,365.00
19.5000,19.50
147.0000,147.00
82.5000,82.50
115.0000,115.00
19.5000,19.50
95.0000,95.00
20.0000,20.00
26.0000,26.00
290.0000,290.00
136.0000,136.00
88.0000,88.00
140.0000,140.00
228.0000,228.00
140.0000,140.00
51.0000,51.00
19.0000,19.00
17.0000,17.00
50.0000,50.00
40.0000,40.00
72.0000,72.00
192.5000,192.50
182.0000,182.00
32.0000,32.00
19.5000,19.50
35.0000,35.00
60.0000,60.00
95.0000,95.00
328.0000,328.00
145.0000,145.00
102.0000,102.00
395.0000,395.00
24.0000,24.00
45.5000,45.50
13.0000,13.00
15.5000,15.50
80.0000,80.00
182.0000,182.00
55.0000,55.00
234.5000,234.50
119.0000,119.00
100.0000,100.00
52.0000,52.00
115.0000,115.00
146.0000,146.00
99.0000,99.00
33.0000,33.00
80.0000,80.00
350.0000,350.00
192.0000,192.00
316.0000,316.00
39.5000,39.50
40.0000,40.00
301.5000,301.50
234.0000,234.00
276.5000,276.50
82.0000,82.00
17.0000,17.00
9.5000,9.50
68.0000,68.00
52.0000,52.00
256.0000,256.00
245.0000,245.00
201.0000,201.00
207.0000,207.00
180.0000,180.00
201.0000,201.00
244.0000,244.00
255.5000,255.50
146.0000,146.00
15.5000,15.50
193.5000,193.50
40.0000,40.00
185.0000,185.00
205.0000,205.00
116.0000,116.00
29.0000,29.00
19.5000,19.50
31.0000,31.00
165.0000,165.00
102.0000,102.00
126.0000,126.00
182.5000,182.50
16.0000,16.00
102.0000,102.00
73.5000,73.50
301.5000,301.50
193.5000,193.50
137.5000,137.50
193.5000,193.50
14.0000,14.00
58.5000,58.50
58.5000,58.50
67.0000,67.00
196.0000,196.00
26.0000,26.00
350.0000,350.00
268.0000,268.00
67.0000,67.00
183.0000,183.00
128.0000,128.00
42.0000,42.00
19.5000,19.50
79.0000,79.00
64.5000,64.50
91.5000,91.50
49.0000,49.00
77.5000,77.50
165.0000,165.00
52.0000,52.00
266.0000,266.00
26.0000,26.00
183.0000,183.00
67.0000,67.00
276.5000,276.50
119.0000,119.00
355.5000,355.50
28.5000,28.50
126.0000,126.00
122.0000,122.00
91.5000,91.50
316.0000,316.00
246.0000,246.00
66.0000,66.00
136.0000,136.00
328.5000,328.50
335.0000,335.00
167.5000,167.50
55.5000,55.50
355.5000,355.50
256.0000,256.00
100.0000,100.00
31.0000,31.00
17.0000,17.00
342.0000,342.00
62.0000,62.00
91.5000,91.50
305.0000,305.00
50.0000,50.00
197.5000,197.50
66.0000,66.00
230.0000,230.00
64.0000,64.00
260.0000,260.00
193.5000,193.50
82.0000,82.00
200.0000,200.00
46.0000,46.00
213.5000,213.50
185.0000,185.00
230.0000,230.00
60.0000,60.00
410.0000,410.00
260.0000,260.00
175.0000,175.00
124.0000,124.00
55.0000,55.00
6.5000,6.50
82.0000,82.00
234.0000,234.00
301.5000,301.50
280.0000,280.00
14.0000,14.00
40.0000,40.00
410.0000,410.00
150.5000,150.50
145.0000,145.00
410.0000,410.00
48.0000,48.00
87.5000,87.50
99.0000,99.00
87.5000,87.50
92.0000,92.00
80.0000,80.00
62.5000,62.50
30.0000,30.00
247.5000,247.50
328.5000,328.50
152.5000,152.50
55.5000,55.50
160.0000,160.00
124.0000,124.00
76.0000,76.00
410.0000,410.00
184.0000,184.00
110.0000,110.00
110.0000,110.00
50.0000,50.00
52.0000,52.00
395.0000,395.00
260.0000,260.00
150.5000,150.50
80.0000,80.00
175.0000,175.00
61.0000,61.00
244.0000,244.00
203.0000,203.00
27.5000,27.50
128.0000,128.00
123.0000,123.00
64.0000,64.00
316.0000,316.00
136.0000,136.00
156.0000,156.00
130.0000,130.00
287.0000,287.00
155.0000,155.00
112.0000,112.00
224.0000,224.00
66.5000,66.50
140.0000,140.00
171.5000,171.50
126.0000,126.00
15.5000,15.50
88.0000,88.00
380.0000,380.00
40.0000,40.00
108.5000,108.50
148.0000,148.00
261.0000,261.00
192.5000,192.50
30.5000,30.50
220.5000,220.50
304.0000,304.00
87.0000,87.00
47.5000,47.50
190.0000,190.00
87.5000,87.50
31.0000,31.00
66.5000,66.50
87.0000,87.00
27.5000,27.50
80.0000,80.00
136.0000,136.00
110.0000,110.00
72.0000,72.00
50.0000,50.00
13.0000,13.00
55.0000,55.00
28.5000,28.50
78.0000,78.00
41.0000,41.00
122.5000,122.50
98.0000,98.00
136.0000,136.00
160.0000,160.00
122.5000,122.50
165.0000,165.00
215.0000,215.00
287.0000,287.00
290.0000,290.00
55.0000,55.00
146.0000,146.00
92.0000,92.00
220.0000,220.00
50.0000,50.00
197.5000,197.50
365.0000,365.00
210.0000,210.00
31.0000,31.00
60.0000,60.00
245.0000,245.00
100.5000,100.50
304.0000,304.00
92.0000,92.00
305.0000,305.00
52.0000,52.00
193.5000,193.50
39.5000,39.50
11.0000,11.00
14.0000,14.00
42.0000,42.00
28.5000,28.50
190.0000,190.00
32.0000,32.00
230.0000,230.00
38.0000,38.00
355.5000,355.50
55.0000,55.00
150.5000,150.50
66.5000,66.50
31.0000,31.00
24.0000,24.00
123.0000,123.00
70.0000,70.00
44.0000,44.00
105.0000,105.00
57.0000,57.00
82.5000,82.50
58.0000,58.00
35.0000,35.00
22.0000,22.00
107.5000,107.50
234.0000,234.00
58.0000,58.00
328.5000,328.50
46.5000,46.50
184.0000,184.00
85.5000,85.50
55.0000,55.00
247.5000,247.50
37.5000,37.50
184.0000,184.00
24.0000,24.00
80.0000,80.00
102.0000,102.00
192.5000,192.50
87.5000,87.50
172.0000,172.00
26.0000,26.00
92.0000,92.00
80.0000,80.00
79.0000,79.00
31.0000,31.00
13.0000,13.00
18.5000,18.50
45.5000,45.50
110.0000,110.00
228.0000,228.00
33.5000,33.50
39.5000,39.50
234.5000,234.50
39.5000,39.50
260.0000,260.00
328.5000,328.50
246.0000,246.00
19.5000,19.50
234.5000,234.50
215.0000,215.00
126.0000,126.00
247.5000,247.50
6.5000,6.50
22.0000,22.00
180.0000,180.00
11.0000,11.00
91.5000,91.50
80.0000,80.00
18.5000,18.50
22.0000,22.00
140.0000,140.00
183.0000,183.00
170.0000,170.00
122.0000,122.00
120.0000,120.00
32.0000,32.00
52.0000,52.00
219.0000,219.00
108.5000,108.50
92.0000,92.00
20.0000,20.00
232.0000,232.00
140.0000,140.00
64.0000,64.00
88.0000,88.00
46.5000,46.50
42.0000,42.00
245.0000,245.00
33.0000,33.00
93.0000,93.00
104.0000,104.00
77.5000,77.50
304.0000,304.00
15.5000,15.50
20.0000,20.00
128.0000,128.00
140.0000,140.00
41.0000,41.00
55.0000,55.00
105.0000,105.00
51.0000,51.00
64.0000,64.00
171.5000,171.50
146.0000,146.00
111.0000,111.00
79.0000,79.00
73.0000,73.00
335.0000,335.00
35.0000,35.00
213.5000,213.50
30.0000,30.00
140.0000,140.00
26.0000,26.00
190.0000,190.00
266.0000,266.00
50.0000,50.00
104.0000,104.00
92.5000,92.50
164.0000,164.00
137.5000,137.50
65.0000,65.00
130.0000,130.00
145.0000,145.00
85.0000,85.00
190.0000,190.00
171.5000,171.50
58.5000,58.50
73.5000,73.50
220.0000,220.00
17.0000,17.00
88.0000,88.00
200.0000,200.00
36.5000,36.50
108.5000,108.50
6.5000,6.50
110.0000,110.00
80.0000,80.00
134.0000,134.00
100.5000,100.50
19.5000,19.50
197.5000,197.50
268.0000,268.00
150.5000,150.50
44.0000,44.00
5.0000,5.00
167.5000,167.50
80.0000,80.00
40.0000,40.00
174.0000,174.00
62.5000,62.50
46.0000,46.00
120.0000,120.00
232.0000,232.00
15.5000,15.50
52.0000,52.00
48.0000,48.00
224.0000,224.00
24.0000,24.00
208.0000,208.00
92.0000,92.00
96.0000,96.00
20.0000,20.00
205.0000,205.00
160.0000,160.00
208.0000,208.00
100.5000,100.50
16.0000,16.00
268.0000,268.00
78.0000,78.00
105.0000,105.00
119.0000,119.00
234.5000,234.50
280.0000,280.00
165.0000,165.00
67.0000,67.00
134.0000,134.00
304.0000,304.00
80.0000,80.00
170.0000,170.00
76.0000,76.00
40.0000,40.00
58.5000,58.50
115.0000,115.00
91.5000,91.50
245.0000,245.00
40.0000,40.00
246.0000,246.00
288.0000,288.00
23.0000,23.00
152.0000,152.00
369.0000,369.00
70.0000,70.00
224.0000,224.00
78.0000,78.00
112.5000,112.50
119.0000,119.00
10.0000,10.00
268.0000,268.00
161.0000,161.00
145.0000,145.00
234.5000,234.50
39.0000,39.00
80.0000,80.00
244.0000,244.00
35.0000,35.00
110.0000,110.00
275.0000,275.00
158.0000,158.00
49.0000,49.00
129.0000,129.00
410.0000,410.00
112.5000,112.50
55.5000,55.50
288.0000,288.00
116.0000,116.00
130.0000,130.00
180.0000,180.00
88.0000,88.00
49.0000,49.00
215.0000,215.00
104.0000,104.00
185.0000,185.00
46.0000,46.00
410.0000,410.00
146.0000,146.00
280.0000,280.00
172.0000,172.00
58.0000,58.00
58.0000,58.00
32.5000,32.50
20.0000,20.00
40.0000,40.00
76.0000,76.00
45.0000,45.00
152.0000,152.00
58.5000,58.50
140.0000,140.00
84.0000,84.00
51.0000,51.00
